# https://github.com/mikedh/trimesh
v 0.70732206 0.20676979 -5.60794020
v -0.54107994 0.07861459 -5.11933088
v -0.04626977 -0.07725343 -5.38233805
v 0.48706344 0.15580860 -5.47937393
v 0.64578938 0.26849511 -5.54466200
v -0.52101141 -0.32421067 -5.17680645
v -0.26046997 -0.10349664 -5.28582811
v 0.26710099 -0.00851503 -5.47571278
v -0.23030037 -0.11458316 -5.29191780
v 0.69803673 0.01654521 -5.62997341
v 0.68105775 -0.07742897 -5.63643551
v -0.62564403 -0.39326021 -5.13391066
v -0.67257613 -0.30917290 -5.10933208
v -0.40315872 -0.23987451 -5.22706652
v -0.60305887 -0.42125383 -5.14788389
v -0.67466611 -0.22051314 -5.10159111
v -0.24953431 -0.10500869 -5.28590012
v 0.42826617 0.02044690 -5.48302078
v -0.28861755 0.41625556 -5.22880507
v -0.16688877 0.44885123 -5.27978802
v -0.41945809 0.31586921 -5.16156912
v -0.20665795 -0.16061559 -5.30678511
v -0.37301022 -0.20114633 -5.23782539
v 0.15831125 0.46739495 -5.38910341
v 0.63170815 -0.10124895 -5.57833958
v 0.66861206 -0.16044828 -5.64149904
v -0.58545417 -0.39024219 -5.15266228
v -0.67395073 -0.33030000 -5.11037159
v 0.66091138 -0.17570570 -5.63526583
v -0.62883431 -0.39230254 -5.13240051
v -0.67274052 -0.08139160 -5.09059954
v -0.46549624 -0.29140654 -5.20116615
v -0.67173296 -0.29355386 -5.10848951
v 0.13564140 -0.05179250 -5.39772654
v 0.06922048 -0.07363525 -5.35114479
v 0.07123113 0.44250846 -5.29862928
v -0.06550854 0.44332704 -5.24949408
v -0.11085230 0.46433473 -5.30364847
v 0.02705836 -0.02876815 -5.23029232
v 0.03397632 0.01030257 -5.19473886
v 0.08805615 -0.00687742 -5.21143532
v 0.07910830 -0.04092321 -5.25746012
v 0.15976608 -0.01059926 -5.29090977
v 0.15681374 -0.02934131 -5.34402895
v 0.08775848 -0.05662057 -5.30318832
v 0.10436118 0.33943856 -5.20822430
v 0.00361717 0.34507325 -5.16817236
v -0.05279553 0.40072459 -5.19886303
v 0.09127980 0.39858711 -5.24761295
v 0.56334579 0.31295860 -5.34607029
v 0.54181141 0.36149031 -5.33186722
v 0.55696934 0.38546884 -5.38115501
v 0.56825185 0.35191897 -5.41716862
v -0.13013011 -0.09633866 -5.29511976
v -0.09177774 -0.06356314 -5.29568052
v 0.37874788 0.48467869 -5.43544960
v 0.40059751 0.45191467 -5.38374710
v 0.33450824 0.46613681 -5.37206459
v -0.21844214 0.22585781 -5.07722044
v -0.19922620 0.17827570 -5.07433462
v -0.30883425 0.22635584 -5.06988144
v -0.29864329 0.25413296 -5.07811785
v 0.33602089 0.43279994 -5.31409216
v 0.39704090 0.42131284 -5.33669043
v 0.38543969 0.39591485 -5.29500341
v 0.33559293 0.39850375 -5.26710749
v -0.39424664 0.29056802 -5.11859465
v -0.34900123 0.27533597 -5.09031534
v -0.38032883 0.25241005 -5.09594727
v -0.42292434 0.26165238 -5.12071562
v -0.10904127 -0.06485417 -5.21146345
v -0.09478718 -0.08381733 -5.21438694
v -0.12650388 -0.07828370 -5.23846197
v -0.13361555 -0.05800876 -5.23253155
v -0.14174229 -0.07831082 -5.27893305
v -0.12998229 -0.08997837 -5.28700829
v -0.11743850 -0.08989230 -5.28729343
v -0.05114102 -0.03460208 -5.30186033
v -0.06803387 -0.06469217 -5.29295158
v -0.03961998 -0.05353937 -5.28836536
v -0.04014462 -0.01751301 -5.27007627
v -0.02672547 -0.07613161 -5.22006845
v -0.03953427 -0.09217712 -5.22083473
v -0.05484694 -0.05168331 -5.18814945
v -0.02904648 -0.03748047 -5.19851112
v 0.30647177 0.00218540 -5.24193335
v 0.34167755 -0.04217067 -5.22775745
v 0.31884813 -0.05266222 -5.25518799
v 0.28903961 -0.01574519 -5.27844286
v 0.31135815 -0.01908705 -5.39257860
v 0.31701392 -0.07372913 -5.33261728
v 0.37105715 -0.07353708 -5.35486412
v 0.39865470 -0.01262793 -5.42120314
v 0.47432882 -0.24342701 -5.15727901
v 0.49652183 -0.24367568 -5.17455387
v 0.49136269 -0.29546192 -5.15605545
v 0.46927890 -0.29694971 -5.13408375
v 0.41599184 -0.11932978 -5.19684219
v 0.45042923 -0.11658040 -5.18194389
v 0.44114557 -0.13883737 -5.18485975
v 0.41985267 -0.15164354 -5.20316887
v 0.41792160 -0.13328466 -5.24692011
v 0.42685241 -0.17240241 -5.23152065
v 0.44739991 -0.16818944 -5.26637030
v 0.45762670 -0.13858637 -5.28212023
v 0.53721291 -0.14518580 -5.28098774
v 0.53503484 -0.16365525 -5.27276611
v 0.55851310 -0.16027901 -5.26220226
v 0.56098855 -0.13663772 -5.27135611
v -0.16601235 -0.07498524 -5.29807043
v -0.18158907 -0.06800324 -5.27774000
v -0.16497809 -0.04503372 -5.24601460
v -0.14154249 -0.05091134 -5.24897718
v -0.39832360 0.16258454 -5.08400726
v -0.31721026 0.14656162 -5.07791710
v -0.37034422 0.11548701 -5.08146048
v -0.44036371 0.12737143 -5.08663082
v -0.45812017 0.18924342 -5.10751629
v -0.48399776 0.14156505 -5.09835005
v -0.50696653 0.15900835 -5.13088989
v -0.48070008 0.19822833 -5.14092875
v -0.23041469 -0.06436494 -5.26530838
v -0.25208563 -0.08169112 -5.26237345
v -0.25911075 -0.01975766 -5.23253489
v -0.22495490 -0.02033094 -5.24386692
v -0.27873403 0.02865231 -5.16843987
v -0.27550370 0.00330651 -5.19740582
v -0.31897444 -0.03514907 -5.18231678
v -0.33436507 -0.02231249 -5.15277815
v -0.47840720 0.06812698 -5.08483839
v -0.42235082 0.05486459 -5.08120871
v -0.46083480 -0.01890019 -5.07596064
v -0.50597686 0.01134548 -5.08555460
v -0.54213887 0.01587647 -5.09632826
v -0.51720208 0.08010653 -5.09853363
v -0.15478331 0.28928572 -5.11903477
v -0.12985533 0.22459966 -5.10358572
v -0.17133754 0.22913545 -5.10331202
v -0.21019524 0.29036301 -5.10662508
v 0.26130134 0.00499669 -5.36126518
v 0.26655740 0.01469171 -5.30419111
v 0.28394049 0.00855553 -5.28578854
v 0.26700872 -0.00110739 -5.39302635
v -0.24833494 0.39256692 -5.17851734
v -0.19445509 0.36116681 -5.14919662
v -0.28063554 0.34189594 -5.12107134
v -0.32678729 0.36859971 -5.15611124
v -0.54085475 -0.00362736 -4.89159393
v -0.51453573 -0.01512560 -4.88449764
v -0.53349870 -0.01473570 -4.87230301
v -0.55175644 -0.00802487 -4.87997293
v -0.62299258 -0.04394895 -5.04275560
v -0.65965992 -0.04625446 -5.06278658
v -0.63447636 -0.02785024 -5.05964279
v -0.58592254 -0.03086427 -5.04685497
v -0.44907123 -0.27957407 -5.17275429
v -0.45525426 -0.27803364 -5.14261961
v -0.42603952 -0.25844935 -5.16588497
v -0.42584628 -0.26807699 -5.19378519
v -0.42244941 -0.24735937 -5.12846899
v -0.41802412 -0.24630108 -5.14647055
v -0.44811350 -0.27225116 -5.13988686
v -0.45549053 -0.27527282 -5.12788820
v -0.67647594 -0.19432238 -5.09878826
v -0.67012292 -0.18704173 -5.07923126
v -0.66896695 -0.21308693 -5.08608818
v 0.20284367 0.26220411 -5.21290541
v 0.11469448 0.27420396 -5.17639399
v 0.19871140 0.33053464 -5.23630667
v -0.54403299 -0.38551548 -5.09456491
v -0.53764039 -0.38324973 -5.10484743
v -0.55330545 -0.39767990 -5.10011435
v -0.55995828 -0.40024737 -5.09139776
v 0.53079480 0.13049868 -5.33642244
v 0.52260655 0.14846405 -5.41758060
v 0.51753598 0.09433907 -5.41790342
v 0.51437187 0.08230808 -5.32036829
v 0.55830544 0.23916109 -5.33823252
v 0.54569817 0.18049639 -5.33059549
v 0.50450778 0.19373229 -5.27685642
v 0.51283371 0.26280388 -5.28356981
v -0.09031039 -0.06524089 -5.19444942
v -0.12247926 -0.05095956 -5.20001173
v -0.09396535 -0.03797525 -5.17820597
v -0.25563878 0.08424765 -5.11594725
v -0.30078560 0.10412407 -5.09537411
v -0.24318773 0.11952150 -5.08793163
v -0.22301108 0.07729474 -5.11305141
v -0.36540788 0.05162540 -5.08894634
v -0.32654625 0.05956247 -5.11102533
v -0.36753982 -0.02163461 -5.10458088
v -0.40780264 -0.01820192 -5.08685350
v 0.31512201 0.29861510 -5.23697186
v 0.28138107 0.25501576 -5.24302673
v 0.28816229 0.32552180 -5.23471928
v 0.31998891 0.35795599 -5.24834442
v -0.02567559 0.00288972 -5.21026087
v -0.05378979 0.03720894 -5.17008686
v -0.05050737 0.04844663 -5.17937803
v -0.03441185 0.01751620 -5.21926689
v -0.48004371 -0.08046940 -4.95091963
v -0.49582821 -0.04377177 -4.88932848
v -0.48761600 -0.03493953 -4.89597797
v -0.46900910 -0.05873635 -4.94123459
v -0.43981868 -0.20456108 -5.09328985
v -0.47062474 -0.19210926 -5.07746363
v -0.45468289 -0.17174855 -5.08196783
v -0.42736441 -0.18403593 -5.09639168
v 0.46003890 0.05182770 -5.44453716
v 0.46500021 0.08521789 -5.48997784
v -0.45773846 0.23700058 -5.14874697
v -0.44078809 0.27297947 -5.15390968
v -0.43724626 0.22918367 -5.11575317
v -0.35915917 0.37219387 -5.19221735
v -0.35862845 0.34416571 -5.14170599
v 0.45463592 0.45377868 -5.41724825
v 0.43903887 0.47497097 -5.45375633
v 0.51089233 0.42957053 -5.41011572
v 0.42749709 -0.03151298 -5.35450649
v 0.48419237 0.00184876 -5.35539246
v 0.48423439 -0.14724842 -5.17646790
v 0.49330926 -0.11295918 -5.18927717
v 0.49637944 -0.16224781 -5.27902031
v 0.49969006 -0.13445339 -5.28328276
v 0.37382609 0.35615531 -5.25641394
v 0.44254601 0.39298713 -5.30544090
v 0.44107366 0.34190923 -5.26559544
v 0.34659600 -0.01009277 -5.48003626
v 0.18899029 0.13077343 -5.19853544
v 0.11586994 0.11101303 -5.15989685
v 0.12062746 0.19043824 -5.15782309
v 0.19608104 0.19773521 -5.19763470
v -0.15256709 -0.01513669 -5.16647911
v -0.16038185 0.04464027 -5.12509108
v -0.12301105 0.05371663 -5.12354088
v -0.09247988 0.01095471 -5.14584637
v -0.28500885 0.06243920 -5.13897991
v -0.24910051 0.04733172 -5.13738680
v -0.22843951 0.01083955 -5.16162682
v -0.34028393 -0.02052316 -5.12961102
v -0.13317591 0.14722392 -5.10785675
v -0.12216371 0.16052642 -5.10701036
v -0.06535083 0.09580728 -5.13969469
v -0.06675881 0.08126190 -5.14670324
v 0.29925156 0.12051985 -5.23326778
v 0.29821509 0.20903566 -5.23558998
v 0.36504817 0.18962398 -5.21537113
v 0.36533076 0.10935932 -5.21071053
v -0.45365113 -0.26199940 -5.11433220
v -0.43512481 -0.23544571 -5.10564899
v -0.51325017 -0.32162622 -5.13327837
v -0.53969544 -0.34839943 -5.12440300
v -0.53693956 -0.34534875 -5.11319876
v -0.51057845 -0.32162562 -5.12355661
v -0.53000253 -0.25930968 -5.07871437
v -0.53695661 -0.28690729 -5.08600140
v -0.55293244 -0.26912913 -5.07648230
v -0.54518992 -0.24019799 -5.06822443
v -0.50274485 -0.32342151 -5.12224197
v -0.50674349 -0.32287249 -5.13154888
v -0.41634768 -0.23181131 -5.15676689
v -0.42705566 -0.24957326 -5.14462662
v -0.53794628 -0.34387764 -5.13994598
v -0.55851609 -0.36293927 -5.13370895
v 0.43004471 -0.22139457 -5.20933199
v 0.43109244 -0.20151427 -5.19178104
v 0.42315555 -0.26189122 -5.16648483
v 0.42325252 -0.26440838 -5.18843269
v 0.43577474 -0.26728681 -5.20750141
v 0.40434009 -0.31017354 -5.17103004
v 0.42400867 -0.31629357 -5.19636250
v 0.44668624 -0.25408360 -5.15206528
v 0.45219842 -0.18571576 -5.17523289
v 0.48466897 -0.19505391 -5.17105293
v 0.48096240 -0.30662021 -5.20529079
v 0.50436318 -0.24608329 -5.22586203
v 0.46632627 -0.25812432 -5.22419786
v 0.45060375 -0.30345067 -5.20861292
v 0.35480410 -0.11033079 -5.28691721
v 0.35154712 -0.06801552 -5.24305773
v 0.37715703 -0.09139934 -5.23677444
v 0.38009584 -0.09329525 -5.25928879
v 0.40372306 -0.09383610 -5.28378344
v 0.40634286 -0.10931340 -5.25656223
v 0.42830896 -0.11093327 -5.28749943
v 0.42262620 -0.04388592 -5.18466616
v 0.45592588 -0.07131556 -5.18007088
v 0.40486538 -0.08596155 -5.19572926
v 0.37652057 -0.05740526 -5.20842648
v 0.49360454 -0.07952330 -5.28577089
v 0.44561845 -0.09292641 -5.29679918
v 0.46708179 -0.11225978 -5.29434967
v 0.51049793 -0.11036715 -5.28603029
v -0.00045449 -0.36792371 -5.37424803
v -0.00596291 -0.36253181 -5.38894176
v 0.00061256 -0.38934806 -5.39190149
v 0.00681609 -0.39102665 -5.37662268
v -0.04309314 -0.28845087 -5.38626480
v -0.03625852 -0.32629725 -5.40047598
v -0.02220196 -0.31599894 -5.38784266
v -0.03056675 -0.27295020 -5.37782192
v -0.01447576 -0.42436358 -5.34221745
v -0.02622098 -0.42144135 -5.32902908
v -0.02277595 -0.38361254 -5.33901072
v -0.00965631 -0.41501489 -5.35234356
v -0.03719211 -0.25142041 -5.30857992
v -0.05208045 -0.24965242 -5.30007315
v -0.04760891 -0.22026590 -5.28552103
v -0.03268778 -0.22164491 -5.29636669
v -0.11916596 -0.10820726 -5.24575043
v -0.12275130 -0.14488479 -5.27121258
v -0.12906402 -0.12953261 -5.29010773
v -0.13888592 -0.10916141 -5.27030563
v -0.08242708 -0.19995263 -5.37686634
v -0.07620364 -0.17073730 -5.37311983
v -0.09794289 -0.17415485 -5.36435747
v -0.10208505 -0.20629314 -5.36572123
v -0.00415564 -0.13814160 -5.31042671
v -0.00125176 -0.09629992 -5.28687763
v -0.00594348 -0.10507777 -5.30582619
v -0.00765389 -0.13470039 -5.32822323
v -0.06934220 -0.21449068 -5.27907991
v -0.09499532 -0.20731494 -5.28052282
v -0.08813471 -0.18437913 -5.26750326
v -0.06274825 -0.19529030 -5.27078104
v -0.07046455 -0.06124440 -5.31367540
v -0.12665945 -0.06429023 -5.33877754
v -0.06999403 -0.03401920 -5.27591515
v -0.14118999 0.42773032 -5.22803307
v -0.02008957 0.06228846 -5.15068960
v -0.00098866 0.02186489 -5.18723965
v -0.03190047 0.02532521 -5.19434452
v -0.04960901 0.05706367 -5.16233110
v -0.04270184 -0.04000604 -5.25815916
v -0.05202717 -0.01974577 -5.23993111
v -0.01886159 0.00616878 -5.21648073
v -0.00215721 -0.00951478 -5.22133207
v -0.11094958 0.38746795 -5.18226337
v -0.04919875 0.25139809 -5.12011433
v -0.07488972 0.33510888 -5.14964247
v -0.01257807 0.12773615 -5.12770557
v -0.08200711 0.11053029 -5.12193823
v -0.08076090 0.17985445 -5.11019611
v -0.01466447 0.18590720 -5.11847496
v -0.00299942 -0.08065286 -5.34961891
v 0.01153582 -0.06603023 -5.28672123
v 0.16434431 0.43812642 -5.32728100
v 0.18262154 0.39821309 -5.26888752
v 0.46149647 0.42339197 -5.36475992
v -0.31064421 0.18240005 -5.07131481
v -0.39708942 0.21276660 -5.09477520
v -0.13903874 -0.08422443 -5.26805115
v -0.14497286 -0.06331187 -5.28329372
v -0.01431924 -0.06068608 -5.27607203
v -0.00255156 -0.05705959 -5.25402689
v -0.01627493 -0.01946455 -5.23437405
v -0.02690881 -0.00815403 -5.26410341
v -0.09252125 -0.43964913 -5.33067989
v -0.08576638 -0.43535140 -5.32559013
v -0.08466846 -0.46343789 -5.32272243
v -0.09346586 -0.46835938 -5.32700729
v -0.15010351 -0.04012188 -5.20011282
v -0.31381029 -0.06587839 -5.21295643
v 0.27093858 0.04258171 -5.29216719
v 0.29249257 0.02812070 -5.26814318
v -0.24707419 0.29151738 -5.09573603
v -0.31664664 0.31619364 -5.10411215
v -0.55926961 -0.00497001 -4.90690088
v -0.56758481 -0.01189461 -4.89839172
v 0.50196135 0.36943835 -5.30958891
v 0.51717860 0.40160125 -5.34626532
v -0.51694447 -0.32312045 -5.14932394
v -0.54207259 -0.35078713 -5.14240932
v -0.41064864 -0.21180311 -5.17930794
v -0.47454709 -0.18432358 -5.13618469
v -0.47492808 -0.21329418 -5.10995054
v -0.55185980 -0.36074612 -5.11657143
v -0.53044254 -0.34075877 -5.12263966
v 0.45748830 -0.40305725 -5.17488098
v 0.46752614 -0.40079537 -5.16938496
v 0.44944072 -0.10622904 -5.18430614
v 0.41105425 -0.11718544 -5.21556139
v 0.55132437 -0.11340836 -5.27192736
v 0.52814376 -0.12838820 -5.28711700
v -0.11482054 -0.22276065 -5.30868959
v -0.11613637 -0.23088399 -5.33372307
v -0.12514502 -0.18913081 -5.31662560
v -0.11564571 -0.20051911 -5.29377842
v -0.03063256 -0.20906541 -5.37080812
v -0.03757650 -0.23755714 -5.37553263
v -0.02109283 -0.24124804 -5.35958004
v -0.01527649 -0.20769927 -5.35247612
v -0.11668104 -0.17603102 -5.28110170
v -0.02008945 -0.17955729 -5.36027384
v -0.00771600 -0.17447826 -5.33844519
v -0.14206892 -0.11441490 -5.32976723
v -0.21986705 0.14374658 -5.07804298
v -0.13433379 0.13854274 -5.09808588
v -0.19994658 0.23103981 -5.09071541
v -0.13726979 0.15012082 -5.09871149
v -0.28546590 0.28073031 -5.08577871
v -0.33589178 0.29756361 -5.09736347
v -0.08502752 -0.08061567 -5.29792833
v -0.13188773 -0.10917714 -5.29349422
v -0.06526822 -0.08620289 -5.20977974
v -0.01700372 -0.11362723 -5.25797224
v -0.01332563 -0.07407519 -5.24012709
v -0.00657529 -0.11491439 -5.27958012
v -0.11135417 -0.44842497 -5.39019632
v -0.11138397 -0.42678836 -5.38371801
v -0.11521441 -0.43874863 -5.37701941
v -0.11671931 -0.46086189 -5.38480997
v -0.05524975 -0.38252148 -5.32823896
v -0.04594475 -0.37820223 -5.32857418
v -0.04983264 -0.39655927 -5.32441854
v -0.05777943 -0.40524605 -5.32351255
v -0.04181427 -0.01413319 -5.17699623
v -0.02488559 -0.00362009 -5.18971395
v -0.01495904 -0.02775705 -5.21259451
v -0.37224549 0.31736347 -5.12449169
v -0.06173640 0.02742180 -5.14847374
v -0.08842653 0.07429269 -5.12139034
v -0.08136743 0.08676955 -5.12834311
v -0.05382723 0.03490171 -5.15658569
v -0.18601102 0.08617178 -5.10448551
v -0.19950885 0.03370649 -5.13433409
v -0.07505590 -0.24145147 -5.37912083
v -0.05199963 -0.25109747 -5.38144350
v -0.05744994 -0.20903340 -5.38046122
v -0.01166648 -0.37556180 -5.35015678
v -0.00208145 -0.39758143 -5.35769987
v -0.07283586 -0.24391630 -5.29437876
v -0.09576970 -0.23599723 -5.29555416
v -0.03293252 -0.28816125 -5.32329941
v -0.02552712 -0.28352311 -5.33079100
v -0.01607484 -0.33464149 -5.35277462
v -0.02400625 -0.34338889 -5.34114170
v -0.11857003 -0.16763791 -5.34031963
v -0.12665683 -0.15873107 -5.30535603
v -0.11802465 -0.20109013 -5.34625530
v -0.08241969 -0.11267415 -5.32804203
v -0.07156914 -0.14211246 -5.35375023
v -0.05119479 -0.13298008 -5.34690380
v -0.05204433 -0.10123995 -5.32589102
v -0.02672088 -0.19298992 -5.28498268
v -0.01302630 -0.18942252 -5.30208397
v -0.02074432 -0.22214928 -5.31189489
v -0.09939533 -0.14949539 -5.25429583
v -0.09072608 -0.11063752 -5.22808313
v -0.06218332 -0.12429956 -5.23513556
v -0.06561047 -0.16542825 -5.25724459
v 0.54431850 0.41658738 -5.43798971
v 0.53752983 0.44777760 -5.48574877
v 0.55625671 0.39641875 -5.44845629
v 0.57228285 0.34348112 -5.44965792
v 0.56971663 0.28051016 -5.40866995
v 0.60219395 0.37466356 -5.47536373
v 0.60344142 0.36547613 -5.46611547
v 0.57253641 0.36827907 -5.44902134
v 0.57516801 0.39050522 -5.46083736
v 0.69728625 0.28793362 -5.56373835
v 0.69083834 0.26770446 -5.54727793
v 0.65976346 0.33362684 -5.51314974
v 0.66098881 0.35869250 -5.52439642
v 0.71618247 0.19140974 -5.59166336
v 0.70680213 0.18013451 -5.57136869
v 0.71073675 0.10890833 -5.59450626
v 0.70161116 0.09371099 -5.57665730
v 0.70589346 0.04036525 -5.60424185
v 0.69735718 0.02077726 -5.58253384
v 0.70216477 -0.02694258 -5.61133051
v 0.69703096 -0.03843728 -5.58386087
v 0.69449592 -0.07832786 -5.61274338
v 0.68723452 -0.09167793 -5.58255625
v 0.67794847 -0.15800187 -5.62735271
v 0.66817617 -0.16759691 -5.61024570
v -0.01223093 -0.21287611 -5.32983351
v -0.00623041 -0.17693153 -5.31614685
v -0.04364258 -0.19413921 -5.27445126
v -0.04635924 -0.16744468 -5.37055302
v -0.09913689 -0.14178339 -5.34383154
v -0.12066191 -0.13482735 -5.31900358
v -0.04173446 -0.16118148 -5.26180840
v -0.02330983 -0.15706709 -5.27461576
v -0.02215648 -0.14040992 -5.34743118
v -0.01060694 -0.15010461 -5.29260445
v -0.54641992 -0.02576229 -5.06170940
v -0.51927406 -0.03783223 -5.06938791
v -0.51692730 -0.04294354 -5.05151367
v -0.53430754 -0.03118324 -5.05006123
v -0.55333632 -0.03737620 -5.04478693
v -0.57523233 -0.06181803 -5.03397751
v -0.49909502 -0.03007513 -5.01705456
v -0.48311216 -0.06589398 -5.04339600
v -0.47583073 -0.05195454 -5.00344515
v -0.53099436 -0.02697161 -5.02383137
v -0.54945308 -0.04350364 -5.03434181
v -0.55191141 -0.06096864 -5.02841759
v -0.54253906 -0.07756343 -5.02991533
v -0.54367560 -0.07438400 -5.02351618
v -0.53509980 -0.07077459 -5.01307392
v -0.52826399 -0.06076509 -5.03045559
v -0.50001878 -0.06375891 -5.03010845
v -0.50918299 -0.07026908 -5.00903368
v -0.48172456 -0.07776728 -5.00083494
v -0.48250943 -0.09345165 -5.03269005
v -0.46190494 -0.10594401 -5.04969072
v -0.47456497 -0.11678699 -5.02022696
v -0.47773808 -0.10560545 -5.01569510
v -0.50092798 -0.01400203 -4.96165800
v -0.47990376 -0.02588436 -4.92530727
v -0.53709096 -0.01481381 -4.98107672
v -0.54901367 -0.03868249 -5.00833464
v -0.55279905 -0.05311275 -5.00356722
v -0.54576343 -0.06578299 -4.99967718
v -0.54235464 -0.06258306 -4.97776031
v -0.51899451 -0.06089184 -4.97082233
v -0.49528962 -0.06283692 -4.94026327
v -0.49061948 -0.09289572 -4.99974251
v -0.49908382 -0.01781473 -4.90425825
v -0.52524906 -0.00383699 -4.91649532
v -0.55297333 -0.01003626 -4.94020081
v -0.56038362 -0.02547452 -4.97110176
v -0.56510574 -0.03756246 -4.97263575
v -0.55934006 -0.05251288 -4.97027731
v -0.56718212 -0.04057688 -4.94232082
v -0.56477088 -0.03298032 -4.91835690
v -0.55393440 -0.04350579 -4.94124937
v -0.54091555 -0.10077980 -5.02964735
v -0.53167051 -0.09422043 -5.02697659
v -0.51158065 -0.10583332 -5.02563667
v -0.51822978 -0.11401817 -5.03218794
v -0.46401447 -0.13757029 -5.07351208
v -0.49951297 -0.12285301 -5.04026270
v -0.48939782 -0.11319187 -5.03495121
v -0.46241230 -0.12132242 -5.05932331
v -0.47040635 -0.12051502 -5.02816820
v -0.46794373 -0.12120131 -5.03265810
v -0.47367412 -0.11778572 -5.01994991
v -0.48565382 -0.09485832 -4.99820137
v -0.48419410 -0.08268932 -4.94542313
v -0.49883586 -0.05139074 -4.89292097
v -0.53201276 -0.02751151 -4.87502193
v -0.55270225 -0.01810977 -4.87842941
v -0.56891876 -0.02353439 -4.90088272
v -0.57306391 -0.03339005 -4.93018627
v -0.56765169 -0.04617444 -4.96649647
v -0.57679039 -0.02351630 -4.93182564
v -0.54965228 -0.06899601 -5.02404308
v -0.55244225 -0.08020034 -5.03196955
v -0.48462206 -0.10347769 -5.01978064
v -0.47994500 -0.09325060 -4.99963665
v -0.48059887 -0.07799545 -4.94818211
v -0.49478990 -0.05602619 -4.90410376
v -0.52510267 -0.03870612 -4.88928127
v -0.54888183 -0.02998516 -4.89599562
v 0.46008080 -0.33837995 -5.10959053
v 0.49148238 -0.34036621 -5.13254309
v 0.48036081 -0.36138734 -5.11747265
v 0.43975627 -0.37435624 -5.08088350
v 0.45307574 -0.36953595 -5.09015274
v 0.45076096 -0.39894828 -5.07662725
v 0.43861252 -0.40313962 -5.06837273
v 0.41228807 -0.34337142 -5.11036682
v 0.39236253 -0.36348656 -5.09352589
v 0.37854010 -0.37063447 -5.10180235
v 0.39402741 -0.35402581 -5.11863232
v 0.36210865 -0.38191184 -5.13428688
v 0.37794632 -0.36894295 -5.15131235
v 0.38264006 -0.35986570 -5.13659668
v 0.36303914 -0.38216236 -5.11941671
v 0.39830345 -0.38145962 -5.17939949
v 0.37668198 -0.39562097 -5.16644144
v 0.38943189 -0.40794924 -5.17294168
v 0.40400463 -0.40222862 -5.18019295
v 0.44130811 -0.30761680 -5.12059784
v 0.40241367 -0.31405595 -5.14120102
v 0.22042030 -0.02305296 -5.40184593
v 0.21597236 -0.03051046 -5.46554899
v 0.24176508 0.03502670 -5.30889273
v 0.16905713 0.02406979 -5.24628115
v 0.22918981 0.06097990 -5.27782536
v 0.04027724 0.05727959 -5.16183472
v 0.23787636 0.00018609 -5.34024048
v 0.02678442 0.28014430 -5.14214134
v 0.24967504 0.21684384 -5.23790789
v 0.25171095 0.28713673 -5.23204613
v 0.04967862 0.12391782 -5.13905048
v 0.04694653 0.19116470 -5.13200521
v 0.24338621 0.10025936 -5.25756884
v 0.17867291 0.06834418 -5.21678925
v 0.24925441 0.15463838 -5.24563980
v 0.24865299 0.36485392 -5.23741341
v 0.23590505 0.41910303 -5.27435732
v -0.50436527 -0.27020076 -5.09114027
v -0.52014619 -0.30052778 -5.09674692
v -0.45953339 -0.22300395 -5.08880329
v -0.46945959 -0.25140718 -5.09595156
v -0.48944885 -0.23850229 -5.08177280
v -0.49004036 -0.21017042 -5.07412910
v -0.54525214 -0.20769551 -5.05060482
v -0.51772231 -0.23083749 -5.07103872
v -0.50069970 -0.17731896 -5.06164980
v -0.52848417 -0.16398254 -5.04152584
v -0.51072484 -0.14424041 -5.05065298
v -0.48239595 -0.15829578 -5.07005644
v -0.01897275 -0.45177987 -5.33341789
v -0.02926975 -0.45656547 -5.32575989
v -0.03810596 -0.43321171 -5.32247114
v -0.11696321 -0.46347973 -5.36913681
v -0.11941546 -0.46819475 -5.36373425
v -0.11676389 -0.48668799 -5.37382603
v -0.11088604 -0.48484758 -5.38147354
v -0.09595221 -0.48701289 -5.35276794
v -0.10182506 -0.48801979 -5.35099649
v -0.10548335 -0.46209803 -5.34740496
v -0.10131282 -0.46900693 -5.34571075
v -0.10405499 -0.43366459 -5.34610081
v -0.09913045 -0.44576797 -5.34599638
v -0.06911391 -0.46489075 -5.31888294
v -0.07854503 -0.45947316 -5.32130957
v -0.07890826 -0.43601647 -5.32207155
v -0.06901950 -0.44072077 -5.32134438
v -0.07423979 -0.39091459 -5.33148050
v -0.08195835 -0.38995376 -5.33582449
v -0.09891349 -0.46561530 -5.34070683
v -0.09930545 -0.47284678 -5.33299446
v -0.09354931 -0.49160066 -5.34096718
v -0.09300238 -0.48794118 -5.34886837
v -0.07023293 -0.48702338 -5.32147694
v -0.05953032 -0.48769000 -5.32459402
v -0.11686414 -0.45662561 -5.37679482
v -0.11445075 -0.43463257 -5.37137079
v -0.11415941 -0.44487396 -5.37040710
v -0.11793619 -0.46672943 -5.37753725
v -0.11385232 -0.47938898 -5.38796949
v -0.10873038 -0.48302701 -5.38898325
v -0.06450599 -0.45837489 -5.31857443
v -0.06297690 -0.46217492 -5.31677723
v -0.05471295 -0.47933629 -5.31894779
v -0.05160904 -0.48365286 -5.32426262
v -0.57702798 -0.20802584 -5.04393435
v -0.57873768 -0.19748166 -5.03546095
v -0.57516938 -0.19928458 -5.03634882
v -0.57126254 -0.21652058 -5.04987383
v -0.59854680 -0.17712656 -5.01521540
v -0.58096677 -0.18352410 -5.02406025
v -0.58495647 -0.18840954 -5.02670288
v -0.59516221 -0.18380210 -5.02112865
v -0.57841545 -0.22206154 -5.05564356
v -0.57095534 -0.23574230 -5.06440592
v -0.57962662 -0.24332789 -5.06858253
v -0.58420092 -0.22737733 -5.06037378
v -0.63713771 -0.20511690 -5.04941177
v -0.63811272 -0.21249726 -5.05659008
v -0.64626104 -0.21049193 -5.06177711
v -0.64786154 -0.19548461 -5.05373287
v -0.66655892 -0.39192674 -5.09384871
v -0.66829664 -0.38217196 -5.09258747
v -0.66307455 -0.37660244 -5.08581686
v -0.65997463 -0.38375446 -5.08286572
v -0.63798410 -0.37408724 -5.06918240
v -0.64083439 -0.37148121 -5.06900024
v -0.63287193 -0.36316648 -5.06719542
v -0.10679501 -0.40810648 -5.35273314
v -0.10340089 -0.41100869 -5.34910488
v -0.10807830 -0.43768612 -5.34876204
v -0.11081511 -0.43600646 -5.35415745
v -0.10729784 -0.40407082 -5.38261032
v -0.10355836 -0.38487640 -5.38068390
v -0.10511643 -0.38865754 -5.37408590
v -0.11101025 -0.41435143 -5.37519360
v 0.00574505 -0.39529476 -5.36558628
v -0.00269878 -0.37194660 -5.36060381
v -0.05038220 -0.41980317 -5.32092428
v -0.05963975 -0.42782810 -5.31953859
v -0.10927516 -0.42179456 -5.35743809
v -0.11510020 -0.44764170 -5.35870552
v -0.11182755 -0.44220784 -5.36323500
v -0.10985476 -0.42687300 -5.36155796
v -0.09405345 -0.41938338 -5.33729506
v -0.09683567 -0.44715318 -5.33395576
v -0.09622556 -0.43970683 -5.34112263
v -0.09677941 -0.42078701 -5.34150219
v -0.06481868 -0.41950795 -5.32265234
v -0.06410915 -0.40684906 -5.32275152
v -0.06679469 -0.43699399 -5.31873131
v -0.06561083 -0.43719533 -5.32045031
v -0.48541600 -0.10486141 -5.00179720
v -0.47970933 -0.09847590 -5.00322676
v -0.48092252 -0.08989450 -4.98007822
v -0.55298561 -0.06468502 -4.99832916
v -0.48114711 -0.08849642 -4.97715139
v -0.57506377 -0.18967226 -5.03301716
v -0.58344156 -0.19030663 -5.03154755
v -0.58030254 -0.18850043 -5.03038931
v -0.57529098 -0.18615708 -5.03109598
v -0.57491583 -0.19762561 -5.03793001
v -0.57674640 -0.20112684 -5.04032803
v -0.57386309 -0.19974235 -5.04063320
v -0.57175392 -0.19576785 -5.03792048
v -0.58928925 -0.21145299 -5.04956913
v -0.59388286 -0.21356079 -5.05240631
v -0.59161645 -0.21077862 -5.05101013
v -0.58699566 -0.20923206 -5.04860067
v -0.62373549 -0.23021689 -5.06312609
v -0.61817461 -0.23950818 -5.06746531
v -0.62810510 -0.24817231 -5.07055950
v -0.63576227 -0.23920968 -5.06958103
v -0.62990850 -0.21352008 -5.05236244
v -0.62677294 -0.20434609 -5.04173088
v -0.60242409 -0.19500104 -5.03268576
v -0.59097558 -0.19153473 -5.02988482
v -0.59548575 -0.19309691 -5.03274155
v -0.60379750 -0.19607267 -5.03500748
v -0.59241897 -0.18608847 -5.02457571
v -0.60719222 -0.18355986 -5.02012491
v -0.58646506 -0.18652174 -5.02629089
v -0.57808191 -0.19914976 -5.03811979
v -0.57890135 -0.20826849 -5.04518557
v -0.61971360 -0.19673762 -5.03268290
v -0.63393825 -0.19363168 -5.03673601
v -0.62156230 -0.18781283 -5.02506065
v -0.60505420 -0.18989924 -5.02676010
v 0.67587435 0.24200818 -5.54400253
v 0.65077281 0.30753163 -5.51583767
v 0.68848133 0.15802571 -5.56435442
v 0.67742610 0.07663330 -5.56612110
v 0.67122245 0.00193813 -5.56707191
v 0.67349207 -0.04830775 -5.56698608
v 0.66964513 -0.10520765 -5.56951952
v 0.65385568 -0.17113164 -5.60667944
v 0.10559779 0.04761434 -5.17819643
v 0.44644284 0.20046611 -5.23392725
v 0.44117039 0.27744418 -5.24305296
v -0.16206616 0.10972044 -5.10102701
v 0.54235297 0.19850501 -5.41172695
v -0.48130089 -0.27854922 -5.10878658
v -0.47471124 -0.28581181 -5.11463356
v -0.47537202 -0.23989543 -5.10507059
v -0.51422065 -0.32524487 -5.14808798
v -0.19247276 -0.00118679 -5.16259432
v -0.66762334 -0.36891010 -5.09206343
v -0.65879828 -0.35980442 -5.08311796
v -0.56112987 -0.24793747 -5.06960487
v -0.55999094 -0.22543326 -5.05804348
v -0.50271410 -0.30338147 -5.11013174
v -0.52833492 -0.34149364 -5.11315823
v -0.54981166 -0.35873088 -5.10690546
v -0.54268533 -0.35317138 -5.10464668
v -0.51171976 -0.32374147 -5.11739779
v -0.51591998 -0.32568243 -5.11477041
v -0.54334086 -0.35284826 -5.10276556
v -0.51832479 -0.33250561 -5.11326265
v -0.57060629 -0.37656233 -5.11401224
v -0.56203753 -0.36704198 -5.10404778
v -0.47745866 -0.29642501 -5.12903070
v -0.48435479 -0.29870513 -5.13786507
v -0.48223096 -0.30205706 -5.16108751
v -0.56983072 -0.38475493 -5.13621235
v -0.48202652 -0.29853359 -5.12350988
v -0.57074898 -0.37479356 -5.09630775
v -0.52900809 -0.33919260 -5.11034775
v -0.50371200 -0.31903014 -5.12237644
v -0.50348526 -0.31854084 -5.12281322
v -0.52591497 -0.33834383 -5.10916424
v -0.59677690 -0.39711979 -5.12412262
v -0.58104759 -0.38766262 -5.10676241
v -0.57688218 -0.41234985 -5.10450459
v -0.58242518 -0.41500881 -5.10128832
v -0.57235056 -0.40950420 -5.09477806
v -0.56594771 -0.40596583 -5.10259104
v -0.17610461 -0.01894775 -5.18737364
v 0.26786751 0.08328423 -5.27950191
v 0.27031434 0.12650600 -5.25855350
v 0.29998976 0.06239918 -5.25081682
v -0.06173426 -0.01745865 -5.17054224
v 0.45624292 0.06842649 -5.21472073
v 0.43188053 0.12791410 -5.21285200
v 0.50143474 0.13819441 -5.27380800
v 0.50459850 0.08360311 -5.27456141
v 0.52699584 -0.06440753 -5.26676226
v 0.51123446 -0.03768951 -5.27711535
v 0.47651154 -0.05137488 -5.29981136
v 0.42837900 -0.10246441 -5.18729877
v 0.39997065 -0.10546353 -5.22159100
v 0.55795187 -0.12342283 -5.25056219
v 0.52490044 -0.12457153 -5.22023916
v 0.52298445 -0.10341814 -5.22419310
v 0.54362863 -0.10077098 -5.25261927
v 0.49236178 -0.09949663 -5.19249201
v 0.50978428 0.32720226 -5.29159784
v 0.36736232 0.28616089 -5.23679018
v -0.51187605 -0.04942387 -4.90855122
v -0.53517026 -0.03894168 -4.92337561
v -0.55666429 -0.38211504 -5.08246708
v -0.57228404 -0.40060130 -5.08343840
v -0.56464320 -0.20189801 -5.04125357
v -0.08673829 -0.27789393 -5.31501102
v -0.09814936 -0.28110197 -5.32736111
v -0.04695284 -0.28791615 -5.31461716
v -0.03875023 -0.33662084 -5.32832718
v -0.01961219 -0.28191951 -5.36469460
v -0.01243514 -0.32946143 -5.37779379
v -0.06046337 -0.29260167 -5.38974571
v -0.04770643 -0.34455517 -5.40783978
v -0.10515767 -0.24012128 -5.35448647
v -0.10036474 -0.29292998 -5.34573364
v -0.09236747 -0.29757729 -5.36752844
v -0.06441158 -0.34566006 -5.32365704
v -0.02849972 -0.25334826 -5.32165813
v -0.11115211 -0.11042526 -5.31485271
v -0.02350366 -0.10285595 -5.31673193
v 0.59747279 0.36000672 -5.47661114
v 0.38161069 -0.00988004 -5.19722795
v 0.36805993 0.05567515 -5.19675922
v 0.42147213 -0.36810640 -5.08083677
v 0.40656286 -0.37183759 -5.08164835
v 0.42385203 -0.35909167 -5.08979130
v 0.44082388 -0.35558447 -5.09301662
v 0.22582901 0.45981085 -5.34206200
v 0.28487682 0.46253443 -5.34612036
v 0.28331089 0.43828011 -5.29836559
v -0.08149642 -0.31018302 -5.38891888
v -0.07358032 -0.29361835 -5.38812017
v -0.06026047 -0.34162596 -5.40556288
v -0.07039636 -0.34660354 -5.40464020
v -0.03325737 -0.12566581 -5.24690485
v 0.50048846 0.02461305 -5.24858999
v 0.46890473 0.01789156 -5.18382931
v 0.50977314 0.01555648 -5.30107117
v 0.50571299 -0.02472118 -5.23661804
v 0.48061645 -0.03456998 -5.19145870
v 0.51512122 -0.05813396 -5.24606323
v 0.54261196 -0.15954611 -5.23320770
v 0.52680290 -0.20300660 -5.22125721
v 0.53687215 -0.20047686 -5.24140596
v 0.52196664 -0.24209532 -5.21968365
v 0.51397365 -0.24561790 -5.20053434
v 0.50211990 -0.33632317 -5.16237974
v 0.49685639 -0.33787039 -5.18711996
v 0.50363636 -0.36240771 -5.14577961
v 0.51828289 -0.14431342 -5.19619131
v 0.51215696 -0.18803427 -5.18888426
v 0.50053746 -0.36520800 -5.13217783
v 0.49267077 -0.36531368 -5.12447691
v -0.00745124 -0.34092751 -5.36967373
v 0.37199879 -0.39013526 -5.10279751
v 0.38631028 -0.36069211 -5.12409449
v 0.42809701 -0.34887162 -5.09805107
v 0.40101308 -0.37980345 -5.08082056
v 0.40093058 -0.42036965 -5.05809927
v 0.38346380 -0.41969672 -5.06078577
v 0.36727893 -0.39900485 -5.14498806
v 0.38452297 -0.36625114 -5.16302347
v 0.36600238 -0.43086985 -5.08289051
v 0.35597664 -0.42830148 -5.09028053
v 0.42699093 -0.41271481 -5.17436743
v 0.43384403 -0.38175771 -5.18959618
v 0.41667098 -0.39212736 -5.18476772
v 0.41200227 -0.42028961 -5.17231512
v 0.40206510 -0.35814753 -5.18401098
v 0.38546216 -0.37496749 -5.16948509
v 0.36666793 -0.39264122 -5.15213108
v 0.35201913 -0.44078901 -5.12851572
v 0.35614389 -0.44243070 -5.13853407
v -0.40477759 -0.24416688 -5.20414209
v -0.40488285 -0.23298344 -5.18192148
v -0.39264947 -0.21102640 -5.19020081
v -0.39060622 -0.22298744 -5.20916367
v -0.40339667 -0.22464618 -5.15803909
v -0.40259510 -0.21997240 -5.13344193
v -0.39639908 -0.19616178 -5.14078856
v -0.39352614 -0.20126811 -5.16858578
v -0.55280715 -0.15465727 -5.01833153
v -0.57804435 -0.14458278 -5.00922871
v -0.54745179 -0.12480751 -5.02733660
v -0.53357750 -0.13355914 -5.03234863
v -0.62574667 -0.12000802 -5.02505875
v -0.64998037 -0.12057069 -5.04691458
v -0.64217931 -0.07924631 -5.04185772
v -0.60590941 -0.08891156 -5.02783203
v -0.41442305 -0.21493068 -5.11162376
v -0.40489084 -0.19045404 -5.11536884
v -0.64637548 -0.28024212 -5.08093548
v -0.63051897 -0.26865688 -5.07484293
v -0.63333911 -0.29186168 -5.07766104
v -0.64757985 -0.30454043 -5.08253241
v -0.58775502 -0.26138899 -5.07223892
v -0.59890229 -0.27464101 -5.07319880
v -0.59748441 -0.24978110 -5.07076597
v -0.58985072 -0.23860934 -5.06743145
v -0.65832835 -0.29781958 -5.08782816
v -0.65871531 -0.28014389 -5.08763599
v -0.57263476 -0.26678905 -5.07414389
v -0.56937248 -0.37294099 -5.09413195
v -0.57070094 -0.37419513 -5.09366798
v -0.61147541 -0.39093205 -5.10934353
v -0.59370929 -0.38533112 -5.09508753
v -0.58855969 -0.38716409 -5.09863615
v -0.60625166 -0.39473465 -5.11127234
v -0.57157844 -0.37604204 -5.11256027
v -0.57842165 -0.37937465 -5.12377310
v -0.56737548 -0.37180319 -5.10283804
v -0.58622462 -0.38211372 -5.10547924
v -0.59635836 -0.38581565 -5.11581707
v -0.57093757 -0.37366554 -5.10050583
v -0.54790241 -0.35696247 -5.10527372
v -0.47636777 -0.29556206 -5.11796188
v -0.49062306 -0.30852786 -5.12446260
v -0.62384492 -0.39693394 -5.13520670
v -0.53485817 -0.37975827 -5.10792303
v -0.54986399 -0.39508918 -5.10284042
v -0.55057150 -0.39542249 -5.10397816
v -0.53615350 -0.38151160 -5.10826015
v -0.49903423 -0.31448355 -5.11962318
v -0.48852021 -0.29815945 -5.12091017
v -0.49010950 -0.30839410 -5.12691593
v -0.59327906 -0.41989854 -5.13315725
v -0.59422666 -0.42043594 -5.13349199
v -0.58262271 -0.41577390 -5.11839247
v -0.52423996 -0.36460784 -5.11145830
v -0.52332479 -0.36175933 -5.11264420
v -0.50887638 -0.33603570 -5.11636686
v -0.50930721 -0.33802417 -5.11965513
v -0.57328779 -0.41073480 -5.10805941
v -0.56413227 -0.40539917 -5.10426760
v -0.56303090 -0.40477857 -5.10469532
v -0.57375807 -0.41170827 -5.10918999
v -0.60101157 -0.42119721 -5.13471746
v -0.58957011 -0.41741768 -5.12248182
v -0.52480012 -0.36428258 -5.10679865
v -0.51355892 -0.33293572 -5.11042738
v -0.48078114 -0.29789641 -5.12147379
v -0.48548037 -0.30195311 -5.11964130
v -0.48932475 -0.31129411 -5.12252235
v -0.54374582 -0.35618171 -5.10217047
v -0.56751829 -0.37309071 -5.09544611
v -0.60686904 -0.39285973 -5.11028242
v -0.58461493 -0.41291538 -5.10573626
v -0.59548885 -0.41540036 -5.11842871
v -0.59490556 -0.41773549 -5.12886810
v -0.58239859 -0.41532710 -5.11641598
v -0.54965204 -0.39445153 -5.09837723
v -0.53486007 -0.37851015 -5.10378885
v -0.53946048 -0.37849769 -5.09595728
v -0.55266732 -0.39477888 -5.09428072
v -0.49757725 -0.31078127 -5.11696815
v -0.49778503 -0.31779101 -5.12309599
v -0.48902565 -0.31011459 -5.12767076
v -0.57218391 -0.40915218 -5.09745836
v -0.57254583 -0.41149494 -5.10614109
v -0.51345485 -0.33293131 -5.11324501
v -0.50915557 -0.33501044 -5.11830378
v -0.56119281 -0.40266886 -5.09716368
v -0.56154031 -0.40420577 -5.10242462
v -0.48757714 -0.31063321 -5.12258148
v -0.22676593 0.00105581 -5.19456339
v -0.29925960 -0.10949042 -5.23917055
v -0.38930136 -0.21975604 -5.23168468
v -0.37898940 -0.20201394 -5.20953178
v -0.36847895 -0.19000909 -5.21485901
v -0.20299906 -0.06831059 -5.27605772
v -0.19908136 -0.02937287 -5.24228859
v -0.20002979 -0.11375263 -5.31334591
v -0.18619925 0.22917196 -5.09695816
v -0.01704222 -0.35774335 -5.40063000
v -0.00946862 -0.38657895 -5.41095352
v -0.01942223 -0.25150463 -5.33742476
v -0.01857704 -0.29193452 -5.34936285
v 0.53781748 -0.08579025 -5.27302313
v 0.42493725 -0.11816844 -5.26121092
v 0.44581008 -0.12569454 -5.28828526
v 0.48607600 -0.13557991 -5.29192114
v 0.52185678 -0.19206735 -5.25604868
v 0.64041954 0.38024989 -5.54065514
v 0.70310354 0.09988794 -5.61763573
v 0.65031493 0.03245762 -5.57794380
v -0.54309541 -0.17973486 -5.03793097
v -0.51856261 -0.19568524 -5.05592346
v -0.56614953 -0.17459443 -5.02444506
v -0.60146886 -0.42118606 -5.11518764
v -0.52658457 -0.32606849 -5.09928513
v -0.53290802 -0.35825941 -5.09582424
v -0.55295783 -0.34681568 -5.08495998
v -0.54267150 -0.31547800 -5.08915663
v -0.58963495 -0.41625324 -5.09768438
v -0.58077246 -0.41140237 -5.09141970
v -0.64181668 -0.25693253 -5.07588291
v -0.64789957 -0.23996654 -5.07494068
v -0.65664834 -0.26100037 -5.08434629
v -0.65930778 -0.24285617 -5.08415318
v -0.65775806 -0.20611444 -5.07050562
v -0.65842015 -0.18175814 -5.06216955
v -0.64543921 -0.17725971 -5.04078960
v -0.65637356 -0.15468469 -5.05046511
v -0.63817245 -0.15500227 -5.02691269
v -0.63443142 -0.17803988 -5.02630949
v -0.59092480 -0.16274139 -5.00789785
v -0.58775526 -0.29182598 -5.07564688
v -0.60328537 -0.29950002 -5.07503128
v -0.65064102 -0.32655981 -5.08269358
v -0.65886098 -0.32042041 -5.08927965
v -0.66706449 -0.33023593 -5.09768152
v -0.66726679 -0.30894986 -5.09873962
v -0.62670761 -0.39698896 -5.08508110
v -0.63116270 -0.40560189 -5.09424734
v -0.63812572 -0.22382841 -5.06340456
v -0.62828356 -0.22151783 -5.05816841
v -0.66581875 -0.28661194 -5.09622145
v -0.66457897 -0.26982459 -5.09382105
v -0.64974219 -0.22238359 -5.07025957
v -0.65855891 -0.22720739 -5.07901621
v -0.66802818 -0.23380747 -5.09086227
v -0.60905236 -0.20571545 -5.04403114
v -0.60592538 -0.20831540 -5.04757261
v -0.61459321 -0.21242741 -5.04885387
v -0.61417562 -0.20609704 -5.04193974
v -0.59701496 -0.22971395 -5.06450319
v -0.59053880 -0.22310707 -5.05936670
v -0.61769241 -0.20295146 -5.03815508
v -0.61002380 -0.19986829 -5.03633595
v -0.62132269 -0.20999482 -5.04570103
v -0.57649261 -0.19931397 -5.03872108
v -0.57436901 -0.19258144 -5.03468704
v -0.57698828 -0.19230166 -5.03339052
v -0.60957009 -0.21492246 -5.05232000
v -0.61569685 -0.22101286 -5.05660105
v -0.62270314 -0.21856162 -5.05370474
v -0.60943443 -0.19606164 -5.03225183
v -0.64261895 -0.33635727 -5.07807159
v -0.65309793 -0.34408483 -5.08182812
v -0.63762933 -0.31467983 -5.07867765
v -0.60094017 -0.31768987 -5.07611275
v -0.61554414 -0.32048479 -5.07518339
v -0.61221534 -0.30289450 -5.07500601
v -0.66148072 -0.34431413 -5.08909845
v -0.52691752 -0.35802850 -5.10268879
v -0.52356869 -0.35959616 -5.11057997
v -0.66967565 -0.40137246 -5.10643864
v -0.67288524 -0.38758233 -5.10170603
v -0.67077738 -0.35085836 -5.10007620
v -0.67441803 -0.37065098 -5.10249758
v -0.66906983 -0.12849304 -5.07112122
v -0.66622847 -0.08437327 -5.06883430
v -0.66753966 -0.25310770 -5.09500647
v -0.66946346 -0.16193965 -5.07128954
v -0.58592349 -0.21295485 -5.04990864
v -0.58163410 -0.20962939 -5.04625082
v -0.58263093 -0.21574131 -5.05160618
v -0.58660823 -0.21819726 -5.05464888
v -0.59916955 -0.41848019 -5.09755135
v -0.57405430 -0.10897258 -5.02531338
v -0.60136431 -0.13801441 -5.01092052
v -0.58789474 -0.39613250 -5.07776165
v -0.59137315 -0.41001901 -5.08645916
v -0.60321349 -0.40083185 -5.07786894
v -0.59606081 -0.38569263 -5.07213449
v -0.57843667 -0.37687740 -5.07555676
v -0.57627350 -0.34819123 -5.07897854
v -0.59495205 -0.36653170 -5.07177544
v -0.59256011 -0.33829692 -5.07642984
v -0.61695880 -0.40656689 -5.08731556
v -0.61586243 -0.39435259 -5.07806730
v -0.60757798 -0.41452840 -5.09082508
v -0.56772417 -0.01301906 -4.93042850
v -0.62165123 -0.17447659 -5.01616812
v -0.61592180 -0.15569481 -5.01136446
v -0.58417457 -0.18605486 -5.02737474
v -0.58118325 -0.18701401 -5.02897215
v -0.57863504 -0.20439067 -5.04241848
v -0.59034652 -0.21550742 -5.05307150
v -0.59547406 -0.21687689 -5.05505753
v -0.59847432 -0.19163570 -5.02934742
v -0.60338169 -0.21080592 -5.05047274
v -0.60271949 -0.21401975 -5.05341959
v -0.60881132 -0.22062758 -5.05746555
v -0.60842496 -0.20058575 -5.03882599
v -0.57220751 -0.19263044 -5.03569603
v -0.58411080 -0.20690200 -5.04614782
v -0.58454448 -0.20876303 -5.04634094
v -0.57986099 -0.19338802 -5.03397369
v -0.58826703 -0.19533184 -5.03449869
v -0.60617906 -0.20204666 -5.04097462
v -0.60452372 -0.19797227 -5.03672361
v -0.60284704 -0.20761922 -5.04765844
v -0.59917003 -0.20835558 -5.04877043
v -0.59105784 -0.20837632 -5.04826593
v -0.58899707 -0.20742288 -5.04696274
v -0.58800226 -0.20429829 -5.04384804
v -0.57676739 -0.19883254 -5.03878880
v -0.57905596 -0.20374051 -5.04296112
v -0.58091503 -0.20038334 -5.03961849
v -0.57428867 -0.19534341 -5.03669357
v -0.57473499 -0.19246337 -5.03472805
v -0.59349090 -0.20780209 -5.04826546
v -0.59478158 -0.21148017 -5.05183411
v -0.60113364 -0.20478687 -5.04482937
v -0.60152167 -0.19581941 -5.03463078
v -0.59906918 -0.19705316 -5.03613758
v -0.49618036 -0.08495650 -5.04091740
v -0.51819474 -0.07144061 -5.03551865
v -0.52971417 -0.08001682 -5.03116989
v -0.51879412 -0.09408334 -5.03197241
v -0.49687272 -0.11202243 -5.03832436
v -0.48081428 -0.11186448 -5.04029608
v -0.48459357 -0.10475466 -5.04334688
v 0.41595966 -0.37174156 -5.18840027
v 0.43561620 -0.34953430 -5.19887877
v 0.67066252 -0.16932121 -5.63625860
v 0.67036152 -0.17390946 -5.62596655
v 0.65909320 -0.18051395 -5.61838293
v -0.61962968 -0.27824172 -5.07416773
v -0.62278134 -0.30417982 -5.07559204
v -0.64951319 -0.35204425 -5.07744884
v -0.62999064 -0.32856694 -5.07561684
v -0.61076337 -0.42104825 -5.13413954
v 0.44556665 -0.21258911 -5.23846292
v 0.47870708 -0.20640579 -5.25487280
v 0.47027087 -0.35405943 -5.19663572
v 0.50656867 -0.29562733 -5.18322515
v 0.50940728 -0.28681180 -5.20581484
v -0.09799689 -0.38735524 -5.35032654
v -0.10169059 -0.38297215 -5.35515261
v -0.02926868 -0.37284437 -5.41874313
v -0.04513013 -0.34947154 -5.32684469
v -0.03962654 -0.37290987 -5.33071995
v -0.10496897 -0.37106672 -5.36602974
v -0.10122424 -0.36151609 -5.37762642
v 0.36751086 -0.42426983 -5.07357740
v 0.34629768 -0.43525192 -5.11041307
v 0.40836757 -0.40875962 -5.05876207
v -0.60397524 -0.03176489 -5.07035542
v -0.09056085 -0.25998434 -5.37178230
v -0.09237736 -0.36043140 -5.39291525
v -0.07564622 -0.35346165 -5.40401030
v -0.08964998 -0.30707273 -5.38378572
v -0.46342427 -0.07143417 -5.06696939
v -0.57516068 -0.02985051 -5.08682919
v -0.39130360 -0.13953951 -5.13372612
v -0.41422790 -0.13037893 -5.10910416
v -0.39782363 -0.09580937 -5.11233473
v -0.37150854 -0.10694614 -5.13509655
v -0.37867278 -0.19161174 -5.19553757
v -0.36729389 -0.17462513 -5.19666529
v -0.38338119 -0.18122956 -5.17678404
v -0.39012009 -0.17281595 -5.15248394
v -0.37753934 -0.14831421 -5.15876770
v -0.37371749 -0.16631678 -5.18103409
v -0.41864640 -0.16008916 -5.10427761
v -0.44495004 -0.15070340 -5.08809471
v -0.44062775 -0.12212250 -5.09039450
v -0.39901763 -0.16698471 -5.12575006
v -0.45957428 -0.11475936 -5.07280159
v -0.34345275 -0.14610705 -5.20500374
v -0.34397680 -0.16952512 -5.22565699
v -0.35400218 -0.10778800 -5.15400267
v -0.35367423 -0.13203505 -5.17783928
v -0.42883414 -0.08578500 -5.08909416
v 0.37369466 -0.06581599 -5.29240608
v 0.42107242 -0.08150068 -5.31777382
v -0.61393267 -0.22957596 -5.06318521
v -0.58050233 -0.19162801 -5.03179789
v -0.59762901 -0.21636167 -5.05474520
v -0.60658985 -0.25837842 -5.07200384
v -0.60145909 -0.23835579 -5.06787491
v -0.61004275 -0.28602126 -5.07420206
v -0.62362534 -0.34347013 -5.07181454
v -0.63910276 -0.35098329 -5.07229233
v -0.06576282 -0.28921053 -5.31209087
v -0.62357980 -0.41596064 -5.09878969
v -0.63135415 -0.42115894 -5.11304998
v -0.29582804 -0.11421296 -5.27007294
v -0.65411824 -0.37863186 -5.07637024
v -0.56804377 -0.30868116 -5.08003664
v -0.67741054 -0.35807934 -5.11102724
v -0.53375489 -0.33045432 -5.17165756
v -0.62064368 -0.42394862 -5.12403107
v -0.60642248 -0.42000595 -5.14634037
v -0.64711553 -0.37621132 -5.07218885
v -0.64378923 -0.37836692 -5.07189989
v -0.60954541 -0.33721635 -5.07398653
v -0.65361089 -0.36839476 -5.07619238
v -0.58648413 -0.31436738 -5.07708025
v -0.61090380 -0.38195178 -5.06961679
v -0.61321098 -0.35888496 -5.06819105
v -0.61394340 -0.42181161 -5.10659838
v -0.57943255 -0.20464340 -5.04316854
v -0.60761040 -0.22669193 -5.06204844
v -0.61216170 -0.23680857 -5.06695366
v -0.60025793 -0.22538331 -5.06164885
v -0.60611206 -0.23620823 -5.06715298
v -0.60236841 -0.22259393 -5.05902863
v -0.61633974 -0.25292721 -5.07132912
v -0.60864145 -0.41916892 -5.14538622
v -0.04604548 -0.44492802 -5.32005548
v -0.05787390 -0.45477495 -5.31797791
v -0.10146958 -0.41250518 -5.34512329
v -0.09919959 -0.42557052 -5.34335232
v -0.07460529 -0.41074041 -5.32574272
v -0.06816322 -0.42361239 -5.32253647
v -0.11138815 -0.41555956 -5.36811686
v -0.11080021 -0.42635009 -5.36467600
v -0.10901505 -0.46609858 -5.34798622
v -0.11448473 -0.46165076 -5.35525036
v -0.08853871 -0.40776178 -5.33511162
v -0.08079439 -0.40603843 -5.33151293
v 0.38572472 -0.43698427 -5.16223431
v 0.39858633 -0.42820796 -5.16795969
v 0.44148564 -0.40461764 -5.17594576
v 0.45547512 -0.37771383 -5.19477415
v -0.07445294 -0.38392255 -5.41110468
v -0.08707958 -0.40359083 -5.41037512
v 0.47067779 -0.38728461 -5.10859489
v 0.46855053 -0.39051339 -5.09842777
v 0.48024333 -0.39266703 -5.14647579
v 0.48747307 -0.39456370 -5.13908434
v 0.48810357 -0.38900569 -5.12524748
v 0.48267037 -0.38541630 -5.12094975
v 0.49603564 -0.36850014 -5.16812801
v 0.49584246 -0.06061649 -5.20776653
v 0.27208006 0.18164697 -5.24731112
v 0.28944540 0.38707545 -5.24893141
v 0.47332910 -0.08934417 -5.18635798
v 0.52548939 -0.08126089 -5.24169540
v 0.50474042 -0.08629337 -5.20667219
v -0.60205179 -0.21702984 -5.05582142
v -0.59857434 -0.21448234 -5.05412102
v -0.50511128 -0.03004545 -4.88395643
v -0.08023673 -0.49081078 -5.32235718
v -0.08943385 -0.49284294 -5.33149576
v -0.11074430 -0.47820053 -5.39497089
v -0.10717100 -0.46943125 -5.40370750
v -0.04093653 -0.47005227 -5.31967831
v -0.05132061 -0.47678629 -5.31824493
v -0.10880405 -0.48751357 -5.35084009
v -0.11749369 -0.48846439 -5.36512756
v 0.36885840 -0.44055340 -5.15313864
v 0.42521548 -0.40951148 -5.06072617
v -0.64440209 -0.36672762 -5.07006931
v -0.51543123 -0.02843419 -4.87651110
v -0.51349241 -0.03955969 -4.88086414
v -0.50900656 -0.04727963 -4.89043522
v -0.67954379 -0.37914988 -5.11173534
v -0.06772798 -0.40664598 -5.32624388
v -0.06551319 -0.39979962 -5.32608175
v -0.09748727 -0.40815464 -5.34393978
v -0.09480339 -0.40364113 -5.34159088
v -0.10133463 -0.36037090 -5.35281849
v -0.10417682 -0.38902774 -5.36136818
v -0.10590845 -0.38928983 -5.36759377
v -0.07461673 -0.35677835 -5.32716465
v -0.06496471 -0.37955531 -5.32668447
v -0.06939512 -0.38779089 -5.32898140
v -0.04252297 -0.41334108 -5.32319784
v -0.04034787 -0.39354232 -5.32703018
v -0.08423668 -0.36549124 -5.33289385
v -0.09414798 -0.35036394 -5.33956861
v -0.08876544 -0.38341883 -5.34031343
v -0.09532517 -0.38396862 -5.34464359
v -0.06155056 -0.40881678 -5.41860199
v -0.07398289 -0.42838433 -5.42038774
v -0.09414583 -0.43210772 -5.40964270
v -0.08196217 -0.44886151 -5.41958141
v -0.10862368 -0.41447535 -5.36171627
v -0.10866147 -0.40874413 -5.36440468
v -0.10552388 -0.44399646 -5.39870453
v -0.09589857 -0.45937529 -5.41320086
v -0.10432416 -0.41513458 -5.39403534
v -0.10885268 -0.43131366 -5.39081001
v -0.02452755 -0.39479122 -5.42433691
v -0.10100788 -0.38280091 -5.38901615
v -0.06813997 -0.44398037 -5.42301750
v -0.08082610 -0.46064338 -5.42118835
v 0.00609046 -0.41004774 -5.37403011
v 0.00149560 -0.41097751 -5.36487103
v -0.04354084 -0.41447350 -5.41874933
v -0.03993684 -0.40055993 -5.42277622
v -0.05789691 -0.42654315 -5.42158031
v -0.01505786 -0.46417049 -5.33813477
v -0.01771253 -0.46196726 -5.33446836
v -0.01410943 -0.45417014 -5.33985376
v -0.01195091 -0.45919719 -5.34361172
v -0.10461479 -0.48873964 -5.37956190
v -0.11145705 -0.49147621 -5.37059927
v -0.09962302 -0.49077597 -5.35586977
v -0.09092289 -0.48815349 -5.35739088
v -0.11061913 -0.49240080 -5.36136770
v -0.10528928 -0.49146643 -5.35565662
v -0.08595389 -0.49354306 -5.33817673
v -0.08504444 -0.49131373 -5.34738064
v -0.05325687 -0.48713973 -5.33418560
v -0.06495637 -0.49071255 -5.32872200
v -0.07373327 -0.49304220 -5.32734299
v -0.08205694 -0.49395344 -5.33171558
v -0.03292191 -0.47480419 -5.32443094
v -0.04510385 -0.48128560 -5.32165241
v -0.01953071 -0.40869477 -5.41309357
v -0.00808388 -0.40563652 -5.39980316
v -0.03156143 -0.40992591 -5.42095470
v 0.00042856 -0.40612987 -5.38431358
v -0.10327798 -0.47639665 -5.40478754
v -0.10698253 -0.48151419 -5.39595795
v -0.00525695 -0.42164454 -5.36014175
v -0.00954026 -0.44252041 -5.34833670
v -0.02636164 -0.47563025 -5.32975388
v -0.02326089 -0.46692875 -5.32910013
v -0.01973212 -0.46986094 -5.33327675
v -0.09530455 -0.47057655 -5.41350317
v -0.03336656 -0.42903116 -5.39870787
v -0.03131872 -0.41826287 -5.40078449
v -0.03745991 -0.42051461 -5.41019058
v -0.03717166 -0.43133846 -5.40824747
v -0.04272324 -0.43234351 -5.41556597
v -0.04890877 -0.42698327 -5.41828156
v -0.05017209 -0.43817523 -5.42035103
v -0.05778325 -0.43666223 -5.42190552
v -0.05504531 -0.44563803 -5.42182207
v -0.06109840 -0.44766125 -5.42263603
v -0.05645663 -0.45430413 -5.42042112
v -0.06694406 -0.45824030 -5.42172813
v -0.05600983 -0.46145430 -5.41699743
v -0.06308967 -0.46640667 -5.41449833
v -0.05410630 -0.46693644 -5.40665054
v -0.06177050 -0.47029498 -5.40431976
v -0.05768830 -0.47311822 -5.39602423
v -0.06868821 -0.47638872 -5.39381170
v -0.06370324 -0.47702304 -5.38538265
v -0.07449323 -0.48081073 -5.38214350
v -0.07040530 -0.47883561 -5.37607002
v -0.05891454 -0.47518030 -5.37796021
v -0.05835187 -0.48099366 -5.36219168
v -0.04748470 -0.47769573 -5.36695385
v -0.05239385 -0.47567180 -5.37277794
v -0.06533366 -0.47864607 -5.36888838
v -0.03244632 -0.47572878 -5.36248541
v -0.03890193 -0.47608867 -5.36667395
v -0.04527503 -0.47977689 -5.35826302
v -0.03001034 -0.47656110 -5.35581446
v -0.02135068 -0.47116140 -5.36451960
v -0.01837617 -0.47123376 -5.35886574
v -0.01214528 -0.46524981 -5.36137295
v -0.01145947 -0.46449003 -5.35583639
v -0.00871509 -0.45628622 -5.35896587
v -0.00892156 -0.45339271 -5.35380554
v -0.00864786 -0.44565156 -5.35881662
v -0.00920820 -0.43815413 -5.35642910
v -0.00843769 -0.43552056 -5.36315823
v -0.00672156 -0.42746636 -5.36224794
v -0.00690240 -0.42948642 -5.36901140
v -0.00469172 -0.42158094 -5.36811161
v -0.01051092 -0.42636171 -5.37543058
v -0.00855017 -0.42083427 -5.37590504
v -0.01643300 -0.41650936 -5.38314009
v -0.02204865 -0.42753962 -5.38173056
v -0.02591664 -0.41777304 -5.39255285
v -0.02828109 -0.42706963 -5.39012194
v -0.01184201 -0.46804300 -5.34933424
v -0.01146799 -0.46603081 -5.34648561
v -0.01000983 -0.45967057 -5.34877825
v -0.01140875 -0.46553555 -5.35177994
v -0.01593918 -0.47262248 -5.35069799
v -0.01874822 -0.47315189 -5.35302830
v -0.02273196 -0.47646859 -5.34764481
v -0.03026503 -0.47855744 -5.34671545
v -0.02947944 -0.47957519 -5.34151745
v -0.03972572 -0.48294774 -5.33642149
v -0.03063065 -0.48042753 -5.33595657
v -0.03629428 -0.48208079 -5.32839155
v -0.02641618 -0.47843853 -5.33348370
v -0.02082479 -0.47464064 -5.33494473
v -0.01617271 -0.47020391 -5.33814621
v -0.01308107 -0.46708551 -5.34234571
v -0.05929899 -0.48548898 -5.35030508
v -0.05668640 -0.48575750 -5.34672737
v -0.05281538 -0.48372760 -5.35013294
v -0.05797035 -0.48368838 -5.35482502
v -0.06623381 -0.48720875 -5.35038328
v -0.06707126 -0.48577467 -5.35482121
v -0.07501954 -0.48938271 -5.34777927
v -0.07162184 -0.48931804 -5.34607983
v -0.07495278 -0.49098948 -5.34207010
v -0.07981271 -0.49243942 -5.33926773
v -0.07499260 -0.49188069 -5.33752966
v -0.07654637 -0.49263552 -5.33319902
v -0.07180828 -0.49166223 -5.33500481
v -0.07202846 -0.49195507 -5.33197546
v -0.06643564 -0.49045423 -5.33510876
v -0.06759459 -0.49105039 -5.33152103
v -0.06054670 -0.48868451 -5.33601522
v -0.06150347 -0.48853877 -5.33868980
v -0.05799836 -0.48706743 -5.34205723
v -0.05408853 -0.48587766 -5.34258652
v -0.08929843 -0.48636523 -5.37851524
v -0.08518261 -0.48552278 -5.37515831
v -0.08264810 -0.48401204 -5.37903214
v -0.08603829 -0.48360148 -5.38577461
v -0.09701151 -0.48833945 -5.37792253
v -0.10477895 -0.49100694 -5.37296486
v -0.10711569 -0.49253061 -5.36637926
v -0.10404211 -0.49231103 -5.36039591
v -0.09840411 -0.49077716 -5.36090899
v -0.08835298 -0.48677078 -5.36557817
v -0.09362024 -0.48880604 -5.36265755
v -0.07990032 -0.48269895 -5.36664915
v -0.08463377 -0.48542717 -5.37090158
v -0.07910687 -0.48295954 -5.37473345
v -0.07635599 -0.47063944 -5.41631889
v -0.07141751 -0.46949252 -5.41474390
v -0.07060581 -0.46741673 -5.41792965
v -0.08034211 -0.46806368 -5.41847944
v -0.08497745 -0.47315386 -5.41316700
v -0.09281701 -0.47340301 -5.41080523
v -0.09164745 -0.47635207 -5.40736294
v -0.09935790 -0.47773966 -5.40318012
v -0.09387320 -0.47910318 -5.40242577
v -0.10058910 -0.48145285 -5.39709473
v -0.07811671 -0.47744480 -5.40074968
v -0.08585626 -0.47997001 -5.39837551
v -0.08476764 -0.48078325 -5.39484692
v -0.07568830 -0.47761205 -5.39779139
v -0.07210702 -0.47364947 -5.40538836
v -0.06707639 -0.47254351 -5.40609646
v -0.07018787 -0.47006407 -5.41086435
v -0.06807786 -0.46902040 -5.41315460
v -0.09046799 -0.48741534 -5.37475348
v -0.08824044 -0.48699030 -5.37217951
v -0.09499198 -0.48853323 -5.37508821
v -0.09983593 -0.49003497 -5.37299824
v -0.10265571 -0.49133125 -5.36920023
v -0.10149723 -0.49168709 -5.36480618
v -0.09794182 -0.49066249 -5.36466360
v -0.09201938 -0.48846760 -5.36656952
v -0.09563178 -0.48987094 -5.36466455
v -0.08921331 -0.48745343 -5.36929989
v -0.07526332 -0.47234634 -5.41323900
v -0.07275254 -0.47166505 -5.41155434
v -0.08046144 -0.47377428 -5.41243601
v -0.08522290 -0.47557017 -5.40934706
v -0.08769518 -0.47729924 -5.40599775
v -0.09201342 -0.48058274 -5.39874411
v -0.08744794 -0.47838196 -5.40333414
v -0.08453780 -0.47846630 -5.40222073
v -0.07998079 -0.47709712 -5.40314245
v -0.07577926 -0.47445872 -5.40570927
v -0.07289058 -0.47223684 -5.40869188
v -0.06095153 -0.48681048 -5.34694147
v -0.06003076 -0.48711613 -5.34454393
v -0.06441718 -0.48749486 -5.34769011
v -0.06842774 -0.48879364 -5.34602261
v -0.07107669 -0.48996797 -5.34325457
v -0.07184917 -0.49071673 -5.34049034
v -0.07058567 -0.49083301 -5.33839655
v -0.06759471 -0.49027041 -5.33783770
v -0.06401128 -0.48911861 -5.33917046
v -0.06135446 -0.48797807 -5.34170437
v -0.01385486 -0.47110626 -5.34708881
v -0.01372993 -0.47043756 -5.34457064
v -0.01594907 -0.47310302 -5.34827328
v -0.01985508 -0.47553048 -5.34702492
v -0.02385491 -0.47747388 -5.34381294
v -0.02561468 -0.47853866 -5.34024334
v -0.02450699 -0.47802141 -5.33818007
v -0.02146763 -0.47627744 -5.33791447
v -0.01812273 -0.47386554 -5.33929253
v -0.01525158 -0.47157922 -5.34196663
v -0.09502143 -0.48957375 -5.36947775
v -0.06574458 -0.48887327 -5.34279203
v -0.07906717 -0.47551677 -5.40806580
v -0.01880342 -0.47526792 -5.34333372
v -0.04394764 -0.39374879 -5.42419004
v -0.05583006 -0.38896820 -5.41710329
v -0.03718787 -0.39755395 -5.42573214
v -0.03140241 -0.39637879 -5.42738724
v -0.03006709 -0.38727239 -5.42521286
v -0.03514564 -0.37973204 -5.42242241
v -0.04030430 -0.36922416 -5.41778040
v -0.04092306 -0.37599787 -5.42120981
v -0.04829019 -0.36516568 -5.41665602
v -0.05651742 -0.36803988 -5.41608429
v -0.04390085 -0.38002893 -5.42253113
v -0.04685730 -0.38592890 -5.42221546
v -0.05548900 -0.37993625 -5.41732454
v -0.03177553 -0.39150611 -5.42622614
v -0.03242189 -0.39464304 -5.42657948
v -0.03327996 -0.38713077 -5.42504454
v -0.03709155 -0.38355663 -5.42465878
v -0.03848630 -0.38642320 -5.42568779
v -0.04153019 -0.38932291 -5.42467451
v -0.03984946 -0.39312860 -5.42543507
v -0.03578335 -0.39227137 -5.42615986
v -0.03455591 -0.39726415 -5.42688942
v -0.01472539 -0.44101194 -5.33855581
v -0.04365152 -0.48222688 -5.34649038
v -0.07460123 -0.48554876 -5.35772371
v -0.09760338 -0.48400453 -5.39131498
v 0.44876686 -0.40758213 -5.15400124
v 0.45376876 -0.40167990 -5.16106462
v 0.44439876 -0.40764591 -5.16575956
v 0.44249833 -0.41274819 -5.16007423
v 0.43785769 -0.41550055 -5.16479445
v 0.43636721 -0.41222331 -5.16995478
v 0.43183827 -0.42071095 -5.16653347
v 0.42875701 -0.41891655 -5.16953325
v 0.42537040 -0.42656782 -5.16685343
v 0.42011815 -0.42446736 -5.16955709
v 0.41911834 -0.43334946 -5.16564560
v 0.40819019 -0.43400791 -5.16704178
v 0.41357583 -0.43953398 -5.15981197
v 0.40563840 -0.44190863 -5.15917253
v 0.41047865 -0.44083706 -5.14965057
v 0.40182132 -0.44040129 -5.14770937
v 0.40713173 -0.44108364 -5.13852978
v 0.39623863 -0.44109175 -5.13555336
v 0.40286928 -0.43966839 -5.12638283
v 0.39401299 -0.43976143 -5.12346745
v 0.39740676 -0.43634400 -5.11595011
v 0.40961319 -0.43540457 -5.11841679
v 0.41106784 -0.43088415 -5.10187006
v 0.42266494 -0.43155321 -5.10577154
v 0.41321975 -0.43063048 -5.11104536
v 0.40317553 -0.43107566 -5.10907316
v 0.44026548 -0.42767075 -5.09602976
v 0.43194038 -0.43029299 -5.10060167
v 0.42236245 -0.42926887 -5.09369993
v 0.43716019 -0.42484573 -5.08643913
v 0.45249268 -0.42316082 -5.09382153
v 0.45335400 -0.41906735 -5.08689165
v 0.46262744 -0.41534832 -5.09390974
v 0.46165884 -0.40939477 -5.08866453
v 0.46570000 -0.40742120 -5.09790945
v 0.46601439 -0.40005472 -5.09696722
v 0.46806532 -0.40063307 -5.10468578
v 0.46982029 -0.39312497 -5.10621405
v 0.46893632 -0.39603874 -5.11309290
v 0.47171116 -0.39050081 -5.11529636
v 0.47166216 -0.39433029 -5.12088108
v 0.47894815 -0.39026490 -5.12295771
v 0.47270700 -0.39406291 -5.12796307
v 0.47854123 -0.39364508 -5.13206959
v 0.46690235 -0.39342627 -5.13852882
v 0.46180636 -0.39762625 -5.13484001
v 0.46084622 -0.39680043 -5.15013504
v 0.45337844 -0.40513846 -5.14463615
v 0.45113823 -0.41652265 -5.07753706
v 0.45193520 -0.41363570 -5.07560110
v 0.45721251 -0.41044465 -5.08061838
v 0.45384312 -0.41634288 -5.08147144
v 0.44525540 -0.41803351 -5.07783651
v 0.44366899 -0.41923943 -5.08030033
v 0.43650776 -0.42031673 -5.07456255
v 0.42691261 -0.42161998 -5.07491732
v 0.42685467 -0.42255083 -5.06772852
v 0.41648978 -0.42221776 -5.06410742
v 0.42346990 -0.42148682 -5.06260204
v 0.41738540 -0.41760388 -5.05895662
v 0.42764705 -0.41845861 -5.06167126
v 0.42738527 -0.41464290 -5.06096172
v 0.43468648 -0.41616860 -5.06389713
v 0.43528569 -0.41158262 -5.06404018
v 0.44230461 -0.41377118 -5.06786537
v 0.44531947 -0.40836039 -5.07022047
v 0.44853717 -0.41239849 -5.07212687
v 0.45308119 -0.40718427 -5.07627153
v 0.40240496 -0.43030265 -5.08631611
v 0.40596777 -0.42867842 -5.08153629
v 0.41090494 -0.42908046 -5.08682060
v 0.40681380 -0.43072894 -5.09290981
v 0.39541864 -0.43232849 -5.08936882
v 0.39787668 -0.43223694 -5.09760523
v 0.38549691 -0.43275341 -5.09118223
v 0.38595051 -0.43289652 -5.08388424
v 0.37759548 -0.43199787 -5.07468271
v 0.38129592 -0.43272248 -5.07823801
v 0.37665528 -0.43269554 -5.08186150
v 0.37340266 -0.43063757 -5.07398319
v 0.37986189 -0.42807755 -5.06664467
v 0.38109279 -0.43000355 -5.06957054
v 0.39037210 -0.42881587 -5.06665707
v 0.39187878 -0.42588016 -5.06336784
v 0.40609413 -0.42674676 -5.06802034
v 0.39875358 -0.42847559 -5.07021999
v 0.40518034 -0.42711881 -5.07578564
v 0.41665369 -0.42683187 -5.08070898
v 0.37383026 -0.44386652 -5.12018538
v 0.37971097 -0.44114873 -5.11640453
v 0.38434720 -0.44236162 -5.12432003
v 0.37261838 -0.44520202 -5.12736607
v 0.35992354 -0.44535717 -5.12291193
v 0.36469489 -0.44532731 -5.11914206
v 0.35712403 -0.44430992 -5.11412525
v 0.35224229 -0.44256857 -5.11472368
v 0.35402304 -0.44166073 -5.10747051
v 0.35071486 -0.43904439 -5.10619831
v 0.35510385 -0.43883368 -5.10062170
v 0.35209686 -0.43609026 -5.09912586
v 0.35969925 -0.43490139 -5.09431744
v 0.36201817 -0.43881699 -5.09847260
v 0.37642670 -0.43790361 -5.10266972
v 0.36895305 -0.43867561 -5.09904528
v 0.37192827 -0.43522158 -5.09420061
v 0.38702828 -0.43520519 -5.10422468
v 0.38100463 -0.43880984 -5.10964584
v 0.38768929 -0.43918136 -5.11500025
v 0.38854492 -0.44465986 -5.15929508
v 0.39311093 -0.44377473 -5.15701818
v 0.39807647 -0.44282314 -5.16151142
v 0.39341086 -0.43970743 -5.16409636
v 0.37380564 -0.44814786 -5.15060616
v 0.37997240 -0.44763151 -5.15460396
v 0.37939137 -0.44464150 -5.15722322
v 0.36980557 -0.44670823 -5.14955282
v 0.36275530 -0.44746664 -5.14076567
v 0.36980039 -0.44882682 -5.14493656
v 0.38229525 -0.44456998 -5.14101362
v 0.37494212 -0.44684270 -5.13918829
v 0.37601721 -0.44584349 -5.13578463
v 0.38542581 -0.44320074 -5.13715219
v 0.38846284 -0.44270530 -5.14554691
v 0.39424610 -0.44225088 -5.14567041
v 0.39154726 -0.44210801 -5.15163279
v 0.39769030 -0.44305828 -5.15431452
v 0.37256879 -0.44302133 -5.11469746
v 0.37528521 -0.44116178 -5.11146021
v 0.36702627 -0.44442943 -5.11507988
v 0.36149347 -0.44430563 -5.11281490
v 0.35823280 -0.44292560 -5.10857153
v 0.35858351 -0.44123390 -5.10346460
v 0.36251992 -0.44104049 -5.10211086
v 0.37099427 -0.43983367 -5.10356140
v 0.36593860 -0.44038036 -5.10144377
v 0.37452847 -0.43993583 -5.10712767
v 0.38379395 -0.44542602 -5.15457869
v 0.38772786 -0.44358066 -5.15395784
v 0.37559646 -0.44893393 -5.14934826
v 0.37994486 -0.44786194 -5.15207529
v 0.37420362 -0.44897369 -5.14614105
v 0.36965281 -0.44818118 -5.14011145
v 0.37370604 -0.44836673 -5.14397812
v 0.37584245 -0.44724002 -5.14277411
v 0.37995964 -0.44554016 -5.14358473
v 0.38410026 -0.44390133 -5.14577007
v 0.38668579 -0.44304803 -5.14944839
v 0.39824909 -0.43027028 -5.08066511
v 0.39989007 -0.42900160 -5.07749653
v 0.39297277 -0.43187436 -5.08241415
v 0.38682514 -0.43236902 -5.07929516
v 0.38171405 -0.43174627 -5.07375574
v 0.38413614 -0.43231609 -5.07622385
v 0.38426280 -0.43065640 -5.07113743
v 0.38749725 -0.43004683 -5.06986856
v 0.39331883 -0.42947629 -5.07074356
v 0.39791375 -0.42892876 -5.07381868
v 0.44757441 -0.41688189 -5.07454872
v 0.44728059 -0.41593519 -5.07272005
v 0.44480845 -0.41751298 -5.07544851
v 0.43996549 -0.41934916 -5.07370615
v 0.43401045 -0.42131534 -5.06972504
v 0.43042147 -0.42165425 -5.06602049
v 0.43123764 -0.42025068 -5.06451750
v 0.43513858 -0.41839460 -5.06513500
v 0.43993896 -0.41670552 -5.06745386
v 0.44434988 -0.41568777 -5.07033300
v 0.44340196 -0.41605762 -5.15540075
v 0.44787166 -0.41309825 -5.14812565
v 0.43829316 -0.41934237 -5.15985060
v 0.43413240 -0.42300996 -5.16262388
v 0.42915171 -0.42745444 -5.16340828
v 0.42448336 -0.43214956 -5.16235685
v 0.42168242 -0.43702742 -5.15726662
v 0.41911316 -0.43971935 -5.14875984
v 0.41589463 -0.43957302 -5.13966894
v 0.41317230 -0.43769261 -5.12954521
v 0.41967541 -0.43403575 -5.12308931
v 0.42837936 -0.43018577 -5.11294556
v 0.42006594 -0.43099865 -5.11606550
v 0.44243529 -0.42875674 -5.10423565
v 0.43355989 -0.43044332 -5.10759163
v 0.45146084 -0.42450586 -5.10252285
v 0.46125904 -0.41842285 -5.10067844
v 0.46474555 -0.41204569 -5.10195160
v 0.46612385 -0.40666357 -5.10579538
v 0.46543109 -0.40248814 -5.11232567
v 0.46620208 -0.40014395 -5.11831713
v 0.46525392 -0.39950565 -5.12532425
v 0.45792162 -0.40612534 -5.12945271
v 0.45245820 -0.40906116 -5.13911867
v 0.36652023 -0.44244936 -5.10750866
v 0.38998884 -0.43109396 -5.07463169
v 0.38044691 -0.44636253 -5.14854431
v 0.44012648 -0.41932777 -5.06972647
v 0.44285661 -0.42035118 -5.15121508
v 0.44551325 -0.41952202 -5.14365768
v 0.43982238 -0.42245814 -5.15580320
v 0.43643874 -0.42481187 -5.15838623
v 0.43322533 -0.42791972 -5.15964842
v 0.43054682 -0.43154481 -5.15920115
v 0.42940849 -0.43540779 -5.15619421
v 0.42898339 -0.43751100 -5.14578104
v 0.42305166 -0.43749812 -5.13894463
v 0.42149132 -0.43619153 -5.13066912
v 0.42668223 -0.43276200 -5.12549210
v 0.43118614 -0.42893127 -5.11721039
v 0.42710632 -0.43013552 -5.11995316
v 0.44171408 -0.42815092 -5.11132908
v 0.43522543 -0.42941257 -5.11399746
v 0.45035923 -0.42436132 -5.11212730
v 0.45869258 -0.41964182 -5.10798740
v 0.46248519 -0.41475335 -5.10654879
v 0.46304804 -0.41057178 -5.10856152
v 0.46224254 -0.40790263 -5.11216879
v 0.46273890 -0.40578619 -5.11627340
v 0.46139464 -0.40583900 -5.12097454
v 0.45551884 -0.41193905 -5.12447119
v 0.44897825 -0.41591391 -5.13331699
v 0.43914920 -0.42690578 -5.12670040
v 0.43780059 -0.42907509 -5.15273523
v 0.36594981 -0.44685450 -5.13397646
v 0.46207866 -0.36332121 -5.10309172
v 0.46134439 -0.39860502 -5.08641386
v 0.47657698 -0.38530102 -5.11819839
v 0.49348122 -0.39188197 -5.13245296
v 0.47834104 -0.39592710 -5.16164541
v -0.59096533 -0.38106444 -5.08653593
v -0.50323707 -0.28384855 -5.10319996
v -0.51516420 -0.30871966 -5.10243273
v -0.59194237 -0.40545300 -5.09228802
v -0.60507828 -0.41119316 -5.11101580
v -0.56171447 -0.35639492 -5.08777571
v -0.54763108 -0.34479728 -5.09196806
v -0.53207201 -0.25043324 -5.10871649
v -0.51307005 -0.26080456 -5.09802771
v -0.54688090 -0.29056790 -5.10825062
v -0.53416592 -0.29409179 -5.09668016
v -0.59499866 -0.34104684 -5.08729506
v -0.57989293 -0.34217909 -5.08553791
v -0.57226115 -0.33076629 -5.08857489
v -0.58945185 -0.32536736 -5.09451151
v -0.61050528 -0.36090419 -5.10620594
v -0.62650067 -0.36769977 -5.13366985
v -0.60445398 -0.35482559 -5.09493589
v -0.57965285 -0.33501604 -5.10013723
v -0.64160973 -0.36936912 -5.06895399
v -0.64968473 -0.37294731 -5.07306910
v -0.03672022 -0.43952468 -5.40569878
v -0.04034299 -0.44870093 -5.40513802
v -0.03921527 -0.45156398 -5.39894009
v -0.03501195 -0.44151160 -5.39843178
v -0.04079276 -0.43928412 -5.41307354
v -0.04199392 -0.44713947 -5.41158104
v -0.04633701 -0.44088176 -5.41806126
v -0.04652673 -0.44580069 -5.41583824
v -0.05287796 -0.44677350 -5.42019081
v -0.04721957 -0.45021048 -5.41459799
v -0.05289876 -0.45351729 -5.41703701
v -0.04447252 -0.45352921 -5.40967178
v -0.04904801 -0.45910320 -5.41079140
v -0.04238743 -0.45699862 -5.40408373
v -0.04532260 -0.46254262 -5.40300846
v -0.04082930 -0.45940176 -5.39924526
v -0.04894108 -0.46905807 -5.39641380
v -0.04279155 -0.46415809 -5.39560699
v -0.05309337 -0.47192243 -5.38857555
v -0.04576892 -0.46694604 -5.38923502
v -0.04765075 -0.47173092 -5.38113022
v -0.04251724 -0.46784267 -5.38500738
v -0.04102558 -0.47364154 -5.37426519
v -0.03741413 -0.46924141 -5.38022327
v -0.04206496 -0.46930888 -5.38136482
v -0.04556376 -0.47299793 -5.37733221
v -0.02934825 -0.47234723 -5.37050533
v -0.02843684 -0.46686843 -5.37816334
v -0.03424579 -0.47016659 -5.37727690
v -0.03554833 -0.47368756 -5.37193584
v -0.02249032 -0.46532485 -5.37382174
v -0.02489513 -0.46104589 -5.38057470
v -0.01577193 -0.46238366 -5.36902666
v -0.02030963 -0.45756230 -5.37724113
v -0.01075554 -0.45587423 -5.36573792
v -0.01592082 -0.45183375 -5.37419224
v -0.01064289 -0.44516340 -5.36464405
v -0.01467031 -0.44629547 -5.37106752
v -0.01080853 -0.43676987 -5.36801767
v -0.01433927 -0.44101992 -5.36968422
v -0.01224500 -0.43506286 -5.37145710
v -0.01689941 -0.44216636 -5.37403393
v -0.01665896 -0.43583021 -5.37642479
v -0.02030933 -0.44602099 -5.37994242
v -0.02380008 -0.44075856 -5.38344574
v -0.02655411 -0.45100930 -5.38598919
v -0.02915567 -0.43615136 -5.39010286
v -0.03212792 -0.44696704 -5.39129114
v -0.03437108 -0.45967457 -5.38841438
v -0.48829573 -0.10731819 -5.02680349
v -0.46346074 -0.12056932 -5.04295635
v -0.46811765 -0.11269465 -5.03107643
v 0.04416513 -0.10601327 -5.41962051
v 0.14650542 -0.04753923 -5.44823694
v 0.06696856 0.46852481 -5.36223984
v -0.16506094 -0.14761475 -5.32049227
v -0.18019098 -0.15881190 -5.31770372
v 0.32012254 0.48713991 -5.41978550
v -0.56881183 0.00650856 -5.11376715
v 0.48506066 0.12929970 -5.48490763
v -0.37851816 0.35966671 -5.18220949
v 0.49704355 0.46883950 -5.47302294
v -0.54853779 -0.34491125 -5.16593409
v -0.57059902 -0.36364004 -5.15680695
v -0.09883767 -0.06233847 -5.35943127
v -0.48418647 -0.18151525 -5.18206835
v -0.39911121 0.34365827 -5.17160177
v 0.54717809 0.41938910 -5.48962355
v 0.53617013 0.29932824 -5.48759794
v 0.55542147 0.34877655 -5.49189901
v 0.48852038 0.19379795 -5.47686005
v 0.24772745 -0.00267056 -5.47391558
v -0.61052185 -0.39854684 -5.14151859
v 0.26726937 0.48835036 -5.40649605
v 0.20778316 0.48102638 -5.39333010
v 0.58812195 0.38291633 -5.50709057
v 0.56012237 0.40347403 -5.49468946
v 0.58474398 0.35779259 -5.50201225
v 0.62150466 0.31944737 -5.52171564
v 0.68090832 0.31297162 -5.57761002
v 0.66265041 0.18872866 -5.56496668
v 0.65787721 0.11091122 -5.57083130
v 0.69049937 -0.04290649 -5.63717937
v 0.64592952 -0.02445629 -5.58222628
v 0.64529777 -0.17724785 -5.61505795
v -0.65452164 -0.01659319 -5.09039783
v -0.67249936 -0.05072996 -5.08784199
v -0.55626684 -0.35708001 -5.16271019
v -0.59275562 -0.38146928 -5.14780855
v -0.61159617 -0.38759521 -5.13981724
v -0.67385727 -0.24088475 -5.10351133
v 0.66617280 -0.16919616 -5.64055252
v 0.65124702 -0.18299857 -5.62437105
v -0.61086601 -0.01880571 -5.10392189
v -0.59182733 -0.02803373 -5.10701609
v -0.34882241 -0.18566117 -5.24900341
v -0.67804581 -0.15697995 -5.09518337
v -0.48035485 -0.17782411 -5.17124605
v -0.42782289 -0.21137735 -5.21220732
v -0.49032634 -0.30731788 -5.19016981
v -0.67454571 -0.11271104 -5.09275723
v -0.67450029 -0.39991865 -5.11550760
v -0.67135769 -0.40576217 -5.11731052
v -0.18997818 -0.14246550 -5.31904984
v -0.60044700 -0.42054257 -5.14896536
v -0.60081714 -0.41863444 -5.14867115
v -0.43995911 -0.27990404 -5.21284485
v -0.41842514 -0.25798026 -5.22166061
v -0.67293936 -0.25412515 -5.10492897
v -0.67116576 -0.27046755 -5.10695314
v -0.19204384 -0.12555757 -5.31617212
v -0.61572057 -0.39730737 -5.14064646
v -0.54742056 -0.24545911 -5.15900850
v -0.55724341 -0.28970280 -5.15893650
v -0.58445460 -0.31936714 -5.14921379
v -0.60119539 -0.32616642 -5.14210463
v -0.63968045 -0.42352131 -5.13230658
v -0.62355036 -0.42310861 -5.13921261
v -0.61433321 -0.42096254 -5.14301157
v -0.65598100 -0.41769817 -5.12484550
v -0.54385835 -0.35508803 -5.10246038
v -0.49843854 -0.31843069 -5.12243366
v -0.58337849 -0.41602275 -5.12050772
v -0.49594802 -0.31346443 -5.12323046
v -0.59029502 -0.38416091 -5.09498596
v -0.66069251 -0.39307389 -5.08797503
v -0.66972417 -0.40781328 -5.11817122
v -0.64720625 -0.41794124 -5.11239958
v -0.65866858 -0.41139379 -5.10759401
v -0.65316004 -0.41155902 -5.10375929
v -0.64778870 -0.41235730 -5.10380125
v -0.65868992 -0.40148857 -5.09470272
v -0.63512522 -0.40096930 -5.08983278
v -0.63060957 -0.39499125 -5.08284760
v -0.66467839 -0.40152600 -5.09968281
v -0.66770345 -0.40702209 -5.11104155
v -0.65238863 -0.40698180 -5.09809685
v -0.64620370 -0.40801427 -5.09843016
v -0.65324551 -0.40189889 -5.09106112
v -0.65434140 -0.39828458 -5.08818436
v -0.65058261 -0.39587691 -5.08388901
v -0.63931686 -0.40769055 -5.09669399
v -0.65024215 -0.39126584 -5.08021736
v -0.64560896 -0.39104304 -5.07809877
v -0.63526374 -0.38195828 -5.07242155
v -0.63424259 -0.38584116 -5.07319117
v -0.62887162 -0.38131073 -5.09545183
v -0.63817078 -0.38274559 -5.07043982
v -0.64587790 -0.40599474 -5.09239101
v -0.65198237 -0.40271690 -5.08760929
v -0.63055736 -0.38835362 -5.10383797
v -0.62886435 -0.38551018 -5.10374641
v -0.64238006 -0.40208998 -5.08762693
v -0.62728745 -0.38842705 -5.10313797
v -0.64701635 -0.39306024 -5.07702780
v -0.64304072 -0.38886473 -5.07525778
v -0.63118643 -0.38153854 -5.09778929
v -0.62924629 -0.38455358 -5.09964895
v -0.63168770 -0.38778684 -5.07698584
v -0.63935202 -0.39679471 -5.08260965
v -0.65460855 -0.38550279 -5.07941055
v -0.64990538 -0.38572052 -5.07668734
v -0.65560812 -0.39336607 -5.08420801
v -0.63732940 -0.37889209 -5.07091808
v -0.64048165 -0.38454112 -5.07298994
v -0.63274461 -0.38098475 -5.07152224
v -0.63082272 -0.37263778 -5.09212351
v -0.63890463 -0.38174441 -5.07105350
v -0.63699061 -0.39105424 -5.07534027
v -0.65034229 -0.39863530 -5.08346128
v -0.64032203 -0.38608667 -5.07204819
v -0.62591034 -0.38707468 -5.10121346
v -0.62686807 -0.38686994 -5.09744263
v -0.63112861 -0.38741073 -5.10223150
v -0.63355047 -0.37568256 -5.09383106
v -0.66550118 -0.41204730 -5.12031460
v -0.65586120 -0.40530714 -5.09707403
v -0.62752181 -0.37476543 -5.06880522
v -0.63880962 -0.41376868 -5.10334063
v -0.62533623 -0.38635185 -5.07603121
v -0.64318341 -0.38284722 -5.07400513
v -0.09892052 -0.37145075 -5.34863663
v -0.10100144 -0.37570366 -5.35238314
v -0.05294824 -0.36772016 -5.32730103
v -0.04950422 -0.36215988 -5.32711029
v 0.47078937 -0.37158659 -5.11247587
v 0.46737808 -0.37490872 -5.10460377
v 0.49668956 -0.38019678 -5.15219069
v 0.49089456 -0.38149408 -5.15977144
v 0.47483069 -0.37955388 -5.19144678
v 0.48707575 -0.37661877 -5.18109846
v 0.49108529 -0.36343357 -5.18205881
v 0.48408073 -0.36410317 -5.18913651
v 0.38633180 -0.33949932 -5.15272617
v 0.39232010 -0.33088306 -5.14806318
v 0.41308612 -0.31279889 -5.12861204
v 0.42873734 -0.29684660 -5.13225698
v 0.42117715 -0.28901717 -5.14456367
v 0.43145680 -0.27499095 -5.14743662
v -0.03827375 -0.46553007 -5.38562584
v -0.03874880 -0.45828679 -5.39397669
v -0.03011042 -0.46188298 -5.38351345
v -0.03949457 -0.46307829 -5.38953161
v -0.03292936 -0.46604481 -5.38223553
v -0.03581327 -0.45404479 -5.39315367
v -0.02982467 -0.45676187 -5.38650322
v -0.03275567 -0.45377722 -5.39005995
v 0.43001032 -0.43227962 -5.13182211
v 0.44220227 -0.42651454 -5.11852741
v 0.44088808 -0.42652348 -5.13678885
v 0.44927934 -0.42042741 -5.12358809
v 0.44453713 -0.42186990 -5.13061190
v 0.43456548 -0.42779532 -5.12041521
v 0.43131983 -0.42956552 -5.12496185
v 0.42897493 -0.43092450 -5.12721157
v 0.45854366 -0.41344485 -5.11561728
v 0.67634261 -0.10479888 -5.63731098
v 0.63619125 -0.13508973 -5.59253120
v 0.68130070 -0.12018093 -5.59064245
v 0.68985730 -0.10658458 -5.60970306
v 0.66043854 -0.12941453 -5.58061314
v 0.67253381 -0.13989457 -5.64145470
v 0.68615991 -0.13122579 -5.62124634
v 0.64159572 -0.16309276 -5.60659599
v 0.67610002 -0.14796010 -5.60216951
v 0.65662205 -0.15597573 -5.59637594
v 0.46566990 -0.39439687 -5.18531179
v 0.45337051 -0.38442460 -5.08275747
v 0.44142625 -0.38999751 -5.07543516
v 0.39604199 -0.40279344 -5.06577730
v 0.38090128 -0.39340267 -5.07983112
v 0.36394501 -0.41518989 -5.08990860
v 0.35620552 -0.40731546 -5.10460138
v 0.43327343 -0.39988109 -5.18202305
v 0.41639513 -0.40814671 -5.17988825
v 0.35697538 -0.41992548 -5.13782644
v 0.35466665 -0.41975287 -5.14003515
v 0.36936778 -0.39956978 -5.09100246
v 0.35177964 -0.40954009 -5.12566185
v 0.40551931 -0.38715008 -5.07355833
v 0.38687092 -0.42454448 -5.16507292
v 0.40202290 -0.41600338 -5.17387247
v 0.44982511 -0.39295831 -5.18555021
v 0.47074175 -0.38008073 -5.11110926
v 0.48803377 -0.38850304 -5.15475512
v 0.48715019 -0.37802646 -5.12171555
v 0.49553180 -0.38028327 -5.12720680
v 0.37125891 -0.41322818 -5.15735865
v 0.42359823 -0.38915923 -5.07124186
v 0.46415699 -0.37977287 -5.09461212
v 0.47796512 -0.37709925 -5.11845732
v 0.49995917 -0.38164750 -5.13812971
v 0.48615581 -0.38551834 -5.16637039
v 0.46863663 -0.38244626 -5.10283661
v 0.47835293 -0.39354637 -5.17892027
v 0.49305236 -0.39025339 -5.14449263
v -0.57016474 -0.39686176 -5.09877443
v -0.55505091 -0.38556001 -5.09950972
v -0.61131746 -0.34023175 -5.09829140
v -0.63670403 -0.33135399 -5.12647581
v -0.08023721 -0.38058779 -5.33302450
v -0.07535046 -0.37594017 -5.32989931
v -0.08777744 -0.32722726 -5.32869101
v -0.08241040 -0.31509230 -5.32421684
v -0.10483557 -0.37816939 -5.37419128
v -0.10387713 -0.37619230 -5.37897730
v -0.10175854 -0.33549228 -5.35790586
v -0.09746271 -0.32593927 -5.36725330
v 0.10702282 -0.04159200 -5.48084307
v 0.02202922 -0.05808008 -5.47949648
v 0.02551234 0.45576817 -5.41724014
v -0.12273580 0.45247111 -5.37774038
v -0.09178001 0.00271872 -5.53110075
v -0.11218053 0.04391783 -5.55322456
v -0.03950602 0.03864762 -5.58611107
v -0.02429450 -0.00533846 -5.55062914
v 0.07075852 0.02379286 -5.56789494
v 0.09522414 -0.00648227 -5.52918577
v 0.00743335 -0.02990353 -5.52353811
v -0.02179772 0.37294224 -5.52935410
v -0.14691895 0.36625004 -5.49872875
v -0.15794712 0.41546708 -5.42910004
v 0.00199848 0.42378268 -5.47750711
v 0.49900895 0.32399309 -5.62203693
v 0.46739438 0.36935225 -5.62224483
v 0.49713856 0.39958626 -5.58612585
v 0.52752662 0.35899150 -5.56221962
v -0.19080096 -0.11661401 -5.36122704
v -0.16709119 -0.09467152 -5.38720846
v 0.36819100 0.46314356 -5.49882889
v 0.30898589 0.47941101 -5.47225761
v -0.37121874 0.24329998 -5.38708544
v -0.35511476 0.19531070 -5.40883970
v -0.43539470 0.24404512 -5.31722307
v -0.42219216 0.27154505 -5.31857157
v 0.27990812 0.45717025 -5.53092051
v 0.33817172 0.42925620 -5.54667807
v 0.30943984 0.38866153 -5.58266163
v 0.25450641 0.42554533 -5.57867146
v -0.44226605 0.29673842 -5.21225023
v -0.43970460 0.28815317 -5.26683187
v -0.45545655 0.26325136 -5.24149847
v -0.45920473 0.26636159 -5.19099092
v -0.23540825 -0.05605838 -5.44011450
v -0.23841411 -0.06977668 -5.45096302
v -0.23917991 -0.06963077 -5.41059732
v -0.23335272 -0.05437770 -5.40625715
v -0.20647341 -0.09226140 -5.36353588
v -0.21290582 -0.10870191 -5.37137270
v -0.19872504 -0.11326060 -5.37750721
v -0.13230187 -0.07363883 -5.40925169
v -0.16064960 -0.10095128 -5.40792322
v -0.14659721 -0.09551290 -5.43170977
v -0.14134234 -0.04973009 -5.43520641
v -0.19388217 -0.09207937 -5.49373865
v -0.20834416 -0.09902611 -5.48766518
v -0.21837586 -0.05062154 -5.49277353
v -0.19126791 -0.04613701 -5.49925900
v 0.38571173 -0.05258831 -5.59149742
v 0.44739085 -0.09022340 -5.60118580
v 0.44050026 -0.09948024 -5.56827497
v 0.38507241 -0.06311986 -5.55321836
v 0.37677234 -0.03119946 -5.51598406
v 0.46429551 -0.10146257 -5.51637268
v 0.50891900 -0.07949707 -5.52378130
v 0.47581518 -0.00978306 -5.50355482
v 0.57144243 -0.27098116 -5.69701052
v 0.59743536 -0.26028541 -5.69601727
v 0.60393786 -0.31481615 -5.70185947
v 0.57728392 -0.32792231 -5.70628834
v 0.49743074 -0.15376493 -5.64749575
v 0.51662707 -0.14850232 -5.67926502
v 0.51804674 -0.17137328 -5.66898060
v 0.51453495 -0.18284056 -5.64061356
v 0.52904224 -0.15364346 -5.60597515
v 0.54154897 -0.19322649 -5.61910915
v 0.57453251 -0.17526063 -5.60275030
v 0.58070469 -0.14098230 -5.59898615
v 0.64580858 -0.12990275 -5.64447880
v 0.64616585 -0.14963654 -5.64797688
v 0.65826046 -0.14428857 -5.67032909
v 0.65692270 -0.11935702 -5.66680622
v -0.20203620 -0.08136311 -5.33613682
v -0.21504837 -0.06704932 -5.33438206
v -0.23256558 -0.04634124 -5.36839628
v -0.22208863 -0.05408785 -5.38698912
v -0.48202902 0.17548025 -5.24510956
v -0.43962115 0.16307947 -5.31615353
v -0.47140580 0.13069427 -5.27519751
v -0.50678152 0.13801512 -5.21388149
v -0.49532539 0.19466932 -5.17917395
v -0.52125758 0.14725366 -5.16989279
v -0.25146490 -0.05614427 -5.31420898
v -0.26976973 -0.07181314 -5.30730534
v -0.29386133 -0.01283011 -5.31107807
v -0.26554197 -0.01707557 -5.32723570
v -0.35984546 0.03103200 -5.32499695
v -0.33180267 0.00809690 -5.31438112
v -0.37985557 -0.02838537 -5.29240465
v -0.41335922 -0.01470777 -5.29134703
v -0.53457564 0.07837215 -5.19182491
v -0.50831765 0.07129678 -5.24120474
v -0.54011649 -0.00257257 -5.22592497
v -0.55503243 0.02146181 -5.17952681
v -0.56665021 0.02097932 -5.14314222
v -0.54440731 0.08543417 -5.14998722
v -0.29598576 0.30413103 -5.41488647
v -0.29429585 0.24189986 -5.44849873
v -0.32308692 0.24393290 -5.41565990
v -0.34132475 0.30388218 -5.37651205
v 0.26340288 0.00051740 -5.53999043
v 0.26673824 0.00117370 -5.57389116
v 0.33108908 -0.02471212 -5.56794405
v 0.27398849 -0.00221029 -5.52867365
v -0.30369765 0.39875633 -5.29434395
v -0.29439622 0.37193596 -5.35854006
v -0.37110072 0.35201976 -5.30348682
v -0.36955017 0.37298685 -5.24221563
v -0.75369638 -0.01711798 -5.28596878
v -0.74474007 -0.02503559 -5.31301880
v -0.76426798 -0.02968732 -5.30273867
v -0.76786715 -0.02505240 -5.28267813
v -0.67097467 -0.03607425 -5.15164423
v -0.68165928 -0.04220861 -5.11263752
v -0.66458005 -0.02234378 -5.12607622
v -0.64280874 -0.02157784 -5.17062998
v -0.47587377 -0.27470842 -5.22995996
v -0.50290519 -0.26926592 -5.24441385
v -0.46646720 -0.25073639 -5.25002003
v -0.44497639 -0.26448914 -5.23389578
v -0.49318796 -0.23345342 -5.27427006
v -0.47623664 -0.23494664 -5.26642275
v -0.49993485 -0.26260927 -5.25070906
v -0.51443106 -0.26415631 -5.25358009
v -0.68581957 -0.18422535 -5.11572170
v -0.68152195 -0.21083435 -5.11527634
v 0.07255518 0.30978891 -5.59698772
v -0.03605855 0.31506366 -5.57516289
v 0.08710718 0.37132847 -5.56301212
v -0.59945053 -0.37551752 -5.22269630
v -0.58812803 -0.37407938 -5.22079086
v -0.60228032 -0.38886371 -5.21359825
v -0.61306113 -0.39071217 -5.21475506
v 0.50827879 0.13982067 -5.61749983
v 0.50266635 0.15508825 -5.54844046
v 0.50180149 0.10478869 -5.56004047
v 0.51430225 0.09132415 -5.62509251
v 0.51097047 0.25206995 -5.62574482
v 0.51753092 0.19267917 -5.62711382
v 0.46788114 0.19153355 -5.65465927
v 0.45421389 0.26100716 -5.65177059
v -0.23887783 -0.05927953 -5.46673059
v -0.24739081 -0.04574206 -5.43507910
v -0.24548346 -0.03221244 -5.46976614
v -0.37157255 0.09454468 -5.36202288
v -0.41727251 0.11994362 -5.32793665
v -0.38177460 0.13539568 -5.37777042
v -0.35146910 0.08961883 -5.39127398
v -0.47005767 0.07012767 -5.28472233
v -0.43224782 0.07008171 -5.30707693
v -0.46646684 -0.00249135 -5.28732824
v -0.50345284 0.00142950 -5.26311159
v 0.22759706 0.31151465 -5.61480951
v 0.19027305 0.28605494 -5.60532475
v 0.19447994 0.36803931 -5.60163403
v 0.23682147 0.35101390 -5.59742737
v -0.16650671 -0.02367896 -5.48391342
v -0.20379847 0.02848223 -5.48193741
v -0.19282871 0.03630707 -5.47655964
v -0.16181964 -0.00707346 -5.46731138
v -0.66020781 -0.06919733 -5.31324720
v -0.72560197 -0.04908109 -5.32879019
v -0.71791297 -0.03802606 -5.33190632
v -0.66618329 -0.04922256 -5.32648230
v -0.52737790 -0.18712011 -5.27469206
v -0.55620044 -0.17547765 -5.26006746
v -0.54260916 -0.15424028 -5.26421785
v -0.51686746 -0.16589001 -5.27776957
v 0.49522677 0.06518045 -5.52927971
v -0.47368997 0.23426545 -5.18626738
v -0.40060848 0.34879041 -5.22506905
v 0.42466879 0.45976961 -5.49796724
v 0.46677506 0.43882641 -5.53679180
v 0.54173517 -0.02526674 -5.55077219
v 0.55746508 0.01876125 -5.58208752
v 0.55102295 -0.17253128 -5.69927549
v 0.55342507 -0.13458428 -5.69780636
v 0.61811876 -0.15531644 -5.62096500
v 0.61352277 -0.12755504 -5.62240028
v 0.28998798 0.34257251 -5.61538172
v 0.36448091 0.37260997 -5.60067272
v 0.36641014 0.31179237 -5.63587761
v 0.05699724 0.18420716 -5.62609911
v -0.03056484 0.16792512 -5.61983681
v -0.03048640 0.24286924 -5.60826445
v 0.06386441 0.24998143 -5.61660576
v -0.28775197 -0.00934315 -5.43353319
v -0.30671340 0.05644298 -5.43812037
v -0.28042883 0.06423119 -5.46299410
v -0.25464123 0.01932779 -5.48027277
v -0.37415487 0.07000425 -5.33232975
v -0.35952634 0.05410293 -5.36342192
v -0.33407944 0.01735878 -5.37120724
v -0.43280536 -0.00552264 -5.29776287
v -0.29139704 0.15661237 -5.44810390
v -0.28412241 0.16995391 -5.45575047
v -0.22242147 0.09217158 -5.48516512
v -0.22103900 0.07744896 -5.48153210
v 0.27175611 0.09368446 -5.62490702
v 0.23285043 0.19739388 -5.61890316
v 0.33055609 0.15023753 -5.65354347
v 0.35673791 0.07595018 -5.66041040
v -0.52213627 -0.24881008 -5.26150703
v -0.51699072 -0.21923378 -5.27648306
v -0.54835206 -0.31561789 -5.21086073
v -0.57324928 -0.34282777 -5.19924736
v -0.57958847 -0.33823946 -5.20839310
v -0.55412871 -0.31409845 -5.21957636
v -0.59526080 -0.24734566 -5.22716045
v -0.59601575 -0.27612993 -5.22098732
v -0.61237806 -0.25834551 -5.21317387
v -0.61161739 -0.22810516 -5.22042513
v -0.55028707 -0.31481841 -5.22766161
v -0.54573482 -0.31589749 -5.21811914
v -0.46536213 -0.22221389 -5.25859880
v -0.48241025 -0.23891500 -5.26073265
v -0.56071466 -0.33997598 -5.19079208
v -0.57965666 -0.35940209 -5.18109751
v 0.55279624 -0.24535957 -5.63251305
v 0.53748727 -0.23193851 -5.64957952
v 0.54355943 -0.29775879 -5.65764236
v 0.55568445 -0.29317835 -5.63975191
v 0.57610643 -0.28673831 -5.63137579
v 0.55000544 -0.34496412 -5.63736343
v 0.58034205 -0.33801660 -5.62772799
v 0.55149579 -0.28925720 -5.68385887
v 0.53983384 -0.21722808 -5.67696095
v 0.56650674 -0.21944883 -5.69801712
v 0.62498969 -0.31224421 -5.65490866
v 0.63034260 -0.24449596 -5.65903616
v 0.60467601 -0.26551720 -5.63681221
v 0.60205126 -0.31585243 -5.63489628
v 0.50611854 -0.13429514 -5.54991865
v 0.45971334 -0.10463509 -5.58320713
v 0.48235938 -0.12250385 -5.59876108
v 0.49266344 -0.11818197 -5.57932520
v 0.52501416 -0.10840753 -5.57240915
v 0.51712596 -0.12931111 -5.59452438
v 0.55120122 -0.11941358 -5.58102655
v 0.48318836 -0.07946911 -5.67316532
v 0.50746477 -0.10239652 -5.68905401
v 0.48193863 -0.12152055 -5.64810371
v 0.45996284 -0.09726688 -5.62664890
v 0.59583038 -0.07653877 -5.62205029
v 0.56537110 -0.09656885 -5.58492804
v 0.58639210 -0.11164585 -5.59688807
v 0.61691511 -0.10249260 -5.62846851
v -0.24804133 -0.40502700 -5.43169069
v -0.23959476 -0.40880761 -5.41623163
v -0.24381882 -0.43340358 -5.42198420
v -0.24914807 -0.42521903 -5.43875933
v -0.23308665 -0.33517316 -5.38564825
v -0.23642296 -0.37608936 -5.38355446
v -0.22880179 -0.36646399 -5.40132284
v -0.22088045 -0.32282171 -5.39924002
v -0.29036850 -0.44223627 -5.45282698
v -0.30751258 -0.43712160 -5.45184469
v -0.29254633 -0.40242419 -5.44198990
v -0.27985340 -0.43577155 -5.44795847
v -0.25502902 -0.27374515 -5.44241476
v -0.26824552 -0.26392958 -5.43788338
v -0.25842482 -0.23432919 -5.44870710
v -0.24381477 -0.24494699 -5.45163250
v -0.25257879 -0.09437290 -5.41333294
v -0.26964122 -0.13947335 -5.39824963
v -0.25421327 -0.13425776 -5.37909794
v -0.25083846 -0.10906371 -5.38096476
v -0.21844202 -0.24529722 -5.35782671
v -0.20002180 -0.22319213 -5.36264801
v -0.22030979 -0.21426287 -5.35357571
v -0.24031824 -0.23947605 -5.35248423
v -0.17207736 -0.19308636 -5.45481014
v -0.15602082 -0.15114757 -5.46847200
v -0.15292448 -0.16538706 -5.45272732
v -0.16245991 -0.19729266 -5.43963051
v -0.27253634 -0.21979150 -5.43751955
v -0.28401679 -0.20623329 -5.41789865
v -0.27407640 -0.18294653 -5.42951298
v -0.26259476 -0.20188424 -5.44612694
v -0.10914987 -0.05144146 -5.40994501
v -0.13810378 -0.03474414 -5.41333580
v -0.18992037 0.43545637 -5.33707714
v -0.19394833 0.07977101 -5.52047348
v -0.15498096 0.03866178 -5.51842022
v -0.17349523 0.02422205 -5.48188210
v -0.20459694 0.05865774 -5.48566961
v -0.12990099 -0.02606773 -5.45916557
v -0.15304762 -0.01767585 -5.44538450
v -0.14746505 0.01108351 -5.47912407
v -0.12932044 0.00760642 -5.50412083
v -0.20921093 0.40113127 -5.39708042
v -0.21982008 0.27773821 -5.50016642
v -0.21470731 0.35337248 -5.45219374
v -0.20320588 0.15079239 -5.53546381
v -0.25463408 0.12541786 -5.48424244
v -0.25868398 0.19574609 -5.48656511
v -0.20226008 0.21456434 -5.53575325
v -0.03545004 -0.07059953 -5.43525648
v -0.06514508 -0.04287180 -5.48758364
v 0.12547070 0.45332080 -5.44769430
v 0.10115135 0.42897332 -5.51347780
v 0.39952403 0.42164394 -5.55473280
v -0.43792087 0.19982520 -5.32027626
v -0.46893460 0.22325353 -5.23364496
v -0.23083872 -0.09068319 -5.37904358
v -0.20635206 -0.07613555 -5.36099529
v -0.14487535 -0.11024162 -5.45949173
v -0.15071589 -0.09874526 -5.48350954
v -0.15324956 -0.05149069 -5.47853613
v -0.13595349 -0.05252135 -5.44938469
v -0.35196143 -0.45784369 -5.40364408
v -0.35078281 -0.45234099 -5.41128159
v -0.35584635 -0.47918811 -5.41848373
v -0.35904115 -0.48521557 -5.40991402
v -0.25767380 -0.03204599 -5.41146183
v -0.35407203 -0.06145892 -5.28423071
v 0.26111364 0.02868173 -5.58147526
v 0.32175946 -0.00562653 -5.58802080
v -0.37356490 0.30646706 -5.34989452
v -0.40737683 0.32755813 -5.28360891
v -0.74912673 -0.01868871 -5.26278400
v -0.75889975 -0.02849045 -5.26020575
v 0.42252010 0.36554074 -5.62377930
v 0.44239753 0.40583193 -5.59790373
v -0.53884214 -0.31939140 -5.19769764
v -0.56164140 -0.34753838 -5.18599558
v -0.44274336 -0.20545247 -5.24567509
v -0.51394540 -0.17653164 -5.21823692
v -0.53575021 -0.20149592 -5.24002314
v -0.58786434 -0.35469094 -5.19727612
v -0.56848854 -0.33419636 -5.20757389
v 0.62710208 -0.42004666 -5.65459538
v 0.63157266 -0.41745844 -5.66503286
v 0.51407272 -0.13669357 -5.67824030
v 0.50223911 -0.14612088 -5.63009691
v 0.64210701 -0.10011581 -5.66314840
v 0.63624871 -0.11498383 -5.63598299
v -0.28894788 -0.22515628 -5.38554430
v -0.27995986 -0.24213365 -5.36756277
v -0.27299505 -0.19670042 -5.36953211
v -0.28602010 -0.19965371 -5.39346409
v -0.19440562 -0.26726523 -5.39936972
v -0.21053034 -0.29028317 -5.39338017
v -0.21103007 -0.29189041 -5.41656971
v -0.19436437 -0.26323643 -5.42301321
v -0.27971679 -0.17267486 -5.39910746
v -0.17804343 -0.24350700 -5.41223764
v -0.17969817 -0.23370686 -5.43583965
v -0.37079781 0.16133457 -5.39656639
v -0.29656512 0.15072811 -5.45153141
v -0.35087806 0.24684854 -5.39805126
v -0.30090016 0.16213265 -5.44861031
v -0.40668601 0.29705775 -5.32345343
v -0.42491096 0.30971253 -5.27143717
v -0.17317957 -0.11434814 -5.39420033
v -0.23445517 -0.12220469 -5.37022352
v -0.22764176 -0.08029214 -5.47638702
v -0.19323426 -0.14259860 -5.47966576
v -0.17308432 -0.10380867 -5.48795557
v -0.17515057 -0.16021952 -5.47196484
v -0.32103866 -0.47929588 -5.35307217
v -0.32308131 -0.45681015 -5.35365248
v -0.33213109 -0.46729103 -5.35694647
v -0.33017486 -0.49056974 -5.35445070
v -0.31977671 -0.39785293 -5.42522001
v -0.31271988 -0.39447793 -5.43111897
v -0.32289535 -0.41219136 -5.43309450
v -0.33004826 -0.42055836 -5.42908764
v -0.20560712 -0.01905873 -5.49949074
v -0.18327767 -0.01704475 -5.49986362
v -0.17000061 -0.04668134 -5.49633741
v -0.42342204 0.32362142 -5.22511387
v -0.22605389 0.02859220 -5.49609041
v -0.25424582 0.08129069 -5.48414660
v -0.24255604 0.08831421 -5.48163557
v -0.21370620 0.02999878 -5.49231863
v -0.33073181 0.10071772 -5.42116785
v -0.33125752 0.04423591 -5.40601921
v -0.23406845 -0.28312567 -5.36493969
v -0.22326452 -0.29952165 -5.38026381
v -0.20563191 -0.26253995 -5.37363386
v -0.27558249 -0.39789471 -5.44175482
v -0.26833290 -0.42131963 -5.44712448
v -0.28150898 -0.25011936 -5.42690420
v -0.29116565 -0.23670968 -5.40933847
v -0.26016086 -0.31335416 -5.43801451
v -0.24878675 -0.31459400 -5.43732405
v -0.26048607 -0.36629388 -5.43127584
v -0.27804250 -0.36829308 -5.43442297
v -0.24307734 -0.19111678 -5.35528326
v -0.26286966 -0.16568509 -5.37342739
v -0.25847369 -0.22172460 -5.35465479
v -0.18524772 -0.15799996 -5.38163328
v -0.18701798 -0.19435647 -5.37594891
v -0.17357486 -0.19053450 -5.39440012
v -0.16350275 -0.15714630 -5.40428162
v -0.23105198 -0.21806148 -5.46129894
v -0.21132141 -0.22767255 -5.45880365
v -0.22801024 -0.25591800 -5.44909239
v -0.26781350 -0.14378223 -5.42723608
v -0.24898213 -0.09775773 -5.44658709
v -0.23806340 -0.12377217 -5.46389341
v -0.25457209 -0.16968158 -5.45060158
v 0.51219982 0.42585757 -5.52987385
v 0.52984869 0.40074629 -5.52794886
v 0.54349792 0.34476539 -5.53563881
v 0.52639395 0.28564447 -5.57301807
v 0.56928849 0.37382102 -5.53442192
v 0.56394565 0.36460450 -5.53951406
v 0.54254645 0.37025356 -5.53644466
v 0.55104274 0.39202490 -5.52928638
v 0.66682041 0.28914157 -5.59527731
v 0.64960271 0.26938507 -5.58991241
v 0.61507618 0.33415827 -5.56102705
v 0.62603796 0.35896727 -5.56208563
v 0.68990111 0.19387528 -5.61829138
v 0.66869193 0.18366113 -5.60998392
v 0.68170232 0.11331514 -5.62365055
v 0.66164237 0.09981093 -5.61676025
v 0.67750132 0.04597250 -5.63199425
v 0.65237302 0.02966133 -5.62650394
v 0.66728252 -0.02048251 -5.64168596
v 0.63888156 -0.02765921 -5.63453913
v 0.65538657 -0.07089934 -5.64284611
v 0.62533653 -0.07992104 -5.63019848
v 0.65364492 -0.15333197 -5.64580822
v 0.63759315 -0.16172037 -5.63346910
v -0.20781547 -0.25872126 -5.44159317
v -0.19243973 -0.22616354 -5.45270491
v -0.24790078 -0.20853785 -5.45677948
v -0.18147570 -0.22958532 -5.38538647
v -0.20930666 -0.18030408 -5.36306095
v -0.23450536 -0.15544686 -5.36489439
v -0.23476940 -0.17632899 -5.46390486
v -0.21399933 -0.18526968 -5.46771717
v -0.16394335 -0.20575675 -5.41643047
v -0.19258887 -0.19232956 -5.46366692
v -0.60786301 -0.01350591 -5.18669796
v -0.58160394 -0.02455708 -5.19184732
v -0.59935814 -0.02588859 -5.21577168
v -0.61137778 -0.01800033 -5.20983553
v -0.62436610 -0.02672476 -5.19938374
v -0.64561683 -0.05139717 -5.19366360
v -0.62197095 -0.01439056 -5.25808907
v -0.58496326 -0.04479170 -5.25138378
v -0.61792928 -0.03270528 -5.28582048
v -0.63202673 -0.01665750 -5.22883081
v -0.62960702 -0.03409377 -5.20977163
v -0.63420373 -0.05049372 -5.21379185
v -0.62632686 -0.06603873 -5.22130060
v -0.63209039 -0.06373534 -5.22350311
v -0.63622600 -0.06076819 -5.23501635
v -0.62017173 -0.04774481 -5.22975874
v -0.60594779 -0.04620364 -5.25197315
v -0.62693018 -0.05675912 -5.25780869
v -0.61852771 -0.06047246 -5.28562307
v -0.59183782 -0.07264611 -5.26550484
v -0.56833237 -0.08380201 -5.26380825
v -0.60044938 -0.09137008 -5.27326250
v -0.60561913 -0.08115765 -5.27439213
v -0.67250758 -0.00774845 -5.28589535
v -0.69126016 -0.02294010 -5.32313728
v -0.67327529 -0.01200217 -5.24547338
v -0.65134114 -0.03250214 -5.22390556
v -0.65495604 -0.04681644 -5.22519350
v -0.65275687 -0.05958784 -5.23316145
v -0.67002016 -0.05930543 -5.24655104
v -0.66479033 -0.05503881 -5.26936769
v -0.67828828 -0.05897439 -5.30510616
v -0.62133032 -0.07699731 -5.28033257
v -0.71996707 -0.02202988 -5.31663752
v -0.72498721 -0.01066452 -5.28701973
v -0.71671396 -0.01636851 -5.25229502
v -0.69085711 -0.02721056 -5.23209858
v -0.68951970 -0.03922367 -5.22860384
v -0.68589705 -0.05388898 -5.23533821
v -0.71551579 -0.04864067 -5.24124050
v -0.73614317 -0.04516768 -5.25436878
v -0.70949703 -0.04931358 -5.25335693
v -0.62096697 -0.09006873 -5.22412920
v -0.61899573 -0.08247986 -5.23248672
v -0.60977465 -0.09055087 -5.24985838
v -0.60657209 -0.09937516 -5.24193382
v -0.55308503 -0.11952689 -5.25420380
v -0.59293097 -0.10481694 -5.25177050
v -0.59165782 -0.09370986 -5.26178741
v -0.56226557 -0.10087660 -5.25989819
v -0.59150201 -0.09595558 -5.27287149
v -0.58720630 -0.09671441 -5.27049112
v -0.59950465 -0.09278706 -5.27616501
v -0.61960155 -0.07829359 -5.28555918
v -0.66590005 -0.07363203 -5.31305647
v -0.72236329 -0.05643538 -5.32495213
v -0.75851768 -0.04147342 -5.30358219
v -0.76748520 -0.03525949 -5.28336763
v -0.75493509 -0.03968149 -5.25866365
v -0.72999805 -0.04467487 -5.24167633
v -0.69431382 -0.04942110 -5.22991180
v -0.73243934 -0.03557020 -5.23682785
v -0.63512880 -0.05924544 -5.21838474
v -0.62996060 -0.06982806 -5.21299791
v -0.60130793 -0.08405533 -5.27416801
v -0.61576158 -0.07556906 -5.28932524
v -0.66217774 -0.06874537 -5.31453276
v -0.70991975 -0.05856475 -5.32317877
v -0.74068576 -0.04903731 -5.30322409
v -0.74817461 -0.04345036 -5.27876759
v 0.57677042 -0.37190685 -5.71523237
v 0.61050451 -0.36322728 -5.71533823
v 0.60198885 -0.38983318 -5.71862316
v 0.55215394 -0.41309437 -5.72451544
v 0.56740296 -0.40601346 -5.72471714
v 0.56354183 -0.43738183 -5.73240566
v 0.54913461 -0.44307700 -5.73223305
v 0.53920728 -0.38296679 -5.68710423
v 0.51843023 -0.40457097 -5.68810797
v 0.51281953 -0.41176465 -5.67301559
v 0.53109080 -0.39395192 -5.66914845
v 0.51905811 -0.41967669 -5.63626575
v 0.53880078 -0.40611836 -5.63204479
v 0.53261590 -0.39857402 -5.64752769
v 0.51168716 -0.42203656 -5.64900351
v 0.57455659 -0.40980837 -5.61934137
v 0.55091047 -0.42702314 -5.61714268
v 0.56728595 -0.43723366 -5.61808491
v 0.58293188 -0.42899576 -5.62058306
v 0.55266523 -0.34838995 -5.69967842
v 0.53484046 -0.35813460 -5.65981293
v 0.19892919 -0.01384416 -5.50902843
v 0.17487329 0.05901858 -5.57943583
v 0.05817074 0.06827238 -5.60075188
v 0.14867502 0.08875772 -5.59259939
v -0.12765688 0.09458029 -5.57323217
v 0.18718517 0.01911202 -5.55880928
v -0.14931649 0.30833185 -5.54107380
v 0.14381486 0.26085070 -5.61117554
v 0.14815009 0.33154649 -5.60172892
v -0.12585479 0.16703555 -5.58711147
v -0.12662119 0.23473936 -5.57777357
v 0.14808643 0.13461167 -5.61099529
v 0.05308825 0.11862358 -5.61975384
v 0.14612079 0.19382043 -5.61398935
v 0.15576565 0.40554971 -5.57624769
v 0.16904211 0.44876939 -5.52372122
v -0.57037801 -0.25795200 -5.23942995
v -0.57829171 -0.28981742 -5.22836924
v -0.54283720 -0.20681831 -5.26661682
v -0.54428047 -0.23717168 -5.25951958
v -0.56608754 -0.22411993 -5.25186110
v -0.57104009 -0.19480208 -5.25175285
v -0.62260133 -0.19360617 -5.22772360
v -0.59132415 -0.21724072 -5.23714590
v -0.58504087 -0.16132262 -5.24667597
v -0.61649543 -0.14760247 -5.23859978
v -0.59790140 -0.12758788 -5.24039459
v -0.56749576 -0.14154580 -5.24894810
v -0.30341405 -0.46743336 -5.45945835
v -0.31647557 -0.47094944 -5.45731068
v -0.32167429 -0.44777432 -5.44893360
v -0.34235913 -0.48994258 -5.36463499
v -0.34860176 -0.49354735 -5.36697388
v -0.34174317 -0.51359427 -5.36557245
v -0.33196050 -0.51312733 -5.36486435
v -0.34388047 -0.50881386 -5.39471436
v -0.34917086 -0.50966382 -5.39156294
v -0.35087746 -0.48371509 -5.38687515
v -0.35031039 -0.48996714 -5.39222193
v -0.34722763 -0.45558003 -5.38417292
v -0.34565634 -0.46720865 -5.38992310
v -0.34872895 -0.47922644 -5.43291044
v -0.35238236 -0.47478554 -5.42336512
v -0.34900910 -0.45200935 -5.41880512
v -0.34369713 -0.45608154 -5.42750263
v -0.33161253 -0.40522644 -5.41048622
v -0.33353621 -0.40567377 -5.40162706
v -0.35203272 -0.48553607 -5.39666033
v -0.35897666 -0.49105182 -5.40242958
v -0.35170275 -0.51080155 -5.40476131
v -0.34497970 -0.50881267 -5.39956856
v -0.35039788 -0.50144911 -5.43400717
v -0.34116381 -0.50232446 -5.44022608
v -0.33569604 -0.48479626 -5.35873985
v -0.33530921 -0.46208289 -5.36044025
v -0.33716553 -0.47189334 -5.36293173
v -0.33715385 -0.49487272 -5.35909653
v -0.32834834 -0.50922716 -5.35761595
v -0.32471651 -0.51279533 -5.36143398
v -0.34510142 -0.47261205 -5.43553257
v -0.34593493 -0.47590372 -5.43844461
v -0.34114033 -0.49281535 -5.44609499
v -0.33570904 -0.49800226 -5.44576836
v -0.64878088 -0.19505051 -5.20944786
v -0.65546066 -0.18361571 -5.21254492
v -0.65253478 -0.18528786 -5.21472740
v -0.64103895 -0.20389524 -5.21073484
v -0.68254191 -0.16195640 -5.20921135
v -0.66448432 -0.16842404 -5.21674681
v -0.66550308 -0.17386749 -5.21280241
v -0.67614383 -0.16922000 -5.20872450
v -0.64204913 -0.21055320 -5.20241308
v -0.63135296 -0.22482082 -5.20373106
v -0.63465077 -0.23338857 -5.19564819
v -0.64288384 -0.21676597 -5.19574499
v -0.68567425 -0.19639686 -5.16210127
v -0.68158108 -0.20468488 -5.15747595
v -0.68330652 -0.20383981 -5.14783287
v -0.68937749 -0.18803158 -5.15019512
v -0.68422586 -0.38875702 -5.13492155
v -0.68579060 -0.37903324 -5.13325834
v -0.68677121 -0.37235084 -5.14090824
v -0.68716472 -0.37887612 -5.14607859
v -0.68135148 -0.36630639 -5.17000532
v -0.68330270 -0.36386171 -5.16773272
v -0.67865449 -0.35495237 -5.17363262
v -0.34095079 -0.43052098 -5.37405205
v -0.34226841 -0.43004885 -5.37983418
v -0.34839517 -0.46021202 -5.38009548
v -0.34594411 -0.45977512 -5.37433195
v -0.31877011 -0.43304792 -5.35389853
v -0.31541342 -0.41030225 -5.35554361
v -0.32226533 -0.40993956 -5.35965967
v -0.32904440 -0.43954000 -5.35770607
v -0.25739819 -0.42174211 -5.44725180
v -0.26132280 -0.39847770 -5.44081163
v -0.32911354 -0.43481556 -5.43846369
v -0.33723933 -0.44273987 -5.43364716
v -0.34075099 -0.44615319 -5.37115908
v -0.34686369 -0.47224995 -5.37009382
v -0.34064239 -0.46773234 -5.36881256
v -0.33865327 -0.45221588 -5.36889410
v -0.34546810 -0.43904379 -5.39507532
v -0.35331255 -0.46601900 -5.39952087
v -0.34660500 -0.46017334 -5.39422846
v -0.34425575 -0.44164196 -5.39052296
v -0.33725375 -0.43524978 -5.42644405
v -0.33501512 -0.42270175 -5.42491817
v -0.34370738 -0.45181718 -5.43023777
v -0.34167808 -0.45231918 -5.43007469
v -0.61929959 -0.08455625 -5.28146601
v -0.61609370 -0.07684520 -5.28375721
v -0.63291556 -0.07486668 -5.29898977
v -0.65730482 -0.05977902 -5.22818375
v -0.63575000 -0.07395849 -5.30022001
v -0.65420443 -0.17538300 -5.21585369
v -0.66098601 -0.17632398 -5.21093178
v -0.65950090 -0.17423496 -5.21379757
v -0.65546352 -0.17170289 -5.21659088
v -0.65098876 -0.18389204 -5.21370316
v -0.65071601 -0.18777111 -5.21121788
v -0.64861137 -0.18620548 -5.21280289
v -0.64888388 -0.18180457 -5.21563911
v -0.65322942 -0.19990614 -5.19726324
v -0.65442079 -0.20263413 -5.19231510
v -0.65383226 -0.19952312 -5.19446325
v -0.65235883 -0.19739899 -5.19920683
v -0.66806215 -0.22222677 -5.16570234
v -0.66165167 -0.23166600 -5.16801023
v -0.66663772 -0.24123910 -5.15988827
v -0.67207795 -0.23268130 -5.15384722
v -0.67909819 -0.20466676 -5.16636467
v -0.68407983 -0.19404158 -5.17466974
v -0.67331558 -0.18225828 -5.19719553
v -0.66727036 -0.17781892 -5.20691013
v -0.66846091 -0.17996237 -5.20186520
v -0.67270309 -0.18367186 -5.19471550
v -0.67189223 -0.17177752 -5.20867157
v -0.68504506 -0.16956440 -5.20077038
v -0.66665500 -0.17206272 -5.21180439
v -0.65314883 -0.18558958 -5.21146345
v -0.64913779 -0.19557479 -5.20729637
v -0.68531328 -0.18494800 -5.18493700
v -0.69197756 -0.18320814 -5.17153502
v -0.69156724 -0.17523959 -5.18764257
v -0.67912036 -0.17658725 -5.19865322
v 0.64504707 0.24326965 -5.57586956
v 0.61722744 0.30801675 -5.55161524
v 0.65958452 0.16066733 -5.59363604
v 0.64829189 0.08110234 -5.59534121
v 0.63356495 0.00937524 -5.60388088
v 0.62318206 -0.03897211 -5.61092186
v 0.61381078 -0.09460244 -5.61249447
v 0.63682187 -0.16785863 -5.61961460
v -0.03724587 0.10067204 -5.61237192
v 0.41736037 0.17383870 -5.66604280
v 0.38100594 0.24642687 -5.65552425
v -0.31590527 0.12345761 -5.43509245
v 0.50679135 0.20325822 -5.56098747
v -0.54363185 -0.26680592 -5.24653244
v -0.53633195 -0.27410772 -5.24915695
v -0.54124492 -0.22724184 -5.24741745
v -0.53843719 -0.32091084 -5.20198679
v -0.31105715 0.00542799 -5.40153074
v -0.68496591 -0.36579862 -5.13238239
v -0.68483669 -0.35513267 -5.14365339
v -0.62159282 -0.23699561 -5.20897293
v -0.62804574 -0.21308926 -5.21454763
v -0.55765337 -0.29315832 -5.23317337
v -0.57426947 -0.33352646 -5.21568489
v -0.59356982 -0.35135832 -5.20499420
v -0.59011179 -0.34527490 -5.21067619
v -0.55965859 -0.31542531 -5.22314358
v -0.56436545 -0.31733236 -5.22178173
v -0.59191316 -0.34475079 -5.21142006
v -0.56739241 -0.32396355 -5.22211123
v -0.60259801 -0.37134233 -5.18578005
v -0.60379487 -0.36019662 -5.19774055
v -0.52865189 -0.28697798 -5.23926353
v -0.52568132 -0.29134157 -5.22772169
v -0.50663286 -0.29777452 -5.21429777
v -0.58695036 -0.38188908 -5.17429399
v -0.53584534 -0.28847799 -5.23991013
v -0.61571485 -0.36742881 -5.19729471
v -0.57658821 -0.33096996 -5.21658850
v -0.55057138 -0.31053755 -5.22626686
v -0.55004781 -0.31011000 -5.22604656
v -0.57528645 -0.32985637 -5.21936321
v -0.61413783 -0.39423743 -5.16308308
v -0.61596447 -0.38186291 -5.18505955
v -0.61587602 -0.40535191 -5.19513607
v -0.62216312 -0.40787777 -5.19365501
v -0.61960930 -0.40102407 -5.20463276
v -0.60943919 -0.39815471 -5.20359898
v -0.27657372 -0.00671300 -5.39780235
v 0.22804207 0.07997790 -5.59360361
v 0.20044518 0.13659766 -5.60890865
v 0.30541593 0.03129089 -5.60844183
v -0.22402531 -0.01541215 -5.49261141
v 0.48124805 0.04824236 -5.68208694
v 0.42906618 0.09788927 -5.67706966
v 0.48093632 0.13786232 -5.65660381
v 0.52260584 0.08836058 -5.65554905
v 0.60894746 -0.06019893 -5.65766239
v 0.59857249 -0.02876318 -5.64255524
v 0.58553475 -0.04488298 -5.60397625
v 0.49847806 -0.13520983 -5.66497421
v 0.49370921 -0.13513967 -5.62059212
v 0.63945639 -0.11345866 -5.68346977
v 0.59816658 -0.13027945 -5.68920374
v 0.59200478 -0.10978511 -5.68710423
v 0.62208486 -0.09521922 -5.67587566
v 0.55048037 -0.12055728 -5.69615078
v 0.43773031 0.32204366 -5.64332342
v 0.29738510 0.25689703 -5.63377666
v -0.71568686 -0.05429825 -5.30576372
v -0.71646267 -0.04541630 -5.27763367
v -0.61633831 -0.37138847 -5.22094345
v -0.62726337 -0.39073530 -5.21123409
v -0.64205998 -0.18785682 -5.21929884
v -0.29498154 -0.28488699 -5.40589523
v -0.29693252 -0.28922710 -5.38944912
v -0.27414137 -0.30543318 -5.43455648
v -0.29134232 -0.35683540 -5.43234444
v -0.22565883 -0.32851204 -5.41702461
v -0.23570758 -0.37570456 -5.41633368
v -0.24716812 -0.33422253 -5.37078333
v -0.25016552 -0.38569775 -5.37226772
v -0.26616734 -0.26211116 -5.36129189
v -0.29368263 -0.30617705 -5.37579536
v -0.27820450 -0.32140580 -5.36607265
v -0.31052095 -0.35775515 -5.41983461
v -0.24322087 -0.28365543 -5.43937683
v -0.20934755 -0.14071146 -5.37004852
v -0.15399319 -0.16329619 -5.43169594
v 0.57024902 0.35951769 -5.52736187
v 0.45227006 -0.05509639 -5.64815569
v 0.40130669 0.00714031 -5.65751839
v 0.53603786 -0.40844992 -5.71467400
v 0.52490103 -0.41314486 -5.70534325
v 0.54087073 -0.40167341 -5.70922947
v 0.55617589 -0.39340970 -5.71646976
v 0.19718891 0.47264168 -5.45070267
v 0.25252658 0.47752813 -5.47197866
v 0.22652858 0.46344012 -5.51722479
v -0.27187282 -0.34383073 -5.35756063
v -0.25802308 -0.33090642 -5.36283302
v -0.25872046 -0.38122627 -5.36447906
v -0.26787728 -0.38359681 -5.35849333
v -0.21532947 -0.13961402 -5.47664547
v 0.55345607 0.02349573 -5.66798592
v 0.49485078 -0.01389101 -5.70218992
v 0.56703997 0.02608261 -5.63106489
v 0.56975925 -0.02887657 -5.67506838
v 0.52358240 -0.05968782 -5.69721794
v 0.58812851 -0.06045762 -5.66900826
v 0.63061476 -0.15537682 -5.68491745
v 0.62776136 -0.20210853 -5.68077707
v 0.64499438 -0.19146898 -5.67054176
v 0.63931674 -0.23839310 -5.67472601
v 0.62480533 -0.24959925 -5.68506241
v 0.63204926 -0.34791180 -5.69804192
v 0.64100051 -0.34306493 -5.67490435
v 0.63544905 -0.37757745 -5.70904922
v 0.58723116 -0.15693024 -5.70286655
v 0.59448975 -0.20117036 -5.70025396
v 0.62696195 -0.38483670 -5.71794319
v 0.61678088 -0.38889709 -5.71961832
v -0.24219733 -0.38326177 -5.42654228
v 0.51121986 -0.43173066 -5.66718435
v 0.52890706 -0.40297046 -5.65972996
v 0.54656231 -0.38904712 -5.70571470
v 0.52120221 -0.42169371 -5.70235538
v 0.51527691 -0.46493307 -5.71829510
v 0.50233012 -0.46557584 -5.70626259
v 0.53236121 -0.43580487 -5.62909222
v 0.55010659 -0.40165308 -5.62630367
v 0.50201726 -0.47507879 -5.67746782
v 0.49742731 -0.47240129 -5.66590309
v 0.60284382 -0.43675920 -5.63709641
v 0.60889769 -0.40206048 -5.63125563
v 0.59428680 -0.41634771 -5.62465763
v 0.59054673 -0.44714466 -5.62979031
v 0.57333565 -0.38534680 -5.61997604
v 0.55669320 -0.40807477 -5.62078667
v 0.53435516 -0.42717996 -5.62345123
v 0.51727587 -0.47952434 -5.63137960
v 0.52639401 -0.47920540 -5.62537289
v -0.42250568 -0.24070981 -5.24076843
v -0.43988234 -0.22600296 -5.25313950
v -0.42413229 -0.20467302 -5.25381565
v -0.40827686 -0.21948156 -5.24536419
v -0.45729119 -0.21379957 -5.26723528
v -0.47601205 -0.20509836 -5.28171396
v -0.46461993 -0.18225023 -5.27761459
v -0.44137150 -0.19151971 -5.26439953
v -0.64874583 -0.13700745 -5.23578739
v -0.67172080 -0.12741777 -5.22243404
v -0.63423580 -0.11029199 -5.22612572
v -0.62450737 -0.11676726 -5.23469591
v -0.69083828 -0.10821655 -5.17494297
v -0.69158524 -0.11306778 -5.14315033
v -0.68745273 -0.07101098 -5.14567280
v -0.67314965 -0.07705483 -5.18164587
v -0.50004393 -0.19754574 -5.28453684
v -0.48964339 -0.17310628 -5.28487825
v -0.67343742 -0.27538374 -5.14381123
v -0.66632658 -0.26221892 -5.15791798
v -0.66750807 -0.28572240 -5.15698576
v -0.67446345 -0.29971507 -5.14500713
v -0.63858491 -0.25221351 -5.18969727
v -0.64624459 -0.26610503 -5.18272495
v -0.64565617 -0.24108747 -5.18210793
v -0.64224702 -0.22914222 -5.18839645
v -0.67765743 -0.29435137 -5.13276243
v -0.67707902 -0.27684870 -5.13032293
v -0.62717921 -0.25693497 -5.20008326
v -0.61643535 -0.36517981 -5.19982672
v -0.61760527 -0.36649910 -5.19906569
v -0.63416237 -0.38722506 -5.16035938
v -0.63248807 -0.37899140 -5.18228483
v -0.62674052 -0.38086191 -5.18444252
v -0.62960106 -0.39088401 -5.16383076
v -0.60433871 -0.37066755 -5.18614292
v -0.60081154 -0.37569955 -5.17407846
v -0.60865504 -0.36497453 -5.19553661
v -0.61965781 -0.37663141 -5.18067408
v -0.61899906 -0.38210472 -5.16675329
v -0.61273521 -0.36677304 -5.19449186
v -0.59347790 -0.34925172 -5.20742464
v -0.53518790 -0.28442672 -5.24714708
v -0.54097420 -0.29920509 -5.23412323
v -0.58393484 -0.37082931 -5.22043562
v -0.59791213 -0.38642904 -5.21403980
v -0.59758157 -0.38695052 -5.21278763
v -0.58466893 -0.37268570 -5.21949863
v -0.54912633 -0.30513552 -5.23146677
v -0.54066533 -0.28834864 -5.23631763
v -0.53792554 -0.29940203 -5.23279715
v -0.60689622 -0.41745481 -5.16480780
v -0.60732597 -0.41808555 -5.16394377
v -0.61003023 -0.41085288 -5.18206406
v -0.57383770 -0.35552117 -5.22436047
v -0.57218069 -0.35280731 -5.22384119
v -0.55899388 -0.32675037 -5.22912979
v -0.55703264 -0.32917723 -5.22697449
v -0.61076385 -0.40400758 -5.19514132
v -0.60699850 -0.39769593 -5.20376682
v -0.60590166 -0.39707401 -5.20419884
v -0.61032706 -0.40514365 -5.19416237
v -0.61115474 -0.41937736 -5.15829897
v -0.61192685 -0.41340491 -5.17443752
v -0.57746547 -0.35464898 -5.22687674
v -0.56608969 -0.32323119 -5.22897577
v -0.53550345 -0.28755394 -5.24188805
v -0.54060799 -0.29148903 -5.24047136
v -0.54139918 -0.30144241 -5.23708057
v -0.59283429 -0.34793070 -5.21218634
v -0.61411840 -0.36541274 -5.20025396
v -0.63049561 -0.38899550 -5.16341734
v -0.62039036 -0.40649185 -5.18884706
v -0.61883920 -0.41120830 -5.17268085
v -0.61100489 -0.41484591 -5.16628313
v -0.61128527 -0.41014007 -5.18351889
v -0.60096818 -0.38520202 -5.21713543
v -0.58688253 -0.36904469 -5.22304869
v -0.59574729 -0.36825576 -5.22498465
v -0.60606545 -0.38515052 -5.21781158
v -0.54990011 -0.30101326 -5.23374414
v -0.54590935 -0.30881277 -5.23057747
v -0.53683764 -0.30111477 -5.23343420
v -0.61759382 -0.40099910 -5.20295477
v -0.61168438 -0.40446898 -5.19708252
v -0.56422824 -0.32352027 -5.22742939
v -0.55773407 -0.32600501 -5.22753620
v -0.61001688 -0.39388970 -5.21042395
v -0.60653120 -0.39611629 -5.20679903
v -0.54006749 -0.30071178 -5.23817015
v -0.29954964 0.01050290 -5.35311699
v -0.32223862 -0.10269675 -5.28678894
v -0.39943391 -0.19790408 -5.25089550
v -0.38773257 -0.18613914 -5.25365543
v -0.22552735 -0.06182912 -5.32210636
v -0.25259107 -0.02813205 -5.34586954
v -0.33760291 0.24419895 -5.40710354
v -0.23878068 -0.40040275 -5.40068245
v -0.23720473 -0.43359903 -5.40177488
v -0.22771579 -0.29165736 -5.43436909
v -0.23794574 -0.33131072 -5.42953539
v 0.62465858 -0.07701054 -5.65702391
v 0.53710437 -0.13349941 -5.60004473
v 0.57010424 -0.12982848 -5.58864546
v 0.60745645 -0.12958661 -5.60738659
v 0.63770175 -0.18267253 -5.65102291
v -0.62909132 -0.16397431 -5.23361778
v -0.60116822 -0.18033525 -5.24120045
v -0.65384871 -0.15865371 -5.22569609
v -0.62557644 -0.41686073 -5.17123413
v -0.58192307 -0.31593421 -5.22530842
v -0.59009486 -0.34785953 -5.22698879
v -0.61057693 -0.33639136 -5.21780968
v -0.59902531 -0.30523524 -5.21848249
v -0.62978750 -0.40904924 -5.19103241
v -0.62793308 -0.40294102 -5.20106125
v -0.67265278 -0.25139502 -5.14750814
v -0.67655987 -0.23482266 -5.14154816
v -0.67696530 -0.25735435 -5.13156939
v -0.67792839 -0.23951390 -5.12742519
v -0.68466538 -0.20128587 -5.13304901
v -0.68978375 -0.17613032 -5.13507700
v -0.69602722 -0.16818336 -5.15839911
v -0.69531852 -0.14769605 -5.14099169
v -0.69982713 -0.14393046 -5.17012358
v -0.69894582 -0.16646388 -5.17628241
v -0.68200189 -0.14623067 -5.21746397
v -0.63781422 -0.28279701 -5.19141769
v -0.64925462 -0.29122499 -5.18155098
v -0.67766708 -0.32171091 -5.14552546
v -0.67823380 -0.31694463 -5.13431835
v -0.67836684 -0.32820812 -5.12395763
v -0.67655522 -0.30728343 -5.12033367
v -0.66337138 -0.39041093 -5.17031860
v -0.66030139 -0.40037391 -5.16199017
v -0.67729157 -0.21679118 -5.15432787
v -0.67424387 -0.21324262 -5.16464615
v -0.67613226 -0.28476140 -5.12019730
v -0.67607635 -0.26776156 -5.12054777
v -0.68024558 -0.21690503 -5.14110088
v -0.68025202 -0.22331306 -5.12942076
v -0.67858249 -0.23191360 -5.11539602
v -0.67046076 -0.19463292 -5.18596601
v -0.66591769 -0.19748250 -5.18615961
v -0.67106730 -0.20225623 -5.17965126
v -0.67541558 -0.19507053 -5.18381310
v -0.64873499 -0.22037724 -5.18401289
v -0.64766830 -0.21278653 -5.19128132
v -0.68033510 -0.19168785 -5.18347692
v -0.67621011 -0.18796447 -5.18983889
v -0.67781597 -0.19982639 -5.17662191
v -0.65159208 -0.18575683 -5.21225357
v -0.65262431 -0.17846599 -5.21565628
v -0.65534145 -0.17817011 -5.21460676
v -0.66528922 -0.20487681 -5.18123579
v -0.66673523 -0.21181348 -5.17471886
v -0.67346436 -0.20942327 -5.17132044
v -0.67850965 -0.18364707 -5.19256830
v -0.67602235 -0.33036414 -5.15572929
v -0.68096274 -0.33908543 -5.14660978
v -0.67095429 -0.30869880 -5.15612650
v -0.64774257 -0.30928335 -5.18480110
v -0.65859061 -0.31275788 -5.17521334
v -0.65554863 -0.29510203 -5.17552185
v -0.68150264 -0.34072194 -5.13564587
v -0.58169466 -0.34799144 -5.22736216
v -0.57372743 -0.35040525 -5.22474003
v -0.67780668 -0.39991364 -5.12534189
v -0.68266875 -0.38582703 -5.12445116
v -0.68034583 -0.34914157 -5.12232161
v -0.68220979 -0.36925301 -5.12061214
v -0.68761903 -0.12514982 -5.11405134
v -0.68463808 -0.08103648 -5.11120272
v -0.67632884 -0.25153044 -5.11543703
v -0.68969995 -0.15830675 -5.11830902
v -0.65076643 -0.20124331 -5.19966507
v -0.65028411 -0.19723013 -5.20479918
v -0.64747483 -0.20402101 -5.20125484
v -0.64812881 -0.20707950 -5.19665241
v -0.63657981 -0.41176817 -5.18452454
v -0.65329701 -0.09587803 -5.20749807
v -0.68580109 -0.12259629 -5.20378494
v -0.64185685 -0.38645080 -5.20321560
v -0.63874632 -0.40151951 -5.19659424
v -0.65260071 -0.39197096 -5.19268656
v -0.65096837 -0.37584129 -5.19978619
v -0.63592917 -0.36655441 -5.20911694
v -0.63066524 -0.33838966 -5.20488310
v -0.64940935 -0.35675958 -5.19836044
v -0.64290029 -0.32925454 -5.19332790
v -0.65557128 -0.39963916 -5.17708397
v -0.66081506 -0.38628730 -5.18257523
v -0.64701396 -0.40745291 -5.18250751
v -0.73146552 -0.02365005 -5.24470043
v -0.69730979 -0.16088763 -5.19187641
v -0.69603688 -0.14122310 -5.19636917
v -0.66419059 -0.17164645 -5.21273232
v -0.66108757 -0.17261174 -5.21389246
v -0.65068871 -0.19137993 -5.20886993
v -0.65164524 -0.20443824 -5.19467163
v -0.65377766 -0.20635453 -5.18981314
v -0.67281836 -0.17827299 -5.20187664
v -0.66224307 -0.20016953 -5.18634844
v -0.65985638 -0.20369008 -5.18525219
v -0.66140288 -0.21113744 -5.17903662
v -0.67338461 -0.18889359 -5.18937016
v -0.65059596 -0.17844716 -5.21641302
v -0.65204483 -0.19459954 -5.20262671
v -0.65216523 -0.19655016 -5.20251751
v -0.65683442 -0.17953375 -5.21236372
v -0.66234285 -0.18200055 -5.20619059
v -0.67031389 -0.19051573 -5.18977022
v -0.67201310 -0.18583986 -5.19332266
v -0.66362816 -0.19666120 -5.18828821
v -0.66034657 -0.19732389 -5.19028568
v -0.65517348 -0.19680658 -5.19647741
v -0.65467578 -0.19556478 -5.19870663
v -0.65609878 -0.19199768 -5.20110035
v -0.65177780 -0.18527451 -5.21189737
v -0.65071887 -0.19076100 -5.20800686
v -0.65409642 -0.18715945 -5.20855284
v -0.65133411 -0.18143180 -5.21468210
v -0.65289909 -0.17835012 -5.21530581
v -0.65679008 -0.19638482 -5.19465446
v -0.65544230 -0.20050678 -5.19171143
v -0.66430610 -0.19340542 -5.19109154
v -0.67133886 -0.18326840 -5.19663000
v -0.66863781 -0.18454495 -5.19753551
v -0.59342271 -0.06599477 -5.24783945
v -0.61024815 -0.05581445 -5.23454762
v -0.61918205 -0.06627107 -5.22968531
v -0.61148936 -0.07888409 -5.23878527
v -0.59477144 -0.09327856 -5.25264549
v -0.58481485 -0.09102300 -5.26242924
v -0.58421069 -0.08457544 -5.25743818
v 0.59094965 -0.39462087 -5.62302065
v 0.60474455 -0.36596403 -5.62820387
v 0.66102266 -0.16746631 -5.64356804
v 0.65031713 -0.17005232 -5.64116526
v 0.64431840 -0.17767093 -5.62958622
v -0.65988165 -0.27100125 -5.16750956
v -0.66240937 -0.29706159 -5.16761541
v -0.68209893 -0.34619775 -5.15320587
v -0.66866595 -0.32162687 -5.16551685
v -0.61828595 -0.41969857 -5.15162849
v 0.57649004 -0.22482976 -5.61892653
v 0.60850298 -0.20640656 -5.62547493
v 0.63120407 -0.36168775 -5.64992523
v 0.62945145 -0.30269745 -5.68885517
v 0.63968915 -0.28684571 -5.67336416
v -0.33333617 -0.40439567 -5.38021040
v -0.33140761 -0.40185812 -5.37355328
v -0.24054986 -0.42184111 -5.38035202
v -0.30021578 -0.36681107 -5.43060493
v -0.30597645 -0.39037171 -5.43356037
v -0.32150751 -0.38630417 -5.36442566
v -0.30864388 -0.38417587 -5.35734463
v 0.49703789 -0.46975842 -5.68642521
v 0.50169832 -0.47723225 -5.64341450
v 0.51983392 -0.45267251 -5.72272587
v -0.63375407 -0.02590352 -5.13199615
v -0.26033682 -0.29116842 -5.36007071
v -0.29314667 -0.39021930 -5.35264587
v -0.27383548 -0.38885769 -5.35606861
v -0.28177065 -0.33799943 -5.35419703
v -0.55216342 -0.05314305 -5.24532509
v -0.59875923 -0.02491352 -5.13261223
v -0.46399480 -0.12441036 -5.27435160
v -0.49633914 -0.11325827 -5.26828384
v -0.48223513 -0.07805893 -5.27199078
v -0.44916004 -0.09072784 -5.28302288
v -0.41044635 -0.18511561 -5.25856924
v -0.40097898 -0.16776863 -5.26341915
v -0.42728990 -0.17225137 -5.26375723
v -0.44981366 -0.16061369 -5.27100229
v -0.43529254 -0.13650790 -5.27246857
v -0.41642874 -0.15763941 -5.26575804
v -0.50544900 -0.14200005 -5.27368116
v -0.53217918 -0.13274994 -5.26142931
v -0.52539796 -0.10459700 -5.25725698
v -0.47689372 -0.15084830 -5.27843904
v -0.54962522 -0.09623691 -5.25201082
v -0.37881738 -0.13891038 -5.27333593
v -0.36384314 -0.16547260 -5.26462078
v -0.42270833 -0.09368995 -5.28650093
v -0.40472215 -0.12174466 -5.27732420
v -0.51757210 -0.06711715 -5.25814724
v 0.49673787 -0.08510473 -5.55127764
v 0.55252463 -0.08539572 -5.55498743
v -0.66127664 -0.22103497 -5.17265511
v -0.65891021 -0.17747751 -5.21302509
v -0.65546995 -0.20591930 -5.18838930
v -0.65149575 -0.25027630 -5.17582464
v -0.64983398 -0.22962406 -5.17966747
v -0.65375584 -0.27814975 -5.17546272
v -0.66785270 -0.33553424 -5.17462683
v -0.67858845 -0.34389892 -5.16409063
v -0.28857893 -0.29975173 -5.42348766
v -0.65237075 -0.41079506 -5.16572428
v -0.64771885 -0.41822287 -5.15109539
v -0.68753415 -0.37263647 -5.15405750
v -0.62209731 -0.29892579 -5.20497036
v -0.63255984 -0.42181066 -5.15173435
v -0.68559271 -0.36930785 -5.16164255
v -0.68362886 -0.37121901 -5.16452122
v -0.65624195 -0.32883599 -5.18252087
v -0.68674237 -0.36245051 -5.15321827
v -0.63707238 -0.30525866 -5.19427586
v -0.66280991 -0.37263897 -5.19029045
v -0.66414410 -0.34974673 -5.18660307
v -0.64041430 -0.41706231 -5.16813898
v -0.65071708 -0.19176933 -5.20781374
v -0.65762192 -0.21766326 -5.17760372
v -0.65776259 -0.22857800 -5.17234230
v -0.65277487 -0.21590468 -5.18302345
v -0.65343159 -0.22766677 -5.17650318
v -0.65598232 -0.21291348 -5.18289042
v -0.65834183 -0.24535415 -5.16850233
v -0.33018523 -0.45904854 -5.44636488
v -0.34074384 -0.46871319 -5.44034004
v -0.34359628 -0.43399778 -5.38343334
v -0.34508818 -0.44678608 -5.38829470
v -0.34019071 -0.42668238 -5.41590405
v -0.34008092 -0.43930319 -5.42466450
v -0.33346659 -0.44203618 -5.36181211
v -0.33688551 -0.45236531 -5.36611700
v -0.35327154 -0.48788336 -5.38448572
v -0.35085469 -0.48522505 -5.37502241
v -0.34203690 -0.42383495 -5.39947224
v -0.33933598 -0.41939828 -5.40775633
v 0.56352532 -0.46795496 -5.62275314
v 0.57747650 -0.45757511 -5.62547064
v 0.61536008 -0.42416790 -5.64439487
v 0.62786412 -0.38911119 -5.63998413
v -0.27562553 -0.41929689 -5.35644722
v -0.28518730 -0.43818632 -5.35120726
v 0.59665751 -0.41877380 -5.71789360
v 0.58910275 -0.42379650 -5.72501278
v 0.62728584 -0.41279820 -5.69173479
v 0.62985557 -0.41493234 -5.70168114
v 0.62138414 -0.41277054 -5.71384192
v 0.61361504 -0.41147438 -5.71458673
v 0.64299822 -0.37855461 -5.68596029
v 0.55419278 -0.07596788 -5.69015360
v 0.19059104 0.19851112 -5.61005783
v 0.20562327 0.42402440 -5.57565546
v 0.53073931 -0.11449799 -5.69195604
v 0.59829187 -0.08355728 -5.67606878
v 0.56558883 -0.10086945 -5.69286060
v -0.65784067 -0.20694116 -5.18450880
v -0.65655464 -0.20399454 -5.18782568
v -0.73752946 -0.03807554 -5.32248878
v -0.35677224 -0.50571930 -5.42650175
v -0.35623461 -0.50992596 -5.41408205
v -0.32094258 -0.50937307 -5.35532999
v -0.31095582 -0.50243938 -5.35106611
v -0.33038574 -0.48335144 -5.45453835
v -0.33911592 -0.49004665 -5.44869137
v -0.35378402 -0.50940573 -5.38630581
v -0.34893590 -0.51358545 -5.37082767
v 0.54453301 -0.47397128 -5.62067032
v 0.53483945 -0.45147672 -5.73057938
v -0.68472463 -0.35949311 -5.16381311
v -0.74913913 -0.03937152 -5.31719971
v -0.74213368 -0.04923674 -5.31749201
v -0.73019451 -0.05454981 -5.31712914
v -0.33470279 -0.42181906 -5.42030621
v -0.33228141 -0.41553226 -5.42090654
v -0.34140927 -0.42786208 -5.38680792
v -0.34064585 -0.42315367 -5.38957548
v -0.32312638 -0.37346658 -5.37493753
v -0.33013982 -0.40859285 -5.36857080
v -0.32723480 -0.40904704 -5.36344767
v -0.31953388 -0.36657265 -5.41146278
v -0.32644922 -0.39419255 -5.41869831
v -0.32920986 -0.40134582 -5.41544724
v -0.32144231 -0.42865506 -5.44191313
v -0.31450826 -0.40986899 -5.43796730
v -0.32606083 -0.37457266 -5.40152121
v -0.32198197 -0.36071166 -5.38852644
v -0.33309287 -0.39748457 -5.39336586
v -0.33458024 -0.39910778 -5.38566160
v -0.26741642 -0.44507226 -5.36467505
v -0.27445823 -0.46380261 -5.35824013
v -0.29319865 -0.46662280 -5.35109138
v -0.27998775 -0.48457888 -5.35670996
v -0.33646339 -0.43883434 -5.36790943
v -0.33369678 -0.43372062 -5.36527109
v -0.31030971 -0.47647479 -5.35136223
v -0.29520494 -0.49410453 -5.35193253
v -0.30969423 -0.44669738 -5.35056162
v -0.31672651 -0.46258608 -5.35179949
v -0.24160522 -0.44259802 -5.38282681
v -0.30746013 -0.41088864 -5.35157967
v -0.27214557 -0.47921619 -5.36315489
v -0.27971214 -0.49633685 -5.35843277
v -0.25547451 -0.43930164 -5.44347811
v -0.26433212 -0.43662480 -5.44671059
v -0.25837272 -0.45190206 -5.37807322
v -0.25076896 -0.44111452 -5.37560844
v -0.26566941 -0.46244755 -5.36836576
v -0.29894572 -0.48036531 -5.46143293
v -0.30312842 -0.47756448 -5.46139574
v -0.29574686 -0.47089699 -5.45943785
v -0.29218620 -0.47649792 -5.45949984
v -0.32979089 -0.51630294 -5.37144756
v -0.34130102 -0.51741505 -5.37240648
v -0.34445566 -0.51326919 -5.39058208
v -0.33729392 -0.51067877 -5.39576721
v -0.34775573 -0.51640403 -5.37904692
v -0.34840828 -0.51411939 -5.38654709
v -0.34906977 -0.51183963 -5.41258717
v -0.34132415 -0.51150143 -5.40707302
v -0.32984036 -0.50350106 -5.43879223
v -0.34202522 -0.50633252 -5.43399572
v -0.34909302 -0.50866842 -5.42861509
v -0.35139257 -0.51077271 -5.41969776
v -0.32221955 -0.48866042 -5.45835018
v -0.33309549 -0.49490336 -5.45195723
v -0.25046581 -0.45235667 -5.39577293
v -0.25080234 -0.44847474 -5.41229868
v -0.25233287 -0.45251992 -5.38269949
v -0.25287348 -0.44093618 -5.43078995
v -0.30850917 -0.50932324 -5.35445213
v -0.31817764 -0.51267099 -5.35808420
v -0.27289563 -0.44409385 -5.44707346
v -0.28502518 -0.46105269 -5.45559311
v -0.31406957 -0.49030146 -5.46006489
v -0.31140143 -0.48153666 -5.46141243
v -0.30636102 -0.48512092 -5.46190500
v -0.29604393 -0.50510073 -5.35400486
v -0.27094942 -0.46137598 -5.40024567
v -0.26468641 -0.45205083 -5.39907265
v -0.26320702 -0.45624998 -5.38852882
v -0.26736635 -0.46567270 -5.39149952
v -0.26459068 -0.46765378 -5.38328552
v -0.26518363 -0.46291611 -5.37628651
v -0.26635271 -0.47359744 -5.37588596
v -0.26917201 -0.47209725 -5.36926937
v -0.26748234 -0.48056915 -5.37319899
v -0.26960331 -0.48259023 -5.36892986
v -0.26825029 -0.48854890 -5.37512684
v -0.27361232 -0.49277315 -5.36736202
v -0.27152377 -0.49461320 -5.37882233
v -0.27759200 -0.49900779 -5.37620258
v -0.27794474 -0.49764183 -5.38795805
v -0.28417116 -0.50064278 -5.38447666
v -0.28544945 -0.50234807 -5.39381361
v -0.29457015 -0.50551069 -5.38747597
v -0.29720742 -0.50444186 -5.39677143
v -0.30716616 -0.50790024 -5.39128685
v -0.30875975 -0.50457513 -5.39791059
v -0.29936415 -0.50094414 -5.40480280
v -0.31149405 -0.50339866 -5.41617680
v -0.30041176 -0.50072503 -5.42083359
v -0.29904801 -0.50010729 -5.41309500
v -0.31079000 -0.50271857 -5.40626717
v -0.29375142 -0.49727634 -5.43469715
v -0.29480153 -0.49876496 -5.42723751
v -0.30571681 -0.50090277 -5.42835522
v -0.29722482 -0.49663904 -5.44090939
v -0.28521913 -0.49263987 -5.44085979
v -0.28727144 -0.49148181 -5.44676065
v -0.28032798 -0.48599944 -5.44894743
v -0.28378803 -0.48410311 -5.45288754
v -0.27883929 -0.47664025 -5.45157242
v -0.28227645 -0.47276035 -5.45426941
v -0.27817947 -0.46629903 -5.44979334
v -0.27893120 -0.45851007 -5.44978285
v -0.27512008 -0.45786634 -5.44496727
v -0.27265447 -0.44976452 -5.44579840
v -0.27059716 -0.45431533 -5.44070482
v -0.26781160 -0.44656745 -5.44187641
v -0.26794940 -0.45292380 -5.43329668
v -0.26521188 -0.44800338 -5.43357897
v -0.26501745 -0.44589564 -5.42208338
v -0.27250606 -0.45554557 -5.42040348
v -0.26741439 -0.45033595 -5.40809584
v -0.27291566 -0.45772645 -5.40940332
v -0.28932995 -0.48624596 -5.45730972
v -0.29073960 -0.48372301 -5.45912123
v -0.28722459 -0.47792545 -5.45774221
v -0.28682750 -0.48429868 -5.45569277
v -0.29154199 -0.49115518 -5.45410347
v -0.29165798 -0.49226633 -5.45059967
v -0.29846722 -0.49463144 -5.45159292
v -0.30435568 -0.49677548 -5.44682789
v -0.30784923 -0.49668053 -5.45088434
v -0.31878406 -0.49933496 -5.44692039
v -0.31285840 -0.49642423 -5.45368099
v -0.32241529 -0.49671647 -5.45446825
v -0.31168896 -0.49381158 -5.45811224
v -0.30645198 -0.49017891 -5.46079540
v -0.30044860 -0.48631266 -5.46156120
v -0.29489189 -0.48399964 -5.46072769
v -0.32155830 -0.50540769 -5.42373133
v -0.32255238 -0.50483966 -5.42801905
v -0.31721979 -0.50339961 -5.42845488
v -0.31708628 -0.50451708 -5.42157555
v -0.32625645 -0.50737321 -5.41871929
v -0.32330912 -0.50690794 -5.41503811
v -0.33422333 -0.50930727 -5.41408396
v -0.33326072 -0.50876629 -5.41771936
v -0.33864444 -0.50971174 -5.41801691
v -0.34409887 -0.51074576 -5.41635704
v -0.34217125 -0.50965881 -5.42101240
v -0.34651357 -0.50957370 -5.42270803
v -0.34194356 -0.50880730 -5.42498541
v -0.34438401 -0.50848424 -5.42678833
v -0.33819693 -0.50743985 -5.42878389
v -0.34170681 -0.50733578 -5.43028116
v -0.33344227 -0.50566649 -5.43237257
v -0.33205467 -0.50610638 -5.42992878
v -0.32706207 -0.50521886 -5.43020296
v -0.32395703 -0.50401247 -5.43262911
v -0.32025093 -0.51317620 -5.38330221
v -0.31995374 -0.51150858 -5.38840628
v -0.31521291 -0.51072335 -5.38761902
v -0.31234914 -0.51182783 -5.38071251
v -0.32599097 -0.51528382 -5.37816906
v -0.33511084 -0.51718128 -5.37587643
v -0.34174579 -0.51741850 -5.37853575
v -0.34416908 -0.51586437 -5.38461971
v -0.33990198 -0.51425135 -5.38830614
v -0.32933074 -0.51089716 -5.39229107
v -0.33521539 -0.51249540 -5.39049292
v -0.32247847 -0.50680673 -5.39733934
v -0.32275611 -0.51052558 -5.39150620
v -0.31596619 -0.50868034 -5.39285183
v -0.28190809 -0.50487578 -5.36648607
v -0.28148204 -0.50265753 -5.37067986
v -0.27784175 -0.50144970 -5.36901522
v -0.28249937 -0.50297213 -5.36169910
v -0.28987795 -0.50715518 -5.36244106
v -0.29679602 -0.50721931 -5.35805511
v -0.29898030 -0.50935686 -5.36160088
v -0.30731922 -0.51015806 -5.35865259
v -0.30447322 -0.51112652 -5.36349773
v -0.31314284 -0.51259625 -5.36218500
v -0.29552478 -0.50839281 -5.37615061
v -0.30236465 -0.51083910 -5.37226677
v -0.30438882 -0.51087284 -5.37545967
v -0.29610461 -0.50788987 -5.37989950
v -0.28919894 -0.50478601 -5.37684917
v -0.28483933 -0.50389099 -5.38007736
v -0.28523940 -0.50181532 -5.37385559
v -0.28122419 -0.50154269 -5.37396145
v -0.32395619 -0.51348102 -5.38497543
v -0.32436389 -0.51245439 -5.38822317
v -0.32680923 -0.51481724 -5.38152504
v -0.33172840 -0.51604676 -5.37943363
v -0.33657175 -0.51664865 -5.37992239
v -0.33913654 -0.51605570 -5.38364363
v -0.33678585 -0.51488733 -5.38625526
v -0.33120865 -0.51290059 -5.38916588
v -0.33517212 -0.51402414 -5.38787174
v -0.32720691 -0.51235735 -5.38938999
v -0.28368133 -0.50588238 -5.36954927
v -0.28449494 -0.50429761 -5.37216282
v -0.28755134 -0.50743878 -5.36641836
v -0.29320008 -0.50874889 -5.36507082
v -0.29753751 -0.50985241 -5.36560774
v -0.30619401 -0.51175106 -5.36747837
v -0.29950196 -0.51035857 -5.36766005
v -0.29844075 -0.51010168 -5.37057972
v -0.29492790 -0.50860620 -5.37316513
v -0.29133052 -0.50578439 -5.37403870
v -0.28775531 -0.50387669 -5.37379646
v -0.32531744 -0.50607789 -5.42483044
v -0.32654268 -0.50585234 -5.42709684
v -0.32711381 -0.50703359 -5.42184734
v -0.33114737 -0.50811851 -5.42008495
v -0.33509487 -0.50880468 -5.42002916
v -0.33775777 -0.50900316 -5.42132092
v -0.33850795 -0.50864100 -5.42362309
v -0.33689648 -0.50786126 -5.42614651
v -0.33341104 -0.50686836 -5.42782259
v -0.32963699 -0.50616717 -5.42803812
v -0.29249257 -0.48890188 -5.45776176
v -0.29412550 -0.48774835 -5.45936203
v -0.29320675 -0.49118379 -5.45575809
v -0.29692727 -0.49347630 -5.45400810
v -0.30218869 -0.49487641 -5.45333862
v -0.30613834 -0.49525765 -5.45444584
v -0.30688554 -0.49428800 -5.45650816
v -0.30487055 -0.49241063 -5.45869112
v -0.30134362 -0.49020341 -5.45995378
v -0.29717642 -0.48840180 -5.46005630
v -0.33114618 -0.51469171 -5.38523102
v -0.33181196 -0.50743401 -5.42417479
v -0.29015046 -0.50818563 -5.37052298
v -0.29895729 -0.49242601 -5.45710230
v -0.25023574 -0.43459693 -5.37098026
v -0.26042098 -0.42658487 -5.36688662
v -0.24673778 -0.43993607 -5.37492990
v -0.24500519 -0.44411710 -5.37590027
v -0.24201399 -0.43530300 -5.37737894
v -0.24324280 -0.42433658 -5.37571716
v -0.24588042 -0.41111007 -5.37435150
v -0.24500018 -0.41647193 -5.37316179
v -0.25006968 -0.40363070 -5.36957788
v -0.25625354 -0.40567806 -5.36441231
v -0.24605280 -0.41910705 -5.37123966
v -0.25096363 -0.42616501 -5.36932993
v -0.25825852 -0.41859308 -5.36551666
v -0.24208647 -0.43629304 -5.37716007
v -0.24298126 -0.43884715 -5.37700844
v -0.24214822 -0.43127552 -5.37653208
v -0.24164647 -0.42421636 -5.37493849
v -0.24136060 -0.42575720 -5.37427282
v -0.24721414 -0.43089405 -5.37177706
v -0.24591380 -0.43404707 -5.37337112
v -0.24461442 -0.43604675 -5.37462854
v -0.24309510 -0.43917558 -5.37656116
v -0.29541034 -0.45778444 -5.45766306
v -0.31375033 -0.50083506 -5.43744850
v -0.32603818 -0.50756943 -5.40746880
v -0.31583101 -0.51379824 -5.36852217
v 0.60939085 -0.43203571 -5.66633654
v 0.61563486 -0.42373964 -5.66397524
v 0.61261272 -0.42975178 -5.65416193
v 0.60953951 -0.43643025 -5.65720940
v 0.60864460 -0.43909642 -5.65054655
v 0.60863888 -0.43536612 -5.64593506
v 0.60502589 -0.44533780 -5.64545298
v 0.60291958 -0.44370392 -5.64157820
v 0.60064280 -0.45228729 -5.64117098
v 0.59647918 -0.45062789 -5.63634872
v 0.59556460 -0.46029666 -5.63825274
v 0.58659059 -0.46223655 -5.63108301
v 0.58951908 -0.46836224 -5.63931513
v 0.58211631 -0.47188690 -5.63540936
v 0.58167326 -0.47214350 -5.64578867
v 0.57358211 -0.47344872 -5.64246273
v 0.57080507 -0.47438028 -5.65352011
v 0.56028831 -0.47637406 -5.64978075
v 0.55934203 -0.47506896 -5.66145706
v 0.55053461 -0.47675005 -5.65882254
v 0.54859501 -0.47428516 -5.66715193
v 0.55975598 -0.47143832 -5.67210865
v 0.55102473 -0.46960774 -5.68684626
v 0.56278217 -0.46818736 -5.69016171
v 0.55810606 -0.46781400 -5.68045616
v 0.54890668 -0.46989116 -5.67634773
v 0.57187390 -0.46435836 -5.70820427
v 0.56741107 -0.46676520 -5.69972086
v 0.55560422 -0.46811333 -5.70003510
v 0.56356931 -0.46371606 -5.71451330
v 0.58114028 -0.45940259 -5.71692467
v 0.57727766 -0.45665297 -5.72338963
v 0.58699369 -0.44991902 -5.72342777
v 0.58215225 -0.44516507 -5.72762585
v 0.58987153 -0.44089630 -5.72254753
v 0.58816218 -0.43378583 -5.72404766
v 0.59446639 -0.43280008 -5.71876097
v 0.59518182 -0.42489204 -5.71908188
v 0.60096025 -0.42666611 -5.71219826
v 0.60283458 -0.42023793 -5.71250916
v 0.60732120 -0.42241886 -5.70746756
v 0.61307311 -0.41652265 -5.71035290
v 0.61156893 -0.42037955 -5.70238972
v 0.61839080 -0.41786817 -5.70241308
v 0.61198485 -0.41858241 -5.69059944
v 0.60700041 -0.42445150 -5.69031525
v 0.61419982 -0.42025712 -5.67737246
v 0.60745609 -0.43100581 -5.67682695
v 0.56842631 -0.45522663 -5.73037910
v 0.56688595 -0.45209959 -5.73279333
v 0.57342649 -0.44753668 -5.73187351
v 0.57285523 -0.45407900 -5.72866964
v 0.56576544 -0.45881602 -5.72621822
v 0.56565595 -0.45943502 -5.72331810
v 0.55588812 -0.46171793 -5.72415543
v 0.54833561 -0.46407893 -5.71837091
v 0.54265070 -0.46384993 -5.72472858
v 0.53198051 -0.46497115 -5.72190952
v 0.53643978 -0.46323243 -5.72723961
v 0.52879858 -0.46051863 -5.72706413
v 0.53883427 -0.45994392 -5.73057318
v 0.53759652 -0.45630267 -5.73126602
v 0.54555905 -0.45684472 -5.73283911
v 0.54531687 -0.45216164 -5.73338413
v 0.55411232 -0.45385697 -5.73388290
v 0.55679691 -0.44764945 -5.73406696
v 0.56194264 -0.45185599 -5.73381901
v 0.56679356 -0.44530001 -5.73341322
v 0.53494900 -0.47230712 -5.69485664
v 0.53499138 -0.47113201 -5.70090151
v 0.54211634 -0.47018465 -5.69929600
v 0.54233503 -0.47119978 -5.69188261
v 0.53063297 -0.47375312 -5.68844318
v 0.53719687 -0.47215340 -5.68305779
v 0.52314639 -0.47429767 -5.68144560
v 0.51950192 -0.47544268 -5.68770170
v 0.50717032 -0.47621670 -5.69069910
v 0.51236701 -0.47623280 -5.68978691
v 0.51056480 -0.47615883 -5.68418264
v 0.50312841 -0.47539046 -5.68899632
v 0.50396866 -0.47331682 -5.69885111
v 0.50689983 -0.47466263 -5.69701242
v 0.51272100 -0.47304425 -5.70472527
v 0.51166886 -0.47049466 -5.70847702
v 0.52638453 -0.46992972 -5.71250629
v 0.52184618 -0.47202340 -5.70643854
v 0.53100306 -0.47079143 -5.70526075
v 0.54318976 -0.46845558 -5.70769167
v 0.53164947 -0.48235998 -5.65017748
v 0.53434050 -0.48013189 -5.65667486
v 0.54277253 -0.47960994 -5.65268755
v 0.53486758 -0.48273531 -5.64348793
v 0.52155298 -0.48426113 -5.64010906
v 0.52336723 -0.48428801 -5.64591312
v 0.51409191 -0.48454985 -5.64587450
v 0.51013744 -0.48322698 -5.64273977
v 0.50745755 -0.48321727 -5.64977264
v 0.50362045 -0.48115233 -5.64912415
v 0.50411689 -0.48133478 -5.65620422
v 0.50038290 -0.47914818 -5.65591764
v 0.50377405 -0.47794083 -5.66424704
v 0.50859773 -0.48095784 -5.66187906
v 0.52305698 -0.47881517 -5.66647482
v 0.51465511 -0.48020771 -5.66530848
v 0.51387525 -0.47725704 -5.67120075
v 0.53218108 -0.47485533 -5.67136097
v 0.53129804 -0.47879413 -5.66311646
v 0.53985667 -0.47762743 -5.66245031
v 0.56687796 -0.47629628 -5.62588692
v 0.57057947 -0.47575036 -5.63005209
v 0.57618338 -0.47312120 -5.62943745
v 0.57210994 -0.46983626 -5.62517595
v 0.54848897 -0.48138198 -5.62502718
v 0.55613929 -0.48002788 -5.62512589
v 0.55647582 -0.47666129 -5.62288046
v 0.54438531 -0.48050383 -5.62373257
v 0.53391713 -0.48325530 -5.62692118
v 0.54222137 -0.48330000 -5.62737656
v 0.55171955 -0.48012426 -5.63736343
v 0.54386663 -0.48255733 -5.63488150
v 0.54280347 -0.48208740 -5.63832808
v 0.55207908 -0.47917047 -5.64235878
v 0.56040961 -0.47753641 -5.63687181
v 0.56534803 -0.47635439 -5.64002514
v 0.56742495 -0.47582081 -5.63334751
v 0.57323372 -0.47507241 -5.63478565
v 0.52730000 -0.48230711 -5.65407991
v 0.52766418 -0.48099968 -5.65833378
v 0.52287561 -0.48374525 -5.65063763
v 0.51695740 -0.48432133 -5.64941883
v 0.51171827 -0.48388889 -5.65116167
v 0.50892234 -0.48293963 -5.65567207
v 0.51137483 -0.48256865 -5.65902138
v 0.51929361 -0.48094979 -5.66257954
v 0.51376271 -0.48179182 -5.66152573
v 0.52443922 -0.48053232 -5.66155481
v 0.56057203 -0.47846106 -5.62700653
v 0.56472373 -0.47697321 -5.62945652
v 0.54956138 -0.48230651 -5.62697458
v 0.55508572 -0.48087081 -5.62708664
v 0.54671419 -0.48301020 -5.62880802
v 0.53964961 -0.48370925 -5.63121557
v 0.54529107 -0.48303691 -5.63026905
v 0.54674792 -0.48236653 -5.63238764
v 0.55127025 -0.48083904 -5.63389444
v 0.55671340 -0.47902200 -5.63425350
v 0.56162810 -0.47759184 -5.63251734
v 0.52794427 -0.47298494 -5.69729900
v 0.52753377 -0.47237751 -5.70085526
v 0.52452362 -0.47434190 -5.69287109
v 0.51757818 -0.47547135 -5.69201469
v 0.51000249 -0.47572079 -5.69380236
v 0.51349437 -0.47579733 -5.69308424
v 0.51046687 -0.47476956 -5.69747066
v 0.51234806 -0.47409883 -5.70037270
v 0.51773584 -0.47328416 -5.70290518
v 0.52358973 -0.47265413 -5.70285511
v 0.56413114 -0.45674363 -5.73073196
v 0.56217229 -0.45566419 -5.73228741
v 0.56372690 -0.45864645 -5.72803259
v 0.55821246 -0.46060392 -5.72684669
v 0.54973692 -0.46199825 -5.72711706
v 0.54419678 -0.46243808 -5.72829723
v 0.54376501 -0.46113738 -5.73010159
v 0.54718673 -0.45911142 -5.73186350
v 0.55266440 -0.45732972 -5.73261929
v 0.55833828 -0.45611534 -5.73262787
v 0.60868669 -0.44064048 -5.66122246
v 0.60704297 -0.43893877 -5.67010069
v 0.60824585 -0.44350252 -5.65428448
v 0.60657895 -0.44758812 -5.64947891
v 0.60357904 -0.45285824 -5.64571953
v 0.60017598 -0.45857635 -5.64355612
v 0.59537923 -0.46511248 -5.64592457
v 0.58828199 -0.46994981 -5.65144110
v 0.57936788 -0.47185561 -5.65739346
v 0.57041931 -0.47198144 -5.66450024
v 0.57140911 -0.46865955 -5.67377472
v 0.57217956 -0.46553347 -5.68732786
v 0.56705534 -0.46676728 -5.68004608
v 0.57930183 -0.46413627 -5.70237207
v 0.57359016 -0.46608767 -5.69462395
v 0.58698165 -0.45968726 -5.70868444
v 0.59103358 -0.45216897 -5.71665335
v 0.59301662 -0.44510451 -5.71814013
v 0.59533715 -0.43894425 -5.71613359
v 0.59972310 -0.43375549 -5.71016502
v 0.60314041 -0.42981479 -5.70588970
v 0.60571992 -0.42770669 -5.69975185
v 0.60329878 -0.43468502 -5.69170094
v 0.60483456 -0.43627778 -5.68043470
v 0.51794803 -0.48293170 -5.65671730
v 0.51730835 -0.47443125 -5.69775105
v 0.55440342 -0.48065260 -5.63007641
v 0.55489337 -0.45993677 -5.73056889
v 0.60701621 -0.44602755 -5.66395903
v 0.60450596 -0.44666162 -5.67179966
v 0.60785061 -0.44742706 -5.65823460
v 0.60710645 -0.44974616 -5.65398598
v 0.60550845 -0.45328119 -5.65094995
v 0.60310018 -0.45770088 -5.64967489
v 0.60045576 -0.46255067 -5.65139151
v 0.59500170 -0.46687290 -5.65947914
v 0.58530521 -0.46911016 -5.66198063
v 0.57851589 -0.46951213 -5.66815805
v 0.57912600 -0.46636894 -5.67563438
v 0.57741946 -0.46352497 -5.68529129
v 0.57569122 -0.46470752 -5.68067217
v 0.58360851 -0.46268931 -5.69590187
v 0.57913160 -0.46405742 -5.69016266
v 0.59184146 -0.45775953 -5.70007229
v 0.59430522 -0.45253852 -5.70883274
v 0.59520555 -0.44740388 -5.71264029
v 0.59676468 -0.44291726 -5.71142006
v 0.59889030 -0.43963119 -5.70788670
v 0.60075569 -0.43648294 -5.70505953
v 0.60209703 -0.43565276 -5.70048046
v 0.60027909 -0.44194129 -5.69385052
v 0.60078168 -0.44493142 -5.68254280
v 0.59179026 -0.45894954 -5.68142605
v 0.60543829 -0.45533642 -5.65917826
v 0.53306186 -0.48376319 -5.63424492
v 0.58070785 -0.39697137 -5.71962309
v 0.57776451 -0.43441859 -5.73031139
v 0.60725415 -0.41329190 -5.71333408
v 0.63041997 -0.41273221 -5.71077156
v 0.63479304 -0.41254476 -5.67798328
v -0.63679570 -0.37284169 -5.19308472
v -0.56210357 -0.27285722 -5.23455858
v -0.57200509 -0.29815528 -5.22989464
v -0.63467699 -0.39778540 -5.19163561
v -0.63053447 -0.40662506 -5.17018700
v -0.61510676 -0.34673420 -5.21086550
v -0.60224706 -0.33485606 -5.21712255
v -0.57473427 -0.24260262 -5.20442152
v -0.57110626 -0.24994770 -5.22727060
v -0.58789259 -0.28304526 -5.19981623
v -0.58767253 -0.28420421 -5.21739578
v -0.63681167 -0.33354327 -5.18448400
v -0.62792796 -0.33353749 -5.19691277
v -0.61996442 -0.32216921 -5.19898796
v -0.62705976 -0.31860176 -5.18171167
v -0.63493448 -0.35652104 -5.16299868
v -0.63856584 -0.34870514 -5.17423773
v -0.61806053 -0.32797399 -5.18749714
v -0.68375295 -0.36180797 -5.16693020
v -0.68654579 -0.36633381 -5.15876579
v -0.27291828 -0.47296801 -5.39403248
v -0.28053564 -0.48106369 -5.39234781
v -0.28494436 -0.48194590 -5.39769745
v -0.27780825 -0.47300807 -5.40024805
v -0.26946956 -0.47412041 -5.38646030
v -0.27677208 -0.48134670 -5.38661385
v -0.27017695 -0.47639397 -5.37932253
v -0.27638847 -0.48075309 -5.38034630
v -0.27660352 -0.48186889 -5.37339306
v -0.27658218 -0.48392317 -5.38202095
v -0.27869040 -0.48692265 -5.37699842
v -0.27596968 -0.48557106 -5.38867712
v -0.27654904 -0.49065199 -5.38622570
v -0.27754849 -0.48736212 -5.39490986
v -0.27781159 -0.49222890 -5.39525080
v -0.27966803 -0.48842707 -5.39981747
v -0.28138560 -0.49758193 -5.39896488
v -0.28147107 -0.49205664 -5.40226889
v -0.28857356 -0.49922296 -5.40167809
v -0.28730482 -0.49326959 -5.40492725
v -0.29053038 -0.49731091 -5.41048622
v -0.28812522 -0.49323335 -5.41028357
v -0.29073089 -0.49782208 -5.42031860
v -0.28623945 -0.49396798 -5.41790819
v -0.28895122 -0.49418607 -5.41359949
v -0.29142851 -0.49794504 -5.41482210
v -0.28643626 -0.49521646 -5.43115473
v -0.28208488 -0.49110976 -5.42542839
v -0.28613108 -0.49425372 -5.42239523
v -0.28882891 -0.49722007 -5.42595196
v -0.28165478 -0.48861197 -5.43228149
v -0.27946335 -0.48602197 -5.42495441
v -0.27952486 -0.48476103 -5.44011879
v -0.27927667 -0.48210970 -5.42967463
v -0.27783078 -0.47779080 -5.44488716
v -0.27931935 -0.47645339 -5.43344545
v -0.27817768 -0.46753094 -5.44355249
v -0.28025812 -0.47079238 -5.43533182
v -0.27582556 -0.46088430 -5.43940926
v -0.27916330 -0.46543601 -5.43591833
v -0.27400714 -0.46009436 -5.43582821
v -0.27887660 -0.46766713 -5.43106937
v -0.27390319 -0.46194908 -5.42931461
v -0.27918535 -0.47280815 -5.42481470
v -0.27720410 -0.46850446 -5.41936827
v -0.28237337 -0.47880426 -5.41633511
v -0.27633005 -0.46600065 -5.40992212
v -0.28252751 -0.47625390 -5.40780687
v -0.28491288 -0.48628619 -5.41122961
v -0.59773725 -0.08786580 -5.26707935
v -0.57618338 -0.09739599 -5.26791906
v -0.58815247 -0.08798948 -5.26972055
v -0.48985738 -0.17594329 -5.19100237
v -0.59271139 -0.34689668 -5.21174431
v -0.54688555 -0.30939201 -5.23063421
v -0.60903996 -0.41141501 -5.18011999
v -0.54531461 -0.30442056 -5.23131609
v -0.63021797 -0.37762901 -5.18476725
v -0.68448859 -0.38880447 -5.14329720
v -0.65893608 -0.41583672 -5.13966990
v -0.66994339 -0.40937087 -5.13380623
v -0.66892558 -0.40873042 -5.14041185
v -0.66523737 -0.40922669 -5.14436674
v -0.67871791 -0.39789525 -5.14126444
v -0.66596323 -0.39543644 -5.16152668
v -0.66756302 -0.38836119 -5.16875887
v -0.67925030 -0.39891163 -5.13356018
v -0.67343730 -0.40599337 -5.12437153
v -0.67222863 -0.40342215 -5.14422226
v -0.66778213 -0.40414277 -5.14859676
v -0.67761821 -0.39752606 -5.14772415
v -0.68025023 -0.39363608 -5.14841795
v -0.68062764 -0.39048633 -5.15373898
v -0.66427118 -0.40321335 -5.15470886
v -0.68278795 -0.38542661 -5.15588140
v -0.68111211 -0.38467321 -5.16063833
v -0.67757565 -0.37436685 -5.17079020
v -0.67653233 -0.37825367 -5.17150831
v -0.65649813 -0.37635407 -5.15967894
v -0.68105775 -0.37505069 -5.17014170
v -0.67180723 -0.40134260 -5.15267277
v -0.67928654 -0.39781806 -5.15108728
v -0.65199488 -0.38450745 -5.15367746
v -0.65073568 -0.38158610 -5.15459394
v -0.67261964 -0.39666453 -5.15792990
v -0.65025371 -0.38430634 -5.15652847
v -0.68296844 -0.38660982 -5.16061068
v -0.68127257 -0.38200530 -5.16414118
v -0.65641791 -0.37701163 -5.15644884
v -0.65390521 -0.38012937 -5.15697718
v -0.67213863 -0.38052925 -5.17102814
v -0.67386168 -0.39060310 -5.16283941
v -0.68605930 -0.37986001 -5.15252876
v -0.68479639 -0.37946048 -5.15780401
v -0.68372113 -0.38832214 -5.14956665
v -0.67991441 -0.37125161 -5.16992188
v -0.68090576 -0.37728837 -5.16696978
v -0.67643458 -0.37314609 -5.17309475
v -0.65976578 -0.36744472 -5.15940952
v -0.68106133 -0.37418070 -5.16906166
v -0.67716461 -0.38384637 -5.16873884
v -0.68092448 -0.39314833 -5.15456057
v -0.68156224 -0.37868753 -5.16792536
v -0.65061933 -0.38264123 -5.15865564
v -0.65398890 -0.38200405 -5.16049433
v -0.65349668 -0.38339755 -5.15423393
v -0.66057998 -0.37083301 -5.15667057
v -0.67526776 -0.40182534 -5.14219141
v -0.67445046 -0.36634567 -5.17790699
v -0.65945941 -0.41006371 -5.15134811
v -0.66837007 -0.37863091 -5.17607832
v -0.68194014 -0.37589362 -5.16410875
v -0.33114272 -0.38885000 -5.37847996
v -0.33117372 -0.39430001 -5.37486696
v -0.31295377 -0.38282505 -5.42634392
v -0.30988878 -0.37832847 -5.42797184
v 0.59506917 -0.40268579 -5.71611309
v 0.58845407 -0.40765700 -5.72043753
v 0.63978505 -0.39534363 -5.69777870
v 0.63954008 -0.39591387 -5.68816090
v 0.64225924 -0.38762388 -5.65360212
v 0.64559770 -0.38490143 -5.66936016
v 0.64416373 -0.37049404 -5.67249775
v 0.64258099 -0.37076959 -5.66263819
v 0.53767407 -0.38098350 -5.63831854
v 0.53713936 -0.37194410 -5.64649343
v 0.53624892 -0.35831913 -5.67630291
v 0.54418242 -0.33877227 -5.68432093
v 0.54132533 -0.32997236 -5.67096806
v 0.54536754 -0.31365898 -5.67627764
v -0.28677422 -0.49096146 -5.41211653
v -0.28438550 -0.48616913 -5.40392399
v -0.28269404 -0.48732451 -5.41883469
v -0.28569907 -0.48946092 -5.40793276
v -0.28334779 -0.49105868 -5.41897011
v -0.28630382 -0.48276713 -5.40469980
v -0.28377086 -0.48355785 -5.41503096
v -0.28621060 -0.48201290 -5.40897083
v 0.58806896 -0.46461108 -5.67166471
v 0.58917552 -0.45983174 -5.69001722
v 0.59898257 -0.45591512 -5.67411327
v 0.59706402 -0.45153973 -5.69022417
v 0.59735382 -0.45216337 -5.68166351
v 0.58323908 -0.46175143 -5.68427944
v 0.58382612 -0.46312085 -5.67847919
v 0.58340645 -0.46434423 -5.67520380
v 0.59854126 -0.44491991 -5.70262146
v 0.62748826 -0.10991463 -5.63185310
v 0.64672393 -0.09835556 -5.64273596
v 0.62066603 -0.12182674 -5.61107206
v 0.65231830 -0.12472317 -5.64694452
v 0.63277829 -0.13963595 -5.63506651
v 0.63007593 -0.15087488 -5.61653423
v 0.63670778 -0.40693232 -5.65165663
v 0.56625664 -0.42156067 -5.72992277
v 0.55311656 -0.42879006 -5.72890568
v 0.51262206 -0.44699630 -5.71038771
v 0.50640196 -0.43714765 -5.69090271
v 0.50165904 -0.45894715 -5.67156410
v 0.50205672 -0.44961891 -5.65565252
v 0.60823768 -0.42215291 -5.63566399
v 0.59462482 -0.43322828 -5.62728071
v 0.52324426 -0.45760044 -5.62784338
v 0.52230346 -0.45680735 -5.62481403
v 0.50410038 -0.44270507 -5.67478848
v 0.51036954 -0.44914809 -5.63568354
v 0.52210188 -0.42950740 -5.71038675
v 0.56364834 -0.45500347 -5.62198496
v 0.58036327 -0.44389448 -5.62366772
v 0.62360334 -0.40849140 -5.64254427
v 0.59648436 -0.41122547 -5.71644878
v 0.63678300 -0.40497920 -5.68986416
v 0.61529046 -0.40321651 -5.71728992
v 0.62568283 -0.40219793 -5.71739769
v 0.54435229 -0.44621846 -5.62037611
v 0.53596842 -0.43005750 -5.72237301
v 0.58103114 -0.41423854 -5.72653151
v 0.60585850 -0.40509132 -5.71477127
v 0.63546753 -0.39974728 -5.71091986
v 0.64046776 -0.39902166 -5.67967749
v 0.59005451 -0.41513720 -5.72202921
v 0.64332473 -0.40525654 -5.66418934
v 0.63596117 -0.40813890 -5.70090294
v -0.61470073 -0.38885358 -5.20208740
v -0.60365397 -0.37677112 -5.21162605
v -0.64005893 -0.33507481 -5.16510868
v -0.33061630 -0.39271918 -5.40465355
v -0.32776803 -0.38767597 -5.40987825
v -0.31110913 -0.33384874 -5.39995861
v -0.30429691 -0.32307240 -5.40577602
v -0.31926614 -0.39994404 -5.35842752
v -0.31486624 -0.40193775 -5.35512114
v -0.30748659 -0.34845117 -5.37007189
v -0.29469973 -0.34525749 -5.36537790
v -0.12445229 0.32322672 -6.68551636
v 0.33665398 -0.00803709 -5.40843296
v 0.11826509 -0.25505799 -6.08728933
v -0.02097327 0.17514288 -6.44904900
v -0.08287936 0.31230691 -6.58318615
v 0.32227820 -0.47633457 -5.47224903
v 0.25318953 -0.33091009 -5.65069914
v 0.02456558 -0.04570794 -6.35322094
v 0.23737079 -0.35789943 -5.69686699
v -0.18469697 0.19630080 -6.82616186
v -0.21822232 0.10208738 -6.89434290
v 0.33879501 -0.58634675 -5.41923666
v 0.37021947 -0.51989478 -5.32272100
v 0.30330938 -0.38151860 -5.52839184
v 0.33509177 -0.59804296 -5.43998480
v 0.38061428 -0.43577671 -5.28515339
v 0.24682373 -0.33812511 -5.66791868
v -0.01574117 0.03130853 -6.44430923
v 0.21933272 0.22991763 -5.75068998
v 0.19043824 0.24960811 -5.83907461
v 0.26139292 0.16868502 -5.61423063
v 0.19975048 -0.38977611 -5.81467962
v 0.29484832 -0.34738475 -5.55008459
v 0.11349660 0.34617168 -6.07443810
v -0.19623637 0.05515605 -6.82719135
v -0.23298985 0.01299661 -6.90562534
v 0.33097577 -0.56651777 -5.44435120
v 0.36830199 -0.54070884 -5.32990026
v -0.23208332 -0.00582409 -6.89802647
v 0.33984053 -0.58699822 -5.41608000
v 0.39880210 -0.29058087 -5.22329426
v 0.31515440 -0.43232834 -5.49468136
v 0.37168923 -0.50456798 -5.31724787
v 0.10584706 -0.15532225 -6.26286745
v 0.15547755 -0.20574600 -6.19917870
v 0.19797915 0.28999540 -6.02371216
v 0.23322374 0.25575456 -5.94513226
v 0.17167020 0.27118590 -5.89823866
v 0.28224766 -0.19815463 -6.12014389
v 0.32068402 -0.16798615 -6.10557413
v 0.29638371 -0.13464379 -6.19448090
v 0.25056952 -0.17042112 -6.19626760
v 0.21248442 -0.10257363 -6.27155066
v 0.15939146 -0.12299734 -6.27448225
v 0.20534366 -0.18195891 -6.20835209
v 0.29729122 0.19353449 -6.09150934
v 0.33088523 0.15825242 -6.02228880
v 0.28878412 0.21224792 -5.96480179
v 0.25280842 0.25201458 -6.05681467
v 0.11634862 0.34399626 -6.49389458
v 0.13931578 0.38158551 -6.45996380
v 0.09406424 0.41832575 -6.46026659
v 0.05193633 0.38731480 -6.47918129
v 0.22751209 -0.31429124 -5.88744688
v 0.23144633 -0.27533233 -5.92472839
v 0.05010402 0.46194738 -6.25085020
v 0.10459173 0.44029236 -6.28762817
v 0.11951253 0.43063527 -6.22119474
v 0.40005252 0.04341093 -5.77044201
v 0.41368228 -0.00575209 -5.76581573
v 0.39010879 0.07043159 -5.68563795
v 0.37825510 0.09427848 -5.70880651
v 0.17998350 0.40011728 -6.23948574
v 0.15575594 0.40433645 -6.30060387
v 0.19707650 0.36380312 -6.30491304
v 0.22748706 0.36340991 -6.25588894
v 0.31428444 0.14726976 -5.62672567
v 0.35272294 0.12663054 -5.66433430
v 0.34659800 0.11202893 -5.62854052
v 0.31258294 0.12747961 -5.59039831
v 0.32906887 -0.28645128 -5.87840033
v 0.32971060 -0.30282122 -5.90666342
v 0.29943138 -0.30661106 -5.87852430
v 0.30228809 -0.28631485 -5.85603476
v 0.24377194 -0.30104542 -5.86837578
v 0.24369588 -0.31451303 -5.89064407
v 0.24064416 -0.30686545 -5.90329838
v 0.22753415 -0.24014211 -5.96259308
v 0.23942906 -0.27093291 -5.95109558
v 0.24849138 -0.25262117 -5.97845602
v 0.25827363 -0.21550339 -5.96847630
v 0.32790893 -0.26330000 -5.98343182
v 0.32981938 -0.28695488 -5.97350645
v 0.35435456 -0.24619389 -5.94160461
v 0.34119526 -0.22472715 -5.96924829
v 0.13481310 -0.06226474 -6.39861250
v 0.11861578 -0.09484714 -6.44462156
v 0.09204546 -0.10419339 -6.42338753
v 0.09923628 -0.07252216 -6.38295031
v 0.03835410 -0.04197103 -6.39816093
v 0.02417082 -0.10436630 -6.42105436
v 0.00289792 -0.07979167 -6.46773720
v -0.00865644 -0.00288242 -6.45111084
v 0.12726697 -0.25320113 -6.66556168
v 0.11063468 -0.23589087 -6.68263960
v 0.10879564 -0.28735560 -6.70639324
v 0.12881970 -0.30705500 -6.69178963
v 0.13521129 -0.15630651 -6.54034805
v 0.15192312 -0.14481401 -6.57418442
v 0.14226660 -0.16913670 -6.57466650
v 0.11952835 -0.18449694 -6.55688906
v 0.08153591 -0.15565795 -6.54295826
v 0.08498937 -0.19218194 -6.56935692
v 0.05161411 -0.16960877 -6.58353519
v 0.04517537 -0.13439190 -6.57906103
v 0.04533869 -0.10459691 -6.65664673
v 0.04759711 -0.12349081 -6.66309452
v 0.05948132 -0.11322963 -6.68472815
v 0.05816758 -0.08885980 -6.67666960
v 0.23289424 -0.32094073 -5.81706715
v 0.25181779 -0.30947882 -5.77902079
v 0.28590938 -0.28034848 -5.80366755
v 0.28584754 -0.28432775 -5.84026718
v 0.37371373 0.03411925 -5.58362055
v 0.39790940 -0.01157507 -5.65264463
v 0.39196947 -0.02324030 -5.59552908
v 0.37241757 0.01269963 -5.53250837
v 0.33555269 0.07008809 -5.53079891
v 0.35153383 0.03376395 -5.48901749
v 0.31078556 0.04976040 -5.47208023
v 0.29575551 0.07742986 -5.51474428
v 0.26554734 -0.29971421 -5.70521164
v 0.27491540 -0.30612242 -5.66707087
v 0.29097837 -0.24899787 -5.68500090
v 0.28073692 -0.25727046 -5.72929239
v 0.34497762 -0.19026864 -5.68157673
v 0.31958854 -0.21798503 -5.67590427
v 0.33820772 -0.22977293 -5.61513281
v 0.36093807 -0.20416582 -5.60295868
v 0.38448265 -0.02933383 -5.46895599
v 0.39871159 -0.06073457 -5.52568483
v 0.41837364 -0.11564916 -5.45655727
v 0.39886042 -0.07739151 -5.41128778
v 0.38112637 -0.06675357 -5.37658596
v 0.36204672 -0.00814638 -5.43193150
v 0.36324745 0.09855229 -5.86202955
v 0.38693422 0.03221756 -5.88182068
v 0.38110977 0.03507072 -5.84036064
v 0.36510476 0.10358727 -5.80547047
v 0.10274407 -0.04219288 -6.35425615
v 0.14358729 -0.04147184 -6.35674000
v 0.12463924 -0.04785466 -6.37099171
v 0.08141699 -0.04031560 -6.36001539
v 0.27929825 0.20558210 -5.78104258
v 0.32088682 0.17166114 -5.82909060
v 0.32950032 0.16713023 -5.74680042
v 0.28187463 0.19905338 -5.71212339
v 0.62192327 -0.20487213 -5.30781221
v 0.63102579 -0.20854378 -5.33583975
v 0.64049292 -0.21650350 -5.31659508
v 0.63117319 -0.21497011 -5.29800606
v 0.45466483 -0.23328602 -5.25177145
v 0.42996117 -0.24552691 -5.21872044
v 0.43619990 -0.19984597 -5.23381281
v 0.45517290 -0.19332457 -5.28228092
v 0.34717196 -0.41761726 -5.50236225
v 0.37858990 -0.41842264 -5.48890924
v 0.36352497 -0.39605987 -5.50275850
v 0.33291209 -0.40597135 -5.51506615
v 0.40522122 -0.38162482 -5.49079037
v 0.38633192 -0.38170236 -5.49919367
v 0.38249338 -0.41095531 -5.49233484
v 0.39603090 -0.41594481 -5.48025894
v 0.38410693 -0.41118979 -5.27274227
v 0.40566829 -0.40342093 -5.27352667
v 0.39779568 -0.42776328 -5.28583574
v 0.29713157 0.16818795 -6.19519711
v 0.33324385 0.12772685 -6.12285614
v 0.27295679 0.23175809 -6.16567802
v 0.40118504 -0.54662043 -5.47126722
v 0.39383554 -0.54273397 -5.47213507
v 0.39307791 -0.56087106 -5.46983671
v 0.40032992 -0.56604135 -5.46567726
v 0.09195805 0.15812409 -6.52668047
v 0.03118104 0.17786089 -6.49544811
v 0.03151935 0.12809905 -6.51220369
v 0.09150946 0.10627288 -6.53532648
v 0.10731351 0.27187842 -6.51597023
v 0.10069439 0.21135062 -6.52719879
v 0.15437001 0.20010726 -6.49514008
v 0.16485265 0.26842988 -6.47630739
v 0.34826344 -0.27307928 -5.90344620
v 0.33856228 -0.27001619 -5.85868073
v 0.36060363 -0.24181199 -5.89381504
v 0.38886729 -0.12088233 -5.70230579
v 0.39427966 -0.06972498 -5.65616608
v 0.40857220 -0.07124031 -5.71414375
v 0.39594728 -0.12825406 -5.73658371
v 0.40008458 -0.08804929 -5.58305836
v 0.38661957 -0.12241369 -5.62566137
v 0.40253702 -0.15967059 -5.55961704
v 0.41372830 -0.13639301 -5.51818466
v 0.25278395 0.25046885 -6.28269291
v 0.25181431 0.20318224 -6.26875257
v 0.26299170 0.27655521 -6.24634266
v 0.24366724 0.30138057 -6.26344156
v 0.31927598 -0.18019325 -5.97086620
v 0.34941328 -0.14980757 -5.93837595
v 0.33784211 -0.13853461 -5.94344616
v 0.30445400 -0.16981322 -5.96470690
v 0.56294817 -0.23822367 -5.39419460
v 0.62523866 -0.22886479 -5.36417961
v 0.62073570 -0.21638668 -5.36932373
v 0.57583034 -0.22032148 -5.39851379
v 0.43648767 -0.33296084 -5.46508884
v 0.44512624 -0.32608038 -5.43871355
v 0.44383109 -0.29712379 -5.44555235
v 0.43522483 -0.30762422 -5.47145081
v -0.00183374 0.08122909 -6.48509169
v -0.02083063 0.10623196 -6.45761824
v 0.28350085 0.10605621 -5.54999256
v 0.27328199 0.13422292 -5.57930946
v 0.32214868 0.10017812 -5.56483936
v 0.23988569 0.20392472 -5.68470287
v 0.29094857 0.18468666 -5.67746878
v 0.07037830 0.45999920 -6.33378363
v 0.02829283 0.47578853 -6.31000233
v 0.07421207 0.45200250 -6.39779758
v 0.01341081 -0.01852685 -6.50500822
v 0.02861506 0.03247514 -6.54069519
v 0.14834312 -0.16036737 -6.62023067
v 0.14647320 -0.12231755 -6.61323595
v 0.04168755 -0.13865948 -6.62557316
v 0.04603249 -0.11164129 -6.61706257
v 0.22956467 0.31442234 -6.31496954
v 0.18049395 0.37044704 -6.36059713
v 0.20522475 0.31000614 -6.38584948
v 0.00398284 -0.02105623 -6.39911461
v 0.30621564 0.04395190 -6.23968315
v 0.34769911 -0.00906986 -6.17817259
v 0.35172880 0.05966541 -6.15141392
v 0.30957711 0.10771739 -6.21614313
v 0.36458760 -0.22319925 -5.83482218
v 0.39439601 -0.15707040 -5.80875683
v 0.39592445 -0.14085746 -5.84710264
v 0.38392907 -0.18375230 -5.88669920
v 0.36698061 -0.15060782 -5.67010641
v 0.37553793 -0.16778338 -5.71475840
v 0.35967809 -0.20882881 -5.73713589
v 0.38290429 -0.18308628 -5.59118176
v 0.38917270 -0.04583064 -5.86067486
v 0.39051610 -0.03136262 -5.87200594
v 0.37211144 -0.08913612 -5.91938877
v 0.36653066 -0.10621864 -5.91978455
v 0.21337309 0.05737111 -6.34843493
v 0.23895478 0.14816552 -6.30639315
v 0.22548610 0.13554353 -6.38208580
v 0.20795661 0.06247860 -6.41705894
v 0.40991670 -0.40035003 -5.47744942
v 0.42540538 -0.36776793 -5.47709227
v 0.36897859 -0.47592217 -5.47310829
v 0.36801729 -0.51042759 -5.47004080
v 0.38057426 -0.50792325 -5.46951580
v 0.38076228 -0.47649014 -5.47160625
v 0.42680144 -0.41946495 -5.42481232
v 0.41717705 -0.44912118 -5.43162346
v 0.42385745 -0.43788123 -5.41192436
v 0.43462932 -0.40694696 -5.40590334
v 0.38712072 -0.47568494 -5.47125626
v 0.37549937 -0.47581083 -5.47149134
v 0.37407437 -0.36685544 -5.50300455
v 0.38464421 -0.38551003 -5.49755669
v 0.35610956 -0.50469553 -5.46306229
v 0.35468629 -0.53028464 -5.45911789
v 0.08748966 -0.24118531 -6.60151815
v 0.11190718 -0.22950971 -6.59604454
v 0.11078769 -0.29225719 -6.62645054
v 0.08838394 -0.28702796 -6.62365818
v 0.06871605 -0.27633595 -6.63307858
v 0.08733875 -0.33997345 -6.63227844
v 0.06042820 -0.32639813 -6.64847040
v 0.12789503 -0.27825719 -6.64659548
v 0.13402501 -0.21047437 -6.61108446
v 0.13523498 -0.20376152 -6.64572191
v 0.05610365 -0.28549182 -6.69347429
v 0.05977792 -0.21648103 -6.68164968
v 0.05622780 -0.24701065 -6.65331459
v 0.05374670 -0.29790747 -6.66387415
v 0.03937548 -0.13660097 -6.47226143
v 0.09890750 -0.11070985 -6.45560265
v 0.09971598 -0.12685478 -6.48906183
v 0.07866156 -0.12239158 -6.49001503
v 0.05410308 -0.10851055 -6.51140690
v 0.07764766 -0.13067043 -6.52157307
v 0.04598361 -0.11722696 -6.54125786
v 0.16215110 -0.07798219 -6.52284098
v 0.16437393 -0.09548903 -6.56073952
v 0.14298752 -0.12281948 -6.51701593
v 0.13648179 -0.10169983 -6.47930908
v 0.05549586 -0.06238765 -6.59529829
v 0.04119045 -0.09016943 -6.55132151
v 0.04008108 -0.10251302 -6.57882786
v 0.04974127 -0.08501077 -6.62010860
v 0.22104681 -0.55465680 -6.12957478
v 0.20494139 -0.55417657 -6.12483072
v 0.20517534 -0.57717407 -6.14062548
v 0.22046715 -0.57309222 -6.14528370
v 0.19334054 -0.49574077 -6.06532431
v 0.18453211 -0.53183436 -6.08620787
v 0.19724369 -0.51545656 -6.09486008
v 0.20039093 -0.47547358 -6.07181787
v 0.25287101 -0.61101079 -6.13989925
v 0.26615497 -0.61405051 -6.12718010
v 0.25678468 -0.57720709 -6.11336422
v 0.24388301 -0.60035932 -6.13945007
v 0.26824522 -0.44942153 -6.04882431
v 0.27516353 -0.45239568 -6.03264523
v 0.28589946 -0.42042595 -6.02458239
v 0.27663577 -0.41733700 -6.04102564
v 0.29822135 -0.33717042 -5.90132904
v 0.27924120 -0.37161255 -5.92272568
v 0.25641033 -0.36072916 -5.91491461
v 0.26804328 -0.33875358 -5.89138985
v 0.18502873 -0.42380190 -5.99783659
v 0.18481117 -0.39255655 -5.99452400
v 0.19182956 -0.40294474 -5.97292185
v 0.19532245 -0.43601632 -5.97903204
v 0.25234622 -0.32608598 -6.04198980
v 0.26803493 -0.28008622 -6.02648449
v 0.24949023 -0.29241741 -6.02819395
v 0.23342395 -0.32626396 -6.04105902
v 0.28926238 -0.42211539 -6.00080776
v 0.28399855 -0.42485607 -5.97392893
v 0.29414409 -0.39758277 -5.96974897
v 0.29543903 -0.39934844 -5.99861002
v 0.19026563 -0.26093423 -6.03446770
v 0.16316584 -0.28495729 -5.93490744
v 0.23582670 -0.24405563 -5.96778679
v 0.24730104 0.23342949 -5.86556578
v 0.36343122 -0.13637620 -6.00034094
v 0.33071226 -0.17954594 -6.03099775
v 0.32235965 -0.16758680 -5.97687340
v 0.35070029 -0.13208002 -5.95279789
v 0.25299838 -0.24102300 -6.03191519
v 0.27509266 -0.22364581 -5.97341824
v 0.30117509 -0.19198805 -5.99672365
v 0.29600000 -0.20886797 -6.04996347
v 0.29967582 0.19589463 -5.90305805
v 0.37926936 0.06090987 -5.96358013
v 0.34071583 0.14453000 -5.94143105
v 0.38414830 -0.06949657 -6.00796556
v 0.38243192 -0.08622092 -5.92936230
v 0.38988629 -0.01495707 -5.92919302
v 0.38849360 -0.00500131 -6.00502729
v 0.15478444 -0.24375659 -6.12761784
v 0.22060859 -0.22682881 -6.12959671
v 0.17723185 0.32066870 -6.09090662
v 0.23839748 0.29041424 -6.12437010
v 0.12609586 0.42296767 -6.35676813
v 0.39765495 0.02537221 -5.66886854
v 0.35329497 0.07851866 -5.59992170
v 0.26438940 -0.31281006 -5.87699795
v 0.24580097 -0.29767448 -5.85520124
v 0.26682806 -0.24752301 -6.00314903
v 0.29123470 -0.23960876 -6.00941277
v 0.30074787 -0.20416182 -5.98683882
v 0.26669911 -0.19778526 -5.97845888
v 0.26152325 -0.66101086 -6.07288218
v 0.26732624 -0.65414429 -6.07735252
v 0.26917592 -0.67977059 -6.09115791
v 0.26406229 -0.68809938 -6.08513117
v 0.33381134 -0.26557994 -5.82116556
v 0.31546491 -0.26306099 -5.61155176
v 0.15867412 -0.01615092 -6.35099268
v 0.14797354 -0.03214264 -6.37520409
v 0.36683726 0.11209369 -5.76847792
v 0.33993629 0.15387231 -5.70724249
v 0.60396457 -0.20931047 -5.29235458
v 0.61013865 -0.22056031 -5.28632832
v 0.16594553 0.37082958 -6.42339087
v 0.13571686 0.41518205 -6.42058420
v 0.35152650 -0.47682667 -5.47278309
v 0.34917217 -0.51146293 -5.46978331
v 0.35029751 -0.34758049 -5.50803137
v 0.38448334 -0.31775844 -5.43204212
v 0.41037446 -0.35150939 -5.44148636
v 0.37432721 -0.52785885 -5.46165752
v 0.37604433 -0.50093704 -5.46561718
v 0.04920983 -0.39129061 -6.72423983
v 0.05524546 -0.38644564 -6.73350477
v 0.15183485 -0.13210058 -6.56804609
v 0.11697134 -0.14757860 -6.53167725
v 0.06480214 -0.07317480 -6.65922356
v 0.04460877 -0.09254110 -6.64153242
v 0.25580466 -0.45121062 -5.96461487
v 0.23083258 -0.46192223 -5.96903038
v 0.24061507 -0.42277062 -5.94364977
v 0.26709962 -0.42756671 -5.95359755
v 0.19851458 -0.41271996 -6.05003881
v 0.19710052 -0.44346046 -6.05349874
v 0.21585292 -0.43918121 -6.06836128
v 0.21861160 -0.40349811 -6.06146812
v 0.27573553 -0.40164590 -5.94129658
v 0.20621318 -0.37894690 -6.04920387
v 0.22925496 -0.36673278 -6.05552816
v 0.17427856 -0.31508487 -5.90097284
v 0.41534680 -0.04331189 -5.74025345
v 0.40410683 -0.05181903 -5.83413315
v 0.38971871 0.04105142 -5.80339575
v 0.39893761 -0.04190356 -5.84910011
v 0.36923647 0.11393371 -5.73009109
v 0.34432030 0.14278972 -5.68422127
v 0.23430479 -0.29186404 -5.93718290
v 0.24495733 -0.33827072 -5.90327787
v 0.33824483 -0.29118210 -5.94164848
v 0.30015469 -0.30286205 -6.01122093
v 0.30743787 -0.25867212 -5.99997520
v 0.27895737 -0.29995692 -6.02591610
v 0.19736776 -0.67548716 -6.05923367
v 0.20468545 -0.65560067 -6.04925537
v 0.21158904 -0.66862833 -6.05138731
v 0.20290375 -0.68961596 -6.06015682
v 0.26674128 -0.58947778 -6.08086777
v 0.26677120 -0.58167708 -6.08801079
v 0.27100897 -0.60163844 -6.09338474
v 0.27129650 -0.61317885 -6.08965826
v 0.35747147 -0.19920123 -5.94960403
v 0.34307075 -0.18622196 -5.96806335
v 0.32518131 -0.21186566 -5.98503637
v 0.30802965 0.16553479 -5.65633583
v 0.37843773 -0.16049325 -5.91838360
v 0.39574862 -0.11382306 -5.88407230
v 0.38393813 -0.10033637 -5.89989281
v 0.36581129 -0.15037227 -5.93290472
v 0.40479338 -0.11263651 -5.77307606
v 0.38516811 -0.17696220 -5.76944160
v 0.18972939 -0.46143949 -6.01883888
v 0.19156021 -0.46258783 -6.04486084
v 0.18547615 -0.42379260 -6.02554846
v 0.24550372 -0.56462741 -6.12023878
v 0.23862433 -0.58126307 -6.13865089
v 0.27797914 -0.45382571 -6.01001263
v 0.27317917 -0.45486385 -5.98546553
v 0.25881088 -0.48536509 -6.06745100
v 0.25086460 -0.47891128 -6.07411337
v 0.23940116 -0.52763724 -6.10070944
v 0.25236362 -0.53901958 -6.09523344
v 0.21301699 -0.40138853 -5.94650269
v 0.24679041 -0.39147329 -5.92983818
v 0.21284318 -0.43488210 -5.95894194
v 0.21535105 -0.32784182 -5.95826244
v 0.19825652 -0.35896450 -5.98458338
v 0.20604849 -0.34186858 -6.00052786
v 0.22007787 -0.30579627 -5.98543787
v 0.28466362 -0.38548851 -6.03437328
v 0.26823074 -0.37888759 -6.04910803
v 0.26205003 -0.41500020 -6.05493832
v 0.30039513 -0.36560023 -5.94420147
v 0.32041323 -0.32723087 -5.92856503
v 0.31938466 -0.32835525 -5.96547318
v 0.30397925 -0.36915565 -5.98285723
v 0.04058760 0.44890761 -6.43395948
v -0.00748992 0.47749558 -6.41742229
v 0.02605224 0.42897728 -6.45423746
v 0.01868844 0.37714785 -6.48060656
v 0.05308044 0.31661487 -6.50057507
v 0.00089955 0.40225703 -6.49295282
v 0.00875545 0.39268839 -6.49559307
v 0.02310014 0.40120983 -6.47579002
v 0.01284587 0.42367128 -6.47252989
v -0.06823379 0.35870090 -6.61994505
v -0.06332308 0.33089608 -6.62126923
v -0.02870160 0.36468762 -6.55307674
v -0.03126580 0.39401618 -6.54730368
v -0.11046028 0.30684417 -6.69804049
v -0.10174435 0.28248796 -6.69339228
v -0.13350749 0.25154567 -6.75435066
v -0.12738734 0.22583371 -6.75482035
v -0.15499502 0.20431209 -6.80518246
v -0.14530981 0.17401350 -6.80665874
v -0.17307955 0.15506089 -6.85841084
v -0.15510505 0.12983841 -6.85042095
v -0.18960690 0.09945798 -6.89323664
v -0.16801202 0.07798284 -6.87403297
v -0.21502870 0.01523608 -6.90547562
v -0.20572740 0.00141877 -6.88986683
v 0.24311489 -0.40483284 -6.06266689
v 0.25263959 -0.36590391 -6.05378628
v 0.29357287 -0.39161515 -6.01686096
v 0.19031170 -0.37800694 -6.02190304
v 0.20508891 -0.36734778 -5.95580006
v 0.22777623 -0.36578369 -5.92916727
v 0.30139023 -0.35670239 -6.00510216
v 0.28986502 -0.34749031 -6.02345276
v 0.21246439 -0.33951443 -6.03242683
v 0.27178895 -0.33815640 -6.03655291
v 0.44315797 -0.15884805 -5.32592201
v 0.42897397 -0.13373935 -5.37402534
v 0.45593542 -0.16142333 -5.36213779
v 0.45951775 -0.18394870 -5.33661366
v 0.46206814 -0.20205563 -5.31826782
v 0.46897417 -0.23744392 -5.30368853
v 0.49867231 -0.18059182 -5.36814642
v 0.46940538 -0.18582594 -5.39936018
v 0.51334095 -0.19470108 -5.39585733
v 0.48834953 -0.19352806 -5.33666325
v 0.47311163 -0.21504092 -5.32469130
v 0.47731432 -0.23308802 -5.32709169
v 0.47670072 -0.24353826 -5.34185457
v 0.48267466 -0.24262780 -5.33862448
v 0.49430105 -0.23756599 -5.34516430
v 0.47817436 -0.21866858 -5.35000610
v 0.48223621 -0.20818651 -5.37789822
v 0.50172043 -0.22699857 -5.36910629
v 0.51315367 -0.22812724 -5.39772129
v 0.48166698 -0.22768325 -5.40305281
v 0.46820790 -0.21423227 -5.42690229
v 0.49801075 -0.22165579 -5.40714169
v 0.50069880 -0.21806604 -5.40334511
v 0.55627459 -0.18458241 -5.35554409
v 0.59405249 -0.19906425 -5.37652731
v 0.53187704 -0.19543260 -5.32319450
v 0.50017422 -0.21757710 -5.32223129
v 0.50310552 -0.23311436 -5.32298708
v 0.50648034 -0.24216306 -5.33250189
v 0.52902871 -0.24182969 -5.33234262
v 0.53947866 -0.23378408 -5.35405016
v 0.57225251 -0.23640150 -5.37589359
v 0.51259875 -0.24705219 -5.39492750
v 0.61329699 -0.20244229 -5.35356665
v 0.59929121 -0.19536978 -5.32531071
v 0.57106334 -0.20487845 -5.30292082
v 0.53732789 -0.21626806 -5.30404949
v 0.53367364 -0.22931302 -5.30384874
v 0.53502977 -0.24198604 -5.31329441
v 0.56306005 -0.23894185 -5.29951191
v 0.58815992 -0.23598480 -5.29726267
v 0.56576300 -0.23760843 -5.31262302
v 0.47542855 -0.26940924 -5.35270643
v 0.47982362 -0.25956500 -5.35901451
v 0.48411471 -0.26068223 -5.38027000
v 0.47608748 -0.27173924 -5.37789774
v 0.44869339 -0.25392234 -5.42884731
v 0.47239763 -0.26582384 -5.39557886
v 0.47888610 -0.25340849 -5.40269995
v 0.46101132 -0.23128259 -5.42726326
v 0.49110454 -0.22821140 -5.41341019
v 0.48686892 -0.22439229 -5.41624451
v 0.49829832 -0.22884125 -5.40887976
v 0.51431024 -0.24825716 -5.40035486
v 0.56746632 -0.24600732 -5.39165068
v 0.62041008 -0.23683691 -5.36460495
v 0.63666046 -0.22808003 -5.32251358
v 0.63139594 -0.22517794 -5.30007696
v 0.60593635 -0.23171943 -5.28887081
v 0.57503545 -0.23665202 -5.29104424
v 0.53840041 -0.23945385 -5.30355167
v 0.57417929 -0.22827303 -5.28480959
v 0.48151582 -0.24154216 -5.33200121
v 0.47279954 -0.25197816 -5.33367443
v 0.49387786 -0.24771148 -5.40427732
v 0.51368910 -0.24431223 -5.40526009
v 0.56508338 -0.24157178 -5.39442158
v 0.60910308 -0.23816979 -5.37119675
v 0.62197357 -0.23427808 -5.33431625
v 0.61307275 -0.23237562 -5.30925274
v 0.13516533 -0.35118175 -6.70954132
v 0.11365184 -0.33228415 -6.73350906
v 0.12050843 -0.36086184 -6.73587465
v 0.15506506 -0.39885724 -6.70555162
v 0.14641589 -0.38754302 -6.71634436
v 0.15220615 -0.41965544 -6.72581482
v 0.16034675 -0.42965335 -6.71526957
v 0.13373685 -0.37373948 -6.66462708
v 0.14587861 -0.40082395 -6.65325022
v 0.13545373 -0.41039258 -6.64093494
v 0.12241852 -0.38806283 -6.64964437
v 0.09942055 -0.41931278 -6.62518120
v 0.08547863 -0.40190732 -6.63627863
v 0.10295221 -0.39438665 -6.63893652
v 0.11471957 -0.42266178 -6.62785625
v 0.05278432 -0.39828950 -6.65821028
v 0.06274560 -0.41971958 -6.64105272
v 0.05245900 -0.42598951 -6.65747070
v 0.04607308 -0.41392362 -6.66984797
v 0.13739765 -0.33444118 -6.67375755
v 0.11479551 -0.35391647 -6.63768244
v 0.08687964 -0.08229250 -6.33259726
v 0.03141385 -0.09074688 -6.33328247
v 0.17969918 -0.02241933 -6.32953215
v 0.25702804 -0.06463724 -6.26738071
v 0.21265560 -0.00404173 -6.30753613
v 0.35387582 -0.12085772 -6.09802341
v 0.14526817 -0.05479819 -6.33948040
v 0.36399275 0.09580964 -6.04414988
v 0.26519293 0.15159467 -6.26077509
v 0.27217028 0.21884127 -6.23258638
v 0.37429601 -0.04653254 -6.09608984
v 0.37838978 0.02220276 -6.07523727
v 0.23654807 0.03893256 -6.30437040
v 0.28749502 -0.01895344 -6.25705576
v 0.25396121 0.09325674 -6.28456831
v 0.26754749 0.29103017 -6.19559765
v 0.22962582 0.33747983 -6.15732193
v 0.41956502 -0.42149949 -5.44855642
v 0.41051015 -0.45686650 -5.44825554
v 0.43589872 -0.35830802 -5.45731163
v 0.42369750 -0.39209962 -5.46481514
v 0.43315738 -0.38443327 -5.44645214
v 0.44314513 -0.35397100 -5.43194008
v 0.45324728 -0.37572557 -5.39185286
v 0.43794948 -0.38662773 -5.42239857
v 0.45378202 -0.32185549 -5.41117144
v 0.46815294 -0.32094330 -5.38324165
v 0.46379721 -0.28673232 -5.38901281
v 0.45080268 -0.28700340 -5.41609526
v 0.26090172 -0.63867486 -6.14750147
v 0.26835638 -0.64797938 -6.13980532
v 0.27235150 -0.63050365 -6.12117672
v 0.21972346 -0.69295311 -6.06123877
v 0.22505820 -0.69874609 -6.06102657
v 0.21416718 -0.71411979 -6.07200241
v 0.20647103 -0.70934081 -6.07664633
v 0.23698714 -0.70545030 -6.09150362
v 0.23842162 -0.70885992 -6.08669186
v 0.24299467 -0.68702209 -6.07141590
v 0.24457037 -0.69161713 -6.07842827
v 0.24520236 -0.66043484 -6.05986834
v 0.24511006 -0.66923892 -6.06983757
v 0.27344012 -0.67388666 -6.10635328
v 0.27104962 -0.67316520 -6.09514856
v 0.27101123 -0.65168095 -6.08408833
v 0.27173144 -0.65145838 -6.09555340
v 0.26254040 -0.60523891 -6.06615353
v 0.25751755 -0.60803080 -6.05892515
v 0.24982941 -0.68770134 -6.07903862
v 0.25755233 -0.69467902 -6.08190632
v 0.24899262 -0.70900607 -6.09564018
v 0.24104205 -0.70521235 -6.09452009
v 0.27031982 -0.69487429 -6.11519241
v 0.26751578 -0.69054699 -6.12566376
v 0.21166500 -0.68603742 -6.05812216
v 0.21792173 -0.66474259 -6.05026865
v 0.21878564 -0.67420828 -6.05528212
v 0.21079379 -0.69595242 -6.06177425
v 0.19949603 -0.70539987 -6.07141924
v 0.19870555 -0.70636463 -6.07784653
v 0.27404642 -0.66572273 -6.10772991
v 0.27578509 -0.66840434 -6.11076021
v 0.27333477 -0.68034756 -6.12599659
v 0.26809332 -0.68301129 -6.13101816
v 0.45483908 -0.38935947 -5.36316872
v 0.46328330 -0.38020205 -5.35675907
v 0.46290874 -0.38035989 -5.36075830
v 0.44940341 -0.39514762 -5.37260151
v 0.48185968 -0.36865282 -5.32773304
v 0.47479746 -0.36773932 -5.34803772
v 0.47135884 -0.37428582 -5.34680462
v 0.47550029 -0.37474024 -5.33561230
v 0.44258237 -0.40288830 -5.36838436
v 0.43418899 -0.41297889 -5.38216877
v 0.42835957 -0.42344314 -5.37763786
v 0.43692422 -0.40987819 -5.36528158
v 0.44071707 -0.41050953 -5.30778790
v 0.43312025 -0.41743904 -5.31033421
v 0.42655486 -0.41851324 -5.30279398
v 0.43501770 -0.40529215 -5.29447365
v 0.38435596 -0.59888136 -5.36045361
v 0.38589132 -0.59020162 -5.35465384
v 0.39383775 -0.58326662 -5.35663795
v 0.39687967 -0.58927202 -5.36220455
v 0.41408479 -0.57257098 -5.37826252
v 0.41397226 -0.57109976 -5.37437963
v 0.41721964 -0.56016266 -5.37857533
v 0.23866042 -0.63737047 -6.04514170
v 0.24301162 -0.63798523 -6.04885483
v 0.24204671 -0.66587079 -6.05778503
v 0.23627061 -0.66541219 -6.05419207
v 0.20688355 -0.63256371 -6.04287195
v 0.20909336 -0.61202776 -6.03786755
v 0.21587142 -0.61567748 -6.03744650
v 0.21471292 -0.64369929 -6.04332829
v 0.23072952 -0.57576001 -6.14531231
v 0.23500627 -0.55755830 -6.12744141
v 0.27377319 -0.62372708 -6.10365963
v 0.27448916 -0.63536823 -6.09844732
v 0.23319083 -0.65127039 -6.04912424
v 0.23098958 -0.67790616 -6.05550432
v 0.22640049 -0.67105341 -6.05606985
v 0.22865802 -0.65597332 -6.05090809
v 0.25498962 -0.64271164 -6.06228256
v 0.25749466 -0.66983569 -6.07231236
v 0.25026947 -0.66261590 -6.06957769
v 0.25039673 -0.64518201 -6.06065702
v 0.27104816 -0.62986958 -6.08978891
v 0.27148092 -0.61785316 -6.08475065
v 0.27468541 -0.64699960 -6.09593964
v 0.27281085 -0.64658868 -6.09714603
v 0.51258969 -0.24065363 -5.39691210
v 0.51176202 -0.22910279 -5.40029287
v 0.53286105 -0.24609756 -5.40169239
v 0.50708282 -0.24564183 -5.32614040
v 0.53552282 -0.24541152 -5.40007019
v 0.46630973 -0.37140948 -5.35679054
v 0.46663064 -0.37562364 -5.34928656
v 0.46795404 -0.37311077 -5.35209322
v 0.46798509 -0.36859870 -5.35579538
v 0.46117488 -0.37894368 -5.36090422
v 0.45844895 -0.38287705 -5.36073971
v 0.45909762 -0.37959641 -5.36137772
v 0.46211249 -0.37518507 -5.36174774
v 0.44752133 -0.39717752 -5.35344934
v 0.44392315 -0.40089506 -5.35038948
v 0.44610572 -0.39680552 -5.34999800
v 0.44928002 -0.39352465 -5.35327244
v 0.42817199 -0.42754543 -5.33012819
v 0.42417690 -0.43396217 -5.33930063
v 0.41882974 -0.44646031 -5.33510208
v 0.41902125 -0.44102299 -5.32463932
v 0.43872976 -0.41506982 -5.31735039
v 0.45001525 -0.40599519 -5.31624603
v 0.46236816 -0.38845921 -5.33467150
v 0.46674120 -0.38074803 -5.34390450
v 0.46352673 -0.38330203 -5.33976698
v 0.45998752 -0.38923180 -5.33324099
v 0.47231039 -0.37572420 -5.33935022
v 0.47502106 -0.37977844 -5.32465363
v 0.47147119 -0.37337357 -5.34492731
v 0.46060723 -0.38148463 -5.35840368
v 0.45332652 -0.39022017 -5.36165142
v 0.46030369 -0.39672321 -5.31935930
v 0.45427841 -0.39901578 -5.30527210
v 0.46794450 -0.38935512 -5.31357002
v 0.46819550 -0.38483781 -5.32985163
v -0.07557297 0.30193985 -6.62280893
v -0.04282057 0.33868974 -6.55851364
v -0.11209995 0.25309396 -6.69296551
v -0.13614166 0.19476122 -6.74913454
v -0.15041822 0.13813847 -6.79780340
v -0.15698081 0.10271114 -6.83313131
v -0.16732997 0.05775768 -6.85619879
v -0.21067768 -0.00500524 -6.87631893
v 0.32966012 -0.07478797 -6.19234848
v 0.19408214 0.17436403 -6.45143652
v 0.21008217 0.24470963 -6.41382980
v 0.40455711 -0.08485842 -5.80065346
v 0.04352933 0.22926754 -6.49861097
v 0.40713280 -0.42335749 -5.46695423
v 0.40502888 -0.42986375 -5.46977091
v 0.41536701 -0.38111061 -5.45024395
v 0.35696688 -0.47907150 -5.46762800
v 0.36366946 -0.21830130 -5.78249216
v 0.38708937 -0.57702422 -5.34972763
v 0.39781117 -0.56552911 -5.35366726
v 0.42988312 -0.42086893 -5.39668036
v 0.44282112 -0.39872634 -5.38682079
v 0.40113497 -0.45445740 -5.46123743
v 0.38682508 -0.50195313 -5.46560097
v 0.38501871 -0.52635074 -5.46128941
v 0.38742056 -0.51843262 -5.46770620
v 0.38728818 -0.47963387 -5.47004032
v 0.38856518 -0.48313892 -5.46841049
v 0.38935930 -0.51864016 -5.46658659
v 0.39006001 -0.49036610 -5.46793127
v 0.36885473 -0.54963398 -5.46074867
v 0.38157409 -0.53858817 -5.46190643
v 0.38963854 -0.44298553 -5.47194862
v 0.37487078 -0.44588614 -5.47801638
v 0.34937286 -0.44599634 -5.48837233
v 0.35056335 -0.55670857 -5.45551729
v 0.39556044 -0.44601500 -5.46618652
v 0.38716352 -0.55047584 -5.45730782
v 0.38928860 -0.50002486 -5.46478510
v 0.38715416 -0.47148454 -5.46841002
v 0.38672018 -0.47091615 -5.46883869
v 0.39064413 -0.49813187 -5.46831274
v 0.35554066 -0.57934737 -5.44165087
v 0.37653679 -0.56621182 -5.44980526
v 0.38388038 -0.58298182 -5.45659304
v 0.38638881 -0.58822072 -5.45192909
v 0.39467061 -0.57941294 -5.45864677
v 0.38782227 -0.57295322 -5.46349192
v 0.34170121 -0.24527681 -5.78587389
v 0.18858889 0.02287075 -6.33322096
v 0.22201735 0.06776816 -6.31543159
v 0.17627087 0.00220487 -6.37121964
v 0.36573094 -0.20950943 -5.92622662
v 0.16624224 0.05138958 -6.51655579
v 0.19204661 0.09751824 -6.47010946
v 0.14443558 0.14674988 -6.51323318
v 0.11897588 0.09792271 -6.54212427
v 0.07955894 -0.04133034 -6.62369823
v 0.07011116 -0.01465061 -6.59896088
v 0.04447436 -0.03424984 -6.56654072
v 0.14847046 -0.13305223 -6.54549599
v 0.11357760 -0.13805830 -6.51613951
v 0.08319509 -0.08435333 -6.67060089
v 0.11237580 -0.10981077 -6.64397097
v 0.11467996 -0.09134972 -6.63358116
v 0.08785930 -0.07124171 -6.64882755
v 0.14680251 -0.10870767 -6.60664415
v 0.17119804 0.32856339 -6.44992828
v 0.23483866 0.23515637 -6.33996201
v 0.60307229 -0.23696470 -5.35264683
v 0.58668125 -0.23180032 -5.32793903
v 0.41111755 -0.54843330 -5.45972633
v 0.40686089 -0.57187492 -5.45382404
v 0.45965853 -0.37825084 -5.37164164
v 0.26060331 -0.49414366 -6.01089334
v 0.24721217 -0.50273210 -6.00233793
v 0.26627925 -0.48919147 -6.05257511
v 0.26337460 -0.53758752 -6.07789230
v 0.21637630 -0.47895169 -6.08373976
v 0.21105367 -0.52353412 -6.10695887
v 0.19043750 -0.50618285 -6.04862070
v 0.18160993 -0.55142164 -6.07684183
v 0.21168560 -0.46890986 -5.98545456
v 0.22986305 -0.51664716 -6.00638008
v 0.20900306 -0.52052051 -6.01826859
v 0.26561543 -0.55407131 -6.05592394
v 0.25589105 -0.44943786 -6.05996609
v 0.22525215 -0.33416378 -5.92725182
v 0.23456699 -0.29697967 -6.01269960
v -0.00476390 0.38814422 -6.49171066
v 0.15718049 -0.05807766 -6.47432232
v 0.18741289 0.00040525 -6.44075775
v 0.15722913 -0.39907908 -6.68524122
v 0.15544897 -0.40726411 -6.67127132
v 0.14982674 -0.39036214 -6.68432808
v 0.14734674 -0.37833989 -6.69910240
v 0.15984347 0.37343615 -6.12448454
v 0.14982259 0.40759563 -6.17669439
v 0.20008388 0.38091111 -6.19104052
v 0.19401872 -0.53110170 -6.03227615
v 0.19141477 -0.51208663 -6.03598690
v 0.18239433 -0.55382276 -6.06418371
v 0.18352044 -0.56234431 -6.05568361
v 0.31172490 -0.32186615 -5.99609327
v 0.11597541 0.03390726 -6.56832886
v 0.18180448 -0.00349408 -6.54147434
v 0.07249326 0.04051349 -6.56884861
v 0.11499137 -0.01635769 -6.59165859
v 0.16200289 -0.04852188 -6.57087660
v 0.10062650 -0.04449064 -6.61090755
v 0.08851531 -0.12819946 -6.67342043
v 0.08400676 -0.17463273 -6.68014002
v 0.06516913 -0.16134727 -6.68526125
v 0.06752419 -0.20605326 -6.69677305
v 0.08468702 -0.21951723 -6.69462633
v 0.08623549 -0.31351107 -6.73598766
v 0.06136462 -0.30930656 -6.72765779
v 0.09196916 -0.34090054 -6.75329590
v 0.12967226 -0.13685435 -6.64879990
v 0.12055075 -0.17875624 -6.66482973
v 0.10420072 -0.34943628 -6.75378323
v 0.11188090 -0.35584867 -6.74790287
v 0.22172943 -0.53213274 -6.11414909
v 0.12879965 -0.43145633 -6.64096165
v 0.11512575 -0.39874065 -6.64463377
v 0.14421386 -0.37665337 -6.68358946
v 0.15426061 -0.41701233 -6.66856623
v 0.16610479 -0.46130347 -6.68432617
v 0.16424221 -0.46591806 -6.66637850
v 0.08384249 -0.43288773 -6.63625622
v 0.07450059 -0.39593452 -6.64104748
v 0.13862687 -0.47682059 -6.65083504
v 0.13218874 -0.47608030 -6.63937140
v 0.04723024 -0.41592467 -6.69833565
v 0.04213834 -0.38007617 -6.69091606
v 0.04404742 -0.39827633 -6.67860460
v 0.04759693 -0.43007725 -6.68657017
v 0.05604172 -0.37414908 -6.65157175
v 0.06524828 -0.40095669 -6.64439631
v 0.07849538 -0.42378175 -6.63178635
v 0.09020275 -0.48046625 -6.63593817
v 0.07939351 -0.47813380 -6.63933086
v 0.32763928 -0.38352180 -5.52460670
v 0.35325441 -0.37208331 -5.51188231
v 0.34540576 -0.35134172 -5.52246952
v 0.32446635 -0.36393273 -5.53351355
v 0.37811577 -0.36032629 -5.50644064
v 0.40395635 -0.35192740 -5.50177002
v 0.39504901 -0.32753348 -5.50782251
v 0.36762637 -0.33800453 -5.51444149
v 0.48733038 -0.32346034 -5.35711336
v 0.49319494 -0.32336569 -5.32873535
v 0.47974566 -0.28759205 -5.34926271
v 0.47803527 -0.28675056 -5.36374855
v 0.47030762 -0.32025218 -5.27947235
v 0.44417173 -0.33060694 -5.26085091
v 0.45203224 -0.28223181 -5.24866486
v 0.47108471 -0.27740228 -5.28380108
v 0.42477351 -0.34321046 -5.48584890
v 0.42041257 -0.31669140 -5.49427223
v 0.40441406 -0.48402733 -5.33296251
v 0.41337720 -0.46701974 -5.34194183
v 0.40939099 -0.49039197 -5.34917212
v 0.40185836 -0.50781715 -5.34174442
v 0.42292440 -0.44368267 -5.37758112
v 0.41985404 -0.46075368 -5.37277317
v 0.42340854 -0.43599892 -5.36344099
v 0.42847821 -0.42247653 -5.36542940
v 0.39504179 -0.50509846 -5.32953215
v 0.39567930 -0.48826379 -5.32211781
v 0.42294627 -0.44323790 -5.39416313
v 0.39099208 -0.54868603 -5.45518875
v 0.39017916 -0.55029666 -5.45638418
v 0.36619025 -0.58143687 -5.42960119
v 0.38398784 -0.57048243 -5.44198895
v 0.38238323 -0.56951904 -5.44477844
v 0.36591280 -0.58215201 -5.43416739
v 0.37074184 -0.54979646 -5.45783567
v 0.35791084 -0.55431730 -5.45375299
v 0.38305819 -0.54568207 -5.45629454
v 0.37533116 -0.56252968 -5.44707680
v 0.36285746 -0.56886429 -5.44030619
v 0.38417575 -0.54895109 -5.45520735
v 0.38766366 -0.52427518 -5.46099854
v 0.40009391 -0.44049752 -5.47406435
v 0.39191788 -0.45848483 -5.46532488
v 0.33837628 -0.58854449 -5.42105818
v 0.39163339 -0.53847170 -5.47262573
v 0.39108264 -0.55726868 -5.47157907
v 0.38990676 -0.55766982 -5.47112370
v 0.39109698 -0.54066074 -5.47215557
v 0.39254376 -0.46473920 -5.46750164
v 0.39415157 -0.44546479 -5.46766806
v 0.38792098 -0.45655465 -5.47002077
v 0.35173342 -0.59437072 -5.44676495
v 0.35116118 -0.59503353 -5.44650030
v 0.36869729 -0.58742201 -5.45358515
v 0.39216000 -0.52102149 -5.47231483
v 0.39102620 -0.51780808 -5.47214699
v 0.39291829 -0.48894995 -5.46958876
v 0.38958997 -0.49097109 -5.46973038
v 0.38074052 -0.57975805 -5.45957851
v 0.38654280 -0.57169598 -5.46476173
v 0.38624191 -0.57069439 -5.46553516
v 0.37948149 -0.58086240 -5.45958996
v 0.34900349 -0.59824955 -5.44056845
v 0.36341622 -0.59113705 -5.44845486
v 0.39631987 -0.52096814 -5.47228861
v 0.39781213 -0.48715949 -5.46532822
v 0.39544618 -0.44356030 -5.47172308
v 0.39863229 -0.44934201 -5.46522713
v 0.39461124 -0.45992386 -5.46664858
v 0.39059043 -0.52199084 -5.46596241
v 0.38955799 -0.54750967 -5.45802593
v 0.36597335 -0.58111870 -5.43450308
v 0.38154098 -0.58685458 -5.44863892
v 0.36683607 -0.59242439 -5.44046974
v 0.35605061 -0.59340620 -5.44352007
v 0.37083966 -0.58728039 -5.45305634
v 0.39541823 -0.55684364 -5.47084808
v 0.39579567 -0.53746450 -5.47161436
v 0.40333593 -0.53946263 -5.46601105
v 0.39951321 -0.55859792 -5.46713924
v 0.39506102 -0.46029419 -5.46704960
v 0.38877231 -0.46750575 -5.47029352
v 0.38746679 -0.45805699 -5.47092962
v 0.39184296 -0.57887650 -5.45830488
v 0.38273317 -0.58053136 -5.46021366
v 0.39562377 -0.48696673 -5.46300983
v 0.39091301 -0.48784637 -5.46871948
v 0.39429623 -0.56869352 -5.46491194
v 0.38898525 -0.57004476 -5.46596956
v 0.39428473 -0.45886159 -5.46889734
v 0.32722360 -0.22592312 -5.72783184
v 0.29985154 -0.30622077 -5.60791779
v 0.29953951 -0.36268198 -5.53809071
v 0.32522330 -0.34510648 -5.53972483
v 0.31988081 -0.33479834 -5.54942846
v 0.25268731 -0.30979335 -5.74474430
v 0.28460592 -0.26677430 -5.76383209
v 0.21572819 -0.36494935 -5.75522852
v 0.38544616 0.03650552 -5.82235050
v 0.19165519 -0.55191225 -6.11134911
v 0.18393838 -0.57891476 -6.13089228
v 0.24037594 -0.44608092 -6.07025528
v 0.23379141 -0.48670954 -6.08597279
v 0.07023993 -0.05449709 -6.63785028
v 0.07121238 -0.13348866 -6.54222012
v 0.04314989 -0.12581134 -6.56282759
v 0.03750479 -0.11584985 -6.60391665
v 0.05336034 -0.15649498 -6.66556549
v -0.04884464 0.41432181 -6.52468300
v -0.15860277 0.25433165 -6.76254988
v -0.16706491 0.15469664 -6.76501465
v 0.46771148 -0.34617639 -5.37962818
v 0.45467427 -0.35071039 -5.40572071
v 0.47724253 -0.35184497 -5.35690022
v 0.36922455 -0.60020530 -5.43795824
v 0.40528411 -0.48411024 -5.45536757
v 0.40496838 -0.51754642 -5.46555901
v 0.41254908 -0.51351720 -5.44462872
v 0.41186684 -0.47913784 -5.43979120
v 0.38918597 -0.59250915 -5.44530201
v 0.39702213 -0.58495712 -5.45109081
v 0.41085008 -0.46021903 -5.32732677
v 0.41149676 -0.44643533 -5.31501722
v 0.39986980 -0.46930307 -5.31609488
v 0.40037581 -0.45281100 -5.30624199
v 0.41592109 -0.41815066 -5.29148006
v 0.42516011 -0.39543051 -5.28021336
v 0.44888973 -0.38762444 -5.28870487
v 0.43817508 -0.36899972 -5.27037191
v 0.46460718 -0.36344200 -5.28514576
v 0.46500623 -0.38491249 -5.29813862
v 0.49093714 -0.35075969 -5.32723522
v 0.41854244 -0.47310036 -5.39039278
v 0.41628349 -0.48652107 -5.37968540
v 0.40042508 -0.53031492 -5.34802341
v 0.39281207 -0.52707213 -5.33819818
v 0.38263014 -0.53895730 -5.33507252
v 0.38212138 -0.51844847 -5.32654572
v 0.39818814 -0.58941948 -5.40034151
v 0.38766906 -0.59872115 -5.40049887
v 0.42558992 -0.42787278 -5.31576872
v 0.43277925 -0.42164910 -5.32244444
v 0.38557288 -0.49656075 -5.31883717
v 0.38868839 -0.48009408 -5.31311369
v 0.41695577 -0.43044162 -5.30517197
v 0.40629292 -0.43782800 -5.30006886
v 0.39239949 -0.44693136 -5.29535770
v 0.45038605 -0.39915556 -5.33156061
v 0.44719481 -0.40023440 -5.33569908
v 0.44429862 -0.40824038 -5.33075047
v 0.45148486 -0.40248495 -5.32799435
v 0.43055996 -0.41667265 -5.35517597
v 0.43714175 -0.40817869 -5.35780954
v 0.45480639 -0.40155160 -5.32386827
v 0.45770076 -0.39564407 -5.32947350
v 0.44667089 -0.40884608 -5.32337284
v 0.46012282 -0.38115591 -5.36025667
v 0.46447676 -0.37421066 -5.35941839
v 0.46540359 -0.37505341 -5.35683727
v 0.44152942 -0.40819550 -5.33643389
v 0.43618041 -0.41613436 -5.33360672
v 0.43814367 -0.41698396 -5.32623816
v 0.46198332 -0.39224541 -5.32862663
v 0.40578082 -0.53712702 -5.35934782
v 0.40036941 -0.54819536 -5.35269737
v 0.40670997 -0.51419806 -5.35515976
v 0.41428813 -0.50336069 -5.39106369
v 0.41297668 -0.51165295 -5.37843609
v 0.41472197 -0.49324566 -5.37311363
v 0.39187077 -0.55104852 -5.34533739
v 0.40076324 -0.51563638 -5.46599913
v 0.39313388 -0.51576501 -5.47087526
v 0.37050021 -0.60807967 -5.36283112
v 0.37552646 -0.59646428 -5.35350609
v 0.37889248 -0.56008172 -5.34015560
v 0.37515140 -0.58047831 -5.34513998
v 0.41651058 -0.34400606 -5.24835634
v 0.42116675 -0.29649496 -5.23156357
v 0.38759625 -0.46501625 -5.30382967
v 0.41479409 -0.37903112 -5.26299953
v 0.44757095 -0.39730597 -5.35734510
v 0.45178607 -0.39268935 -5.35984230
v 0.44632080 -0.39852834 -5.36156130
v 0.44267312 -0.40225977 -5.35901499
v 0.38801742 -0.59829772 -5.43703985
v 0.47790396 -0.28503227 -5.32041550
v 0.48851347 -0.32617527 -5.30472898
v 0.41099364 -0.57395399 -5.43665314
v 0.40092692 -0.58814442 -5.43985939
v 0.40846741 -0.58449984 -5.42380285
v 0.41605425 -0.56752086 -5.42394733
v 0.41566807 -0.55200899 -5.43702888
v 0.41466182 -0.52345687 -5.42495775
v 0.41762838 -0.54860187 -5.41698599
v 0.41442811 -0.52005267 -5.40752649
v 0.39673477 -0.59470797 -5.41384506
v 0.40695503 -0.58329010 -5.40888929
v 0.39401460 -0.59837782 -5.42654991
v 0.57823229 -0.21525252 -5.28935337
v 0.47727174 -0.37682402 -5.30743933
v 0.48430312 -0.35405070 -5.30226135
v 0.47055858 -0.37242723 -5.34725904
v 0.46936905 -0.37187773 -5.35046101
v 0.45606789 -0.38665152 -5.36041927
v 0.44376820 -0.40129560 -5.35447741
v 0.44097382 -0.40436935 -5.35056686
v 0.46628129 -0.38383842 -5.33683538
v 0.44473982 -0.40140080 -5.33916664
v 0.44194645 -0.40389442 -5.34115219
v 0.43645838 -0.41275907 -5.33948517
v 0.45534495 -0.39498973 -5.33102846
v 0.46431816 -0.37253916 -5.36004400
v 0.45218244 -0.39021772 -5.35475922
v 0.45137745 -0.39295137 -5.35663366
v 0.46413106 -0.37766391 -5.35533905
v 0.46251190 -0.38270223 -5.34799767
v 0.45312318 -0.39593047 -5.33462620
v 0.45780984 -0.39159495 -5.33409500
v 0.44728160 -0.39901340 -5.33935690
v 0.44676226 -0.39827192 -5.34324551
v 0.44845617 -0.39513099 -5.35070419
v 0.45015055 -0.39336288 -5.35190868
v 0.45355499 -0.38997144 -5.35104275
v 0.46028078 -0.38042611 -5.35899305
v 0.45609939 -0.38532943 -5.35807371
v 0.45882428 -0.38354409 -5.35577345
v 0.46259713 -0.37649190 -5.36030006
v 0.46460947 -0.37393087 -5.35845137
v 0.44807968 -0.39564162 -5.34837532
v 0.44486827 -0.39860123 -5.34731388
v 0.45031530 -0.39597476 -5.33988905
v 0.46052891 -0.38851315 -5.33577538
v 0.45930666 -0.38865101 -5.33884335
v 0.47132933 -0.21721852 -5.38718319
v 0.47410172 -0.21798646 -5.36203051
v 0.47697687 -0.23410881 -5.35324621
v 0.47758275 -0.24394107 -5.36758709
v 0.47534579 -0.24862522 -5.39243174
v 0.47587538 -0.23998463 -5.40793800
v 0.47157300 -0.23515171 -5.40359068
v 0.04693621 -0.37895745 -6.66971779
v 0.04437310 -0.34681761 -6.67630291
v -0.22712284 0.00326014 -6.90555096
v -0.21837819 -0.00280297 -6.90072727
v -0.21817583 -0.01197708 -6.88837194
v 0.41541767 -0.47215343 -5.35579538
v 0.41233051 -0.49856049 -5.36432171
v 0.40498590 -0.55491984 -5.35902834
v 0.41023326 -0.52495480 -5.36807251
v 0.34834114 -0.60190856 -5.43109894
v 0.06212297 -0.21684128 -6.60741997
v 0.04896289 -0.19004619 -6.63260031
v 0.04562569 -0.33327955 -6.70930719
v 0.08219340 -0.27049589 -6.71528482
v 0.06360093 -0.25412238 -6.70968437
v 0.24136218 -0.61204672 -6.04311514
v 0.23601881 -0.60962975 -6.03812504
v 0.17329583 -0.57442021 -6.10818481
v 0.26541647 -0.55184364 -6.07636309
v 0.26474279 -0.57403463 -6.09189606
v 0.22210360 -0.59654713 -6.02973843
v 0.20996493 -0.58753955 -6.03097677
v 0.15005791 -0.47251749 -6.65076208
v 0.11014533 -0.48166406 -6.62986898
v 0.16901529 -0.44777465 -6.68760252
v 0.42505443 -0.15293241 -5.27000284
v 0.20023978 -0.48436987 -6.00749731
v 0.19497937 -0.58418965 -6.03984547
v 0.18452153 -0.57091355 -6.05321217
v 0.20045972 -0.53151667 -6.02178192
v 0.44481099 -0.17939931 -5.42958832
v 0.39948213 -0.11246812 -5.32370949
v 0.39757490 -0.26697242 -5.50958776
v 0.41783291 -0.24838102 -5.48369217
v 0.40950477 -0.21692479 -5.50704145
v 0.39208454 -0.23925507 -5.53431940
v 0.34179610 -0.33516335 -5.53166294
v 0.33904368 -0.31822681 -5.54433727
v 0.35884455 -0.32004976 -5.52413797
v 0.38158554 -0.30536765 -5.51487017
v 0.37326181 -0.28267097 -5.52919674
v 0.35267526 -0.30539477 -5.53597784
v 0.42801058 -0.27856731 -5.47513580
v 0.43892288 -0.26609105 -5.44880533
v 0.43209565 -0.23461753 -5.45526886
v 0.40890127 -0.29314566 -5.49895239
v 0.44666708 -0.22392261 -5.43316650
v 0.33164811 -0.29909968 -5.56641293
v 0.31277287 -0.32485020 -5.56794071
v 0.37476602 -0.24716204 -5.55546808
v 0.35381070 -0.27511549 -5.55664778
v 0.42647913 -0.19421124 -5.47373581
v 0.05334556 -0.08729380 -6.47110033
v 0.02538544 -0.08108634 -6.52057695
v 0.42949891 -0.42303586 -5.33888435
v 0.46668702 -0.37564856 -5.35285950
v 0.44102326 -0.40474355 -5.34800148
v 0.42067155 -0.44763374 -5.35829544
v 0.42620650 -0.42641461 -5.35467386
v 0.41679418 -0.47596467 -5.36737299
v 0.41447037 -0.53717309 -5.37990189
v 0.41156989 -0.55030239 -5.36814213
v 0.26718044 -0.49693692 -6.03453255
v 0.38361350 -0.60518944 -5.41247654
v 0.36759502 -0.61169612 -5.40851641
v 0.26919788 -0.32580745 -5.60777187
v 0.40457588 -0.58251250 -5.36514091
v 0.41621205 -0.48196614 -5.41631413
v 0.36620936 -0.56873274 -5.33798456
v 0.32652134 -0.48702401 -5.46110916
v 0.35754025 -0.60951149 -5.42139053
v 0.33626103 -0.59818113 -5.43621016
v 0.40972739 -0.57783234 -5.37049294
v 0.41031498 -0.57870698 -5.37456989
v 0.41446689 -0.52560961 -5.39108849
v 0.40525842 -0.57237512 -5.36147213
v 0.41602528 -0.49455202 -5.40204430
v 0.41684848 -0.56982809 -5.40771103
v 0.41902643 -0.54848379 -5.39593697
v 0.37651128 -0.60644031 -5.42507648
v 0.45525357 -0.38710076 -5.35963297
v 0.43184209 -0.41774702 -5.34334612
v 0.42573601 -0.42896307 -5.34364891
v 0.43317920 -0.41393101 -5.35014534
v 0.42642069 -0.42610610 -5.34926891
v 0.43585879 -0.41207463 -5.34639454
v 0.41992104 -0.44613701 -5.34706879
v 0.33755559 -0.59883797 -5.43212891
v 0.27407229 -0.64499366 -6.11885500
v 0.27519810 -0.65942049 -6.11215448
v 0.24685192 -0.63953245 -6.05261803
v 0.24834594 -0.65061736 -6.06065035
v 0.26813188 -0.62585521 -6.07619095
v 0.27094904 -0.63515377 -6.08844995
v 0.22199982 -0.64577782 -6.04445410
v 0.22533560 -0.65575802 -6.04984713
v 0.24197024 -0.69236910 -6.06999111
v 0.23419672 -0.69066679 -6.06279802
v 0.25838405 -0.62836063 -6.06081772
v 0.26286000 -0.62242138 -6.06629324
v 0.05538070 -0.45779550 -6.66497898
v 0.05057555 -0.44395834 -6.67576218
v 0.04761112 -0.39948416 -6.70995617
v 0.03869641 -0.36239898 -6.70792723
v 0.17848486 -0.59932947 -6.06640959
v 0.17838258 -0.62225366 -6.06210470
v 0.12151459 -0.39248943 -6.73896456
v 0.13157409 -0.39964640 -6.73856831
v 0.08052701 -0.38016915 -6.74547672
v 0.08720973 -0.38052762 -6.75397968
v 0.10275036 -0.37938845 -6.75407267
v 0.10854226 -0.38004088 -6.74832630
v 0.06789994 -0.34240901 -6.74577045
v 0.13832000 -0.06385773 -6.59581327
v 0.24042857 0.12358344 -6.29245949
v 0.24973869 0.33394772 -6.21969652
v 0.15385380 -0.10549736 -6.58470869
v 0.10178769 -0.06535760 -6.62821054
v 0.13480628 -0.08660555 -6.61305809
v 0.43972191 -0.40623009 -5.34305668
v 0.44200739 -0.40267754 -5.34513140
v 0.63106525 -0.21958929 -5.35009289
v 0.26877394 -0.70311856 -6.10756016
v 0.25880557 -0.70869446 -6.09994459
v 0.19209903 -0.70269513 -6.07370710
v 0.18286771 -0.69274628 -6.07287264
v 0.27352047 -0.66580081 -6.13479090
v 0.27432835 -0.67662227 -6.12797356
v 0.23817948 -0.71157491 -6.08012962
v 0.22317550 -0.71646440 -6.07227230
v 0.06454748 -0.46869421 -6.64953804
v 0.16684648 -0.44212323 -6.70464516
v 0.41259471 -0.56777459 -5.36909389
v 0.63730228 -0.22290945 -5.33885145
v 0.63203347 -0.23257303 -5.34502316
v 0.62211776 -0.23699665 -5.35304165
v 0.36442190 -0.58995879 -5.34476233
v 0.26803166 -0.61854804 -6.08037186
v 0.26828444 -0.61140180 -6.07977819
v 0.24833745 -0.63317013 -6.05377293
v 0.25087124 -0.62787271 -6.05429411
v 0.23481750 -0.58436799 -6.02836847
v 0.22950709 -0.61620510 -6.03826284
v 0.22274613 -0.61667061 -6.03677607
v 0.26262802 -0.56865776 -6.05024195
v 0.26753908 -0.59086406 -6.07041502
v 0.26525897 -0.59990239 -6.06911135
v 0.27191061 -0.61419976 -6.10823679
v 0.26860166 -0.59476924 -6.10135126
v 0.25717360 -0.58124888 -6.04460526
v 0.24734229 -0.57061839 -6.03056192
v 0.25206655 -0.60366595 -6.04920435
v 0.24707216 -0.60725129 -6.04378176
v 0.17153406 -0.61733437 -6.08922052
v 0.16818273 -0.63983214 -6.08560944
v 0.17780042 -0.65184224 -6.06817722
v 0.16732347 -0.66158378 -6.08724117
v 0.22899547 -0.64364636 -6.04623318
v 0.22621787 -0.63822162 -6.04370785
v 0.18865323 -0.66849732 -6.06270313
v 0.17339337 -0.67793572 -6.07878828
v 0.19448489 -0.64116323 -6.05064869
v 0.19713682 -0.65840411 -6.05369139
v 0.16945413 -0.59349144 -6.12069654
v 0.20044985 -0.60905898 -6.03971529
v 0.16600525 -0.65203249 -6.09794664
v 0.16567439 -0.67194450 -6.09360790
v 0.22330964 -0.59035957 -6.15218401
v 0.23214066 -0.59261620 -6.14791203
v 0.17310897 -0.61591256 -6.10885143
v 0.16893530 -0.60179794 -6.10703182
v 0.16862911 -0.63204265 -6.10021639
v 0.25560433 -0.64815748 -6.15672350
v 0.25940436 -0.64748478 -6.15322971
v 0.25422674 -0.63848555 -6.15328217
v 0.25015363 -0.64200163 -6.15751266
v 0.20856297 -0.71005130 -6.08450270
v 0.21758091 -0.71604550 -6.07947350
v 0.23336267 -0.71042192 -6.09011126
v 0.23216891 -0.70421541 -6.09694052
v 0.22715968 -0.71681786 -6.08084202
v 0.23335338 -0.71357369 -6.08538485
v 0.25206640 -0.70772862 -6.10363197
v 0.24258977 -0.70495033 -6.10365438
v 0.25760394 -0.68710017 -6.13154840
v 0.26287133 -0.69592178 -6.12216616
v 0.26389956 -0.70216238 -6.11486530
v 0.25893235 -0.70664895 -6.10744715
v 0.26884180 -0.66650629 -6.14443254
v 0.27099609 -0.67793453 -6.13589668
v 0.18302020 -0.60408103 -6.12995100
v 0.19796273 -0.59655428 -6.13894415
v 0.17333806 -0.60932553 -6.11933947
v 0.21313429 -0.59059751 -6.14591169
v 0.18192333 -0.69727767 -6.07970810
v 0.19131744 -0.70389009 -6.07873392
v 0.23603737 -0.60481846 -6.14654684
v 0.24599165 -0.62538207 -6.15256977
v 0.26355645 -0.66420782 -6.15108538
v 0.26461127 -0.65476263 -6.15008640
v 0.26028749 -0.65570641 -6.15476036
v 0.17308491 -0.68795896 -6.08446789
v 0.19684088 -0.62571919 -6.12332344
v 0.19351074 -0.61447203 -6.12126064
v 0.18366632 -0.61957276 -6.11688375
v 0.18653357 -0.62958586 -6.12109041
v 0.17780524 -0.63232684 -6.11662197
v 0.17405531 -0.62988079 -6.10891485
v 0.17198449 -0.64061165 -6.11217546
v 0.16942981 -0.64218307 -6.10459042
v 0.16916755 -0.64874470 -6.11087561
v 0.16735208 -0.65270507 -6.10615253
v 0.16983354 -0.65636551 -6.11339951
v 0.16760021 -0.66437626 -6.10518122
v 0.17387572 -0.66281450 -6.11635399
v 0.17579222 -0.67018223 -6.11201429
v 0.18448943 -0.66691780 -6.12042046
v 0.18624109 -0.67321575 -6.11486721
v 0.19373348 -0.67380857 -6.12031412
v 0.19558305 -0.68173230 -6.11175919
v 0.20430258 -0.68047130 -6.11682320
v 0.20730305 -0.68887138 -6.10860157
v 0.21374851 -0.68554926 -6.11157370
v 0.21230686 -0.67694294 -6.12047958
v 0.22850928 -0.68267524 -6.12384224
v 0.22405320 -0.67451835 -6.13236141
v 0.21789533 -0.67464340 -6.12679386
v 0.22145185 -0.68340099 -6.11628485
v 0.22928792 -0.66592324 -6.14554977
v 0.22469622 -0.66910279 -6.13965034
v 0.23308825 -0.67573559 -6.13549995
v 0.23628682 -0.66588938 -6.14819002
v 0.22821397 -0.65672588 -6.15349531
v 0.23409700 -0.65567756 -6.15636921
v 0.23159203 -0.64733768 -6.15972567
v 0.23740923 -0.64646912 -6.16005325
v 0.23455876 -0.63755572 -6.15914154
v 0.24001878 -0.63513815 -6.15773535
v 0.23557979 -0.62801921 -6.15447044
v 0.23806599 -0.62129200 -6.15090942
v 0.23256761 -0.61918461 -6.14974689
v 0.23314914 -0.61077809 -6.14797831
v 0.22770691 -0.61360228 -6.14790630
v 0.22825885 -0.60484660 -6.14684105
v 0.22058147 -0.61207378 -6.14355803
v 0.21970642 -0.60604215 -6.14332771
v 0.21179184 -0.60556781 -6.13449144
v 0.21383476 -0.61849225 -6.13336134
v 0.20298812 -0.61200762 -6.12600183
v 0.20587096 -0.62157142 -6.12705708
v 0.24401149 -0.65005553 -6.16126490
v 0.24703145 -0.64792502 -6.16087246
v 0.24493182 -0.64141810 -6.15948296
v 0.24153179 -0.64748824 -6.16051769
v 0.24228835 -0.65610516 -6.15937614
v 0.23977095 -0.65775788 -6.15705919
v 0.24492955 -0.66291070 -6.15496635
v 0.24561012 -0.66824722 -6.14901686
v 0.25098577 -0.66911256 -6.15017223
v 0.25584224 -0.67699599 -6.14220428
v 0.25671130 -0.67060602 -6.14948845
v 0.26437157 -0.67483819 -6.14482260
v 0.25956288 -0.66683221 -6.15248299
v 0.25842941 -0.66058314 -6.15594244
v 0.25536054 -0.65419364 -6.15834236
v 0.25119925 -0.64970732 -6.15988874
v 0.24060959 -0.68767726 -6.12512207
v 0.24438024 -0.68683827 -6.12778807
v 0.24109721 -0.68309546 -6.13039017
v 0.23606858 -0.68523824 -6.12547064
v 0.24024710 -0.69249320 -6.11939907
v 0.23574030 -0.69137228 -6.11795425
v 0.24256873 -0.69868231 -6.11219120
v 0.24442518 -0.69711614 -6.11535454
v 0.24845713 -0.70036459 -6.11302233
v 0.25121766 -0.70403326 -6.10904264
v 0.25318331 -0.70138597 -6.11339855
v 0.25762659 -0.70297444 -6.11216736
v 0.25593215 -0.69980502 -6.11629152
v 0.25910515 -0.70026278 -6.11613512
v 0.25606039 -0.69618690 -6.12083721
v 0.25977290 -0.69740546 -6.11992311
v 0.25536263 -0.69179535 -6.12557268
v 0.25253493 -0.69198656 -6.12463999
v 0.24916083 -0.68885195 -6.12723589
v 0.24880141 -0.68596256 -6.13029385
v 0.21039489 -0.70082271 -6.09738207
v 0.21408433 -0.69835663 -6.10088491
v 0.21015400 -0.69564331 -6.10247087
v 0.20298848 -0.69648254 -6.09910774
v 0.21067280 -0.70620549 -6.09123421
v 0.21547452 -0.71243596 -6.08542013
v 0.22217643 -0.71512806 -6.08406639
v 0.22850943 -0.71367621 -6.08694935
v 0.22829831 -0.70977223 -6.09137440
v 0.22391933 -0.70143247 -6.09872246
v 0.22669894 -0.70578110 -6.09486008
v 0.22313869 -0.69384563 -6.10462332
v 0.21856028 -0.69823492 -6.10145283
v 0.21482733 -0.69329870 -6.10538054
v 0.17143625 -0.67914546 -6.10194063
v 0.17419103 -0.67629266 -6.10580111
v 0.17079043 -0.67381954 -6.10582542
v 0.16895494 -0.67857957 -6.09722471
v 0.17415166 -0.68555915 -6.09514570
v 0.17621934 -0.68947744 -6.08812523
v 0.18000662 -0.69177115 -6.09048653
v 0.18402702 -0.69672692 -6.08407784
v 0.18517947 -0.69545424 -6.08973312
v 0.19050288 -0.70087349 -6.08466148
v 0.18788153 -0.68667400 -6.10354900
v 0.18986118 -0.69260585 -6.09762192
v 0.19359565 -0.69297922 -6.09898281
v 0.19100073 -0.68583143 -6.10589027
v 0.18404031 -0.68059695 -6.10704088
v 0.18330184 -0.67720747 -6.11127853
v 0.17916763 -0.67669380 -6.10689449
v 0.17651743 -0.67457902 -6.10858345
v 0.21425951 -0.70251691 -6.09684229
v 0.21708065 -0.70125854 -6.09876823
v 0.21370655 -0.70557535 -6.09319639
v 0.21568483 -0.70926344 -6.08948994
v 0.21951506 -0.71189463 -6.08759451
v 0.22414356 -0.71181822 -6.08896828
v 0.22448713 -0.70929682 -6.09173155
v 0.22276890 -0.70455801 -6.09615803
v 0.22459143 -0.70753276 -6.09351397
v 0.22002065 -0.70227396 -6.09818554
v 0.17467207 -0.68029618 -6.10367489
v 0.17720982 -0.67886662 -6.10552597
v 0.17513627 -0.68403482 -6.09954309
v 0.17821530 -0.68802798 -6.09599066
v 0.18167627 -0.69083738 -6.09455442
v 0.18917739 -0.69604409 -6.09219456
v 0.18453395 -0.69176877 -6.09534121
v 0.18584985 -0.69050026 -6.09810591
v 0.18527502 -0.68712533 -6.10162926
v 0.18344212 -0.68297851 -6.10399055
v 0.18073654 -0.67974889 -6.10549688
v 0.24396846 -0.68979299 -6.12425613
v 0.24649984 -0.68973410 -6.12530422
v 0.24305972 -0.69203460 -6.12126446
v 0.24462944 -0.69517744 -6.11810541
v 0.24738497 -0.69758999 -6.11619425
v 0.25023121 -0.69875133 -6.11584187
v 0.25246698 -0.69833541 -6.11710358
v 0.25316584 -0.69643295 -6.11968708
v 0.25191483 -0.69364381 -6.12255478
v 0.24938357 -0.69126511 -6.12449884
v 0.24602008 -0.65382314 -6.16082764
v 0.24864909 -0.65315270 -6.16071415
v 0.24463281 -0.65659130 -6.15973186
v 0.24567932 -0.66074741 -6.15719557
v 0.24886328 -0.66452634 -6.15440655
v 0.25248671 -0.66642284 -6.15328026
v 0.25470150 -0.66547120 -6.15408468
v 0.25515541 -0.66240597 -6.15613699
v 0.25392014 -0.65851843 -6.15818644
v 0.25129741 -0.65495968 -6.15984631
v 0.21958402 -0.70680606 -6.09378481
v 0.24807289 -0.69410455 -6.12073088
v 0.17987275 -0.68507969 -6.10167885
v 0.24958384 -0.66009223 -6.15813732
v 0.16698533 -0.59681213 -6.10032034
v 0.17308587 -0.59614480 -6.08638620
v 0.16619518 -0.59836674 -6.10870409
v 0.16605210 -0.59801054 -6.11523294
v 0.16757771 -0.58836854 -6.11279774
v 0.16924649 -0.58122253 -6.10384607
v 0.17313886 -0.57203341 -6.09371567
v 0.16971046 -0.57775748 -6.09514236
v 0.17398527 -0.56985420 -6.08281946
v 0.17421684 -0.57587004 -6.07608747
v 0.16811770 -0.58196390 -6.09337759
v 0.16858384 -0.59010303 -6.09401083
v 0.17288721 -0.58775437 -6.08310556
v 0.16607749 -0.59124613 -6.11186314
v 0.16573507 -0.59431899 -6.11238098
v 0.16688609 -0.58720815 -6.10840845
v 0.16641086 -0.58314180 -6.10188723
v 0.16505665 -0.58553505 -6.10122013
v 0.16657782 -0.59159970 -6.10082006
v 0.16578960 -0.59405148 -6.10372305
v 0.16584051 -0.59326494 -6.10810375
v 0.16480941 -0.59630823 -6.11074352
v 0.25609773 -0.62665415 -6.14691257
v 0.24525076 -0.67775762 -6.13827038
v 0.23245680 -0.69454265 -6.11087704
v 0.19670182 -0.70201051 -6.08867598
v 0.06861350 -0.40669668 -6.72065544
v 0.06349674 -0.39683151 -6.72193432
v 0.05681431 -0.40479541 -6.71507168
v 0.06058243 -0.41204941 -6.71634197
v 0.05516165 -0.41567099 -6.71213388
v 0.05148333 -0.41234845 -6.70816708
v 0.05229986 -0.42331994 -6.70756912
v 0.05024576 -0.42248273 -6.70297670
v 0.05065793 -0.43178552 -6.70313168
v 0.04906857 -0.43149334 -6.69629145
v 0.05049187 -0.44126904 -6.69919205
v 0.04960716 -0.44590890 -6.68793154
v 0.05471522 -0.45060724 -6.69707060
v 0.05551630 -0.45614028 -6.68949842
v 0.06467584 -0.45564032 -6.69582319
v 0.06683680 -0.45918524 -6.68766499
v 0.07727736 -0.45993662 -6.69194651
v 0.08038479 -0.46470577 -6.68177509
v 0.09068027 -0.46295202 -6.68760872
v 0.09363404 -0.46696723 -6.67938280
v 0.10202333 -0.46445119 -6.68239975
v 0.09967986 -0.45858192 -6.69359684
v 0.11741263 -0.45792019 -6.69532919
v 0.11322492 -0.45343047 -6.70632267
v 0.10811001 -0.45479262 -6.69670486
v 0.11005566 -0.45932388 -6.68738604
v 0.12332270 -0.44588387 -6.72407436
v 0.11857551 -0.45022458 -6.71560717
v 0.12579212 -0.45448697 -6.70673561
v 0.13366902 -0.44701743 -6.72117138
v 0.12569240 -0.43758029 -6.73585463
v 0.13366798 -0.43538904 -6.73615932
v 0.12845963 -0.42660499 -6.74211359
v 0.13557684 -0.42269433 -6.73978472
v 0.12709031 -0.41694987 -6.74180984
v 0.13025817 -0.41005754 -6.73968935
v 0.12200111 -0.40770316 -6.74128485
v 0.12275052 -0.39952475 -6.74004221
v 0.11344051 -0.39917815 -6.74104977
v 0.11307681 -0.39226091 -6.74092531
v 0.10574809 -0.39352632 -6.74184465
v 0.10491285 -0.38569295 -6.74646950
v 0.09873155 -0.39097428 -6.74138117
v 0.09459391 -0.38648903 -6.74613428
v 0.08831716 -0.39013219 -6.73410225
v 0.09080765 -0.39747488 -6.73146534
v 0.07583752 -0.39250302 -6.72820997
v 0.07868129 -0.40517986 -6.72537756
v 0.14513567 -0.43619037 -6.73307705
v 0.14856136 -0.43349540 -6.73248577
v 0.14426279 -0.42738092 -6.73598433
v 0.14106423 -0.43409210 -6.73519230
v 0.14301524 -0.44010955 -6.72953606
v 0.14038715 -0.44121635 -6.72760820
v 0.14670536 -0.44623083 -6.72061348
v 0.14617431 -0.45090282 -6.71155071
v 0.15484232 -0.45247757 -6.71031189
v 0.15881228 -0.45654380 -6.70023108
v 0.16103697 -0.45349050 -6.70660973
v 0.16605461 -0.45303226 -6.69967365
v 0.16301966 -0.44946760 -6.70992756
v 0.16496336 -0.44618654 -6.70852327
v 0.16133511 -0.44438517 -6.71612978
v 0.16260099 -0.43981940 -6.71511316
v 0.15739602 -0.43871886 -6.72319365
v 0.15659279 -0.43195397 -6.72387171
v 0.15267691 -0.43433785 -6.72910595
v 0.15004736 -0.42675030 -6.73105621
v 0.13338739 -0.46417373 -6.68801880
v 0.13848671 -0.46257913 -6.69154644
v 0.13300857 -0.45996875 -6.69600534
v 0.12663081 -0.46141899 -6.69182014
v 0.13050205 -0.46726859 -6.68073082
v 0.12226611 -0.46438825 -6.68229437
v 0.12924406 -0.47015285 -6.67035151
v 0.13641554 -0.47192705 -6.67155838
v 0.14646310 -0.47598147 -6.66353083
v 0.14237076 -0.47452390 -6.66721153
v 0.13890111 -0.47519165 -6.66226864
v 0.14768904 -0.47642440 -6.65889406
v 0.15586877 -0.47364593 -6.66513968
v 0.15219423 -0.47418296 -6.66683483
v 0.15520740 -0.47054422 -6.67586803
v 0.15937889 -0.46821880 -6.67668533
v 0.15362385 -0.46324003 -6.69102192
v 0.15102649 -0.46675259 -6.68421173
v 0.14475036 -0.46287292 -6.69094467
v 0.13965380 -0.45738512 -6.70165777
v 0.09694260 -0.47798657 -6.65992355
v 0.10108575 -0.47459066 -6.66568136
v 0.09272480 -0.47224897 -6.66988373
v 0.08941290 -0.47798467 -6.65852785
v 0.09447518 -0.48329747 -6.64595413
v 0.09816903 -0.48240054 -6.65095043
v 0.10377574 -0.48517734 -6.64349031
v 0.10374752 -0.48525715 -6.63805866
v 0.11132520 -0.48545527 -6.64019823
v 0.11342669 -0.48453909 -6.63616133
v 0.11908588 -0.48402166 -6.64100790
v 0.12147203 -0.48294950 -6.63722467
v 0.12636131 -0.48013031 -6.64482403
v 0.12107503 -0.48203456 -6.64805889
v 0.11627299 -0.47559798 -6.66218996
v 0.12022921 -0.47937655 -6.65490055
v 0.12592608 -0.47627187 -6.65713167
v 0.11520189 -0.46909100 -6.67160320
v 0.10850865 -0.47357488 -6.66692162
v 0.10286778 -0.47037458 -6.67307663
v 0.05565757 -0.46498787 -6.67218304
v 0.05753195 -0.46322834 -6.67793226
v 0.05357701 -0.45931798 -6.68110561
v 0.05229574 -0.45737243 -6.67411518
v 0.06508714 -0.47474122 -6.65741777
v 0.06070685 -0.47137177 -6.66354036
v 0.05892110 -0.46817696 -6.66150188
v 0.06659582 -0.47503114 -6.65309906
v 0.07560444 -0.48020470 -6.64737606
v 0.07085168 -0.47803116 -6.65434647
v 0.07458162 -0.47140819 -6.66812849
v 0.07666901 -0.47605562 -6.66050720
v 0.08028412 -0.47554314 -6.66161585
v 0.07866549 -0.46995896 -6.67120790
v 0.06950974 -0.46683908 -6.67451477
v 0.06926909 -0.46420389 -6.68005800
v 0.06268531 -0.46385020 -6.67784023
v 0.06017077 -0.46145475 -6.68285275
v 0.10281554 -0.47877902 -6.65872335
v 0.10636643 -0.47706258 -6.66140938
v 0.10243458 -0.48166347 -6.65326738
v 0.10500324 -0.48389369 -6.64788246
v 0.10975957 -0.48480010 -6.64466238
v 0.11544114 -0.48432231 -6.64498186
v 0.11676967 -0.48304266 -6.64889765
v 0.11505798 -0.47895241 -6.65722942
v 0.11745688 -0.48142576 -6.65221071
v 0.11112136 -0.47721672 -6.66070175
v 0.06034184 -0.46856093 -6.66850185
v 0.06054381 -0.46593922 -6.67333221
v 0.06605625 -0.47515112 -6.65981388
v 0.06305996 -0.47228307 -6.66423273
v 0.06939927 -0.47643173 -6.65886497
v 0.07582304 -0.47874868 -6.65494156
v 0.07171431 -0.47672117 -6.65882969
v 0.07282931 -0.47536463 -6.66134834
v 0.07179865 -0.47253656 -6.66582155
v 0.06921947 -0.46941185 -6.67019796
v 0.06513700 -0.46704996 -6.67297935
v 0.13949686 -0.46660829 -6.68394518
v 0.14284426 -0.46577168 -6.68572330
v 0.13775501 -0.46919036 -6.67865610
v 0.14114007 -0.47223222 -6.67270184
v 0.14730880 -0.47450078 -6.66765022
v 0.14446837 -0.47361535 -6.67008162
v 0.15022668 -0.47322530 -6.67005110
v 0.15157363 -0.47185254 -6.67319107
v 0.15043908 -0.46933413 -6.67898464
v 0.14690012 -0.46699846 -6.68371582
v 0.14801532 -0.43859255 -6.73027706
v 0.15069515 -0.43810987 -6.72932005
v 0.14590108 -0.44032848 -6.72897005
v 0.14776221 -0.44424665 -6.72399092
v 0.15282536 -0.44852901 -6.71714640
v 0.15721864 -0.45055902 -6.71340418
v 0.15934169 -0.44927359 -6.71390057
v 0.15912646 -0.44615877 -6.71738911
v 0.15671474 -0.44255686 -6.72206783
v 0.15338829 -0.43947756 -6.72653961
v 0.06413445 -0.41608149 -6.71925545
v 0.07260245 -0.41396308 -6.72295237
v 0.05837184 -0.41985780 -6.71542072
v 0.05487788 -0.42485809 -6.71204567
v 0.05305940 -0.43130279 -6.70864439
v 0.05292392 -0.43803900 -6.70607042
v 0.05724007 -0.44539571 -6.70518255
v 0.06558710 -0.45122421 -6.70402908
v 0.07575041 -0.45488966 -6.70076704
v 0.08708182 -0.45673507 -6.69782352
v 0.09450713 -0.45257884 -6.70346928
v 0.10560203 -0.44841945 -6.71164131
v 0.10259759 -0.45144117 -6.70338535
v 0.11413866 -0.44387877 -6.72651720
v 0.11080140 -0.44807065 -6.71743631
v 0.11559069 -0.43653750 -6.73582792
v 0.12016743 -0.42804843 -6.74176359
v 0.12093416 -0.42041886 -6.74262238
v 0.11853188 -0.41357124 -6.74189663
v 0.11178076 -0.40676069 -6.74082041
v 0.10631031 -0.40224630 -6.73978519
v 0.09961790 -0.40015042 -6.73733759
v 0.09353626 -0.40867019 -6.73221779
v 0.08289772 -0.41090226 -6.72693825
v 0.11066347 -0.48173881 -6.65285301
v 0.14618671 -0.47095037 -6.67575312
v 0.06648815 -0.47196454 -6.66582680
v 0.15310568 -0.44458055 -6.72322989
v 0.06698209 -0.42167836 -6.72098064
v 0.07500094 -0.42220545 -6.72394562
v 0.06160581 -0.42344511 -6.71849489
v 0.05831879 -0.42644769 -6.71587086
v 0.05641747 -0.43070436 -6.71353436
v 0.05636835 -0.43579078 -6.71186304
v 0.05894482 -0.44104576 -6.71186638
v 0.06866574 -0.44576359 -6.71367550
v 0.07640493 -0.45027137 -6.70802355
v 0.08554941 -0.45193690 -6.70617533
v 0.09172350 -0.44813025 -6.71044683
v 0.10115457 -0.44512069 -6.71424866
v 0.09823945 -0.44701302 -6.71033382
v 0.10653889 -0.44164956 -6.72581768
v 0.10410362 -0.44482279 -6.71885824
v 0.10575771 -0.43397236 -6.73403978
v 0.11183885 -0.42779982 -6.73984480
v 0.11483482 -0.42225289 -6.74164629
v 0.11348885 -0.41711515 -6.74125290
v 0.10983837 -0.41304171 -6.74028111
v 0.10648179 -0.40973216 -6.73916197
v 0.10177693 -0.40900195 -6.73710918
v 0.09669593 -0.41658688 -6.73305225
v 0.08661187 -0.42045408 -6.72732353
v 0.09016219 -0.43668640 -6.72286177
v 0.06323349 -0.43187082 -6.71902418
v 0.08249626 -0.48020941 -6.65154362
v 0.13459730 -0.37517744 -6.72164726
v 0.14192957 -0.41307628 -6.73530865
v 0.11161214 -0.38353789 -6.74311066
v 0.09444425 -0.37735891 -6.75935936
v 0.06435561 -0.37948477 -6.74309301
v 0.40130484 -0.56044358 -5.42854023
v 0.40870875 -0.43509799 -5.45089722
v 0.40730691 -0.46397030 -5.44973850
v 0.39444083 -0.58342433 -5.43772602
v 0.37319189 -0.59269965 -5.42945194
v 0.40776330 -0.52625585 -5.43999338
v 0.40751344 -0.51011908 -5.44489431
v 0.39688811 -0.40967405 -5.41700935
v 0.41279769 -0.41381538 -5.43218994
v 0.39678168 -0.45517564 -5.41367102
v 0.40926057 -0.45476019 -5.42943335
v 0.40126604 -0.52322340 -5.40881824
v 0.40597633 -0.51869237 -5.42148399
v 0.40472353 -0.50479048 -5.42332458
v 0.39580286 -0.50506902 -5.40637493
v 0.37860364 -0.54719520 -5.40432358
v 0.34825253 -0.55724597 -5.39551401
v 0.39171070 -0.53954887 -5.40630579
v 0.39713430 -0.51067132 -5.40447044
v 0.41398162 -0.56936878 -5.37275314
v 0.40870655 -0.57558382 -5.36682272
v 0.19092688 -0.63776314 -6.12409782
v 0.19337380 -0.64838457 -6.12372065
v 0.20043567 -0.65039897 -6.12530947
v 0.19936752 -0.63893628 -6.12589550
v 0.18229142 -0.63901806 -6.12066889
v 0.18609279 -0.64788556 -6.12191534
v 0.17686588 -0.64296019 -6.11637115
v 0.18112892 -0.64862978 -6.11756849
v 0.17556065 -0.65190291 -6.11247540
v 0.18156812 -0.65217292 -6.11859989
v 0.17857552 -0.65732419 -6.11478949
v 0.18567386 -0.65307915 -6.12247515
v 0.18322337 -0.65925574 -6.12085247
v 0.19118685 -0.65474761 -6.12593412
v 0.19059041 -0.66022384 -6.12588263
v 0.19608587 -0.65612459 -6.12818956
v 0.19495293 -0.66671920 -6.12607145
v 0.19824731 -0.66056502 -6.12873888
v 0.20210311 -0.67104805 -6.12393522
v 0.20433933 -0.66420400 -6.12736082
v 0.21019477 -0.66870892 -6.12890053
v 0.20882225 -0.66369641 -6.13081837
v 0.21703538 -0.66759908 -6.13625097
v 0.21264914 -0.66236627 -6.13676786
v 0.21152723 -0.66454959 -6.13230181
v 0.21372277 -0.66902316 -6.13166094
v 0.22180542 -0.66132283 -6.14640808
v 0.21551815 -0.65638292 -6.14406490
v 0.21563989 -0.66178870 -6.14026546
v 0.21961302 -0.66521990 -6.14145088
v 0.22060320 -0.65260220 -6.14887571
v 0.21448794 -0.65010619 -6.14440250
v 0.22526559 -0.64682555 -6.15418148
v 0.21870989 -0.64534533 -6.14703274
v 0.22906077 -0.63873601 -6.15611267
v 0.22323042 -0.63873613 -6.14825726
v 0.23135599 -0.62933326 -6.15140867
v 0.22695762 -0.63335586 -6.14698553
v 0.22899190 -0.62224746 -6.14736462
v 0.22779238 -0.62812030 -6.14546013
v 0.22508574 -0.62128115 -6.14537811
v 0.22364751 -0.63059437 -6.14337683
v 0.21975231 -0.62396634 -6.14164066
v 0.21826351 -0.63602316 -6.14149046
v 0.21370164 -0.63235152 -6.13641453
v 0.21303341 -0.64384484 -6.13719034
v 0.20683804 -0.63075554 -6.12954521
v 0.20768636 -0.64271832 -6.13039589
v 0.20881420 -0.65413415 -6.13369417
v 0.48675710 -0.24947184 -5.40184355
v 0.47703850 -0.22583234 -5.42292118
v 0.48673791 -0.21454489 -5.41616344
v 0.08484033 -0.24790394 -6.19264078
v 0.05536449 -0.14707708 -6.27306843
v 0.13153359 0.31449610 -6.01378393
v 0.18422759 -0.35754347 -5.86640072
v 0.19104940 -0.37890959 -5.84553432
v 0.07077670 0.44268858 -6.19598722
v 0.36090431 -0.07457048 -5.34753036
v -0.02323151 0.15160584 -6.45796108
v 0.24557933 0.19746180 -5.66551113
v 0.00820947 0.48852357 -6.36995602
v 0.32791162 -0.50704908 -5.45582390
v 0.32880843 -0.53265721 -5.45140028
v 0.14009133 -0.26766318 -6.01594400
v 0.33603871 -0.31861734 -5.42879009
v 0.25270110 0.18834154 -5.64217281
v -0.01434928 0.45025569 -6.43782616
v -0.02418214 0.33139768 -6.45604849
v -0.02434021 0.38194719 -6.46032619
v -0.01824433 0.21238169 -6.44054127
v 0.02749950 -0.04773906 -6.34649086
v 0.33496103 -0.58422112 -5.43173885
v 0.08944869 0.42392910 -6.14554214
v 0.10835910 0.38626817 -6.09388971
v -0.03193730 0.41315401 -6.48059130
v -0.02047348 0.43485808 -6.45406151
v -0.03401732 0.38641348 -6.48132992
v -0.05820471 0.34144285 -6.52937889
v -0.08066934 0.38017499 -6.59617233
v -0.11785597 0.26432690 -6.65328264
v -0.14399749 0.21053547 -6.71190071
v -0.20455539 0.14931166 -6.87110281
v -0.18298042 0.11613071 -6.80400181
v -0.22315305 -0.01130366 -6.87485409
v 0.40200642 -0.19670683 -5.21444225
v 0.40225929 -0.25687426 -5.21143150
v 0.32495165 -0.52027017 -5.46232414
v 0.33093297 -0.55906028 -5.44340515
v 0.33573675 -0.57387793 -5.42881060
v 0.37818354 -0.45497006 -5.29393578
v -0.23349380 0.00323397 -6.90398026
v -0.22790700 -0.01492697 -6.88530540
v 0.38791960 -0.14349163 -5.26558304
v 0.37534437 -0.11058652 -5.30977774
v 0.28776282 -0.34165025 -5.56809425
v 0.38902301 -0.37490332 -5.25543976
v 0.34737611 -0.31366897 -5.42933178
v 0.31426364 -0.35092592 -5.49511337
v 0.31802258 -0.45164549 -5.48583221
v 0.39486602 -0.32549381 -5.23632050
v 0.36039215 -0.60790932 -5.35863686
v 0.35872024 -0.61206985 -5.36423874
v 0.20104334 -0.38766432 -5.80943060
v 0.33443984 -0.59641373 -5.44202948
v 0.33486193 -0.59497583 -5.44060946
v 0.31058422 -0.41981232 -5.50811911
v 0.30754590 -0.39913654 -5.51670027
v 0.37646368 -0.46732026 -5.30008316
v 0.37408298 -0.48220897 -5.30847263
v 0.20838451 -0.37829971 -5.78688431
v 0.34216052 -0.58117986 -5.41641617
v 0.34406608 -0.40839177 -5.40636730
v 0.34411886 -0.45474553 -5.40734243
v 0.34771711 -0.49455422 -5.39698315
v 0.34983200 -0.50740224 -5.38989449
v 0.34662306 -0.61555874 -5.40352058
v 0.34142786 -0.60841942 -5.41998386
v 0.33866775 -0.60241497 -5.42862701
v 0.35247749 -0.61686945 -5.38465118
v 0.39021432 -0.52124536 -5.46536922
v 0.38956672 -0.46852648 -5.46981001
v 0.36644375 -0.58791375 -5.45305967
v 0.39061314 -0.46480113 -5.46610785
v 0.38471752 -0.56795430 -5.44443464
v 0.39110446 -0.59810936 -5.36590576
v 0.35797912 -0.61337459 -5.36669683
v 0.36642545 -0.61468029 -5.39167976
v 0.37030715 -0.61328053 -5.37749290
v 0.37492245 -0.61166024 -5.38234138
v 0.37542170 -0.61038244 -5.38790607
v 0.38401148 -0.60493803 -5.37197399
v 0.39182541 -0.59608555 -5.39424515
v 0.40006793 -0.58922923 -5.39554310
v 0.37824175 -0.60683680 -5.36686230
v 0.36572075 -0.61232829 -5.36747789
v 0.38095605 -0.60760164 -5.38057661
v 0.38120380 -0.60627782 -5.38711834
v 0.38831025 -0.60364544 -5.37686777
v 0.39143777 -0.60069740 -5.37408352
v 0.39640856 -0.59730041 -5.37618828
v 0.38390732 -0.60365534 -5.39358425
v 0.40048939 -0.59293759 -5.37441826
v 0.40329009 -0.59121859 -5.37848949
v 0.41092467 -0.57909954 -5.38461590
v 0.41000178 -0.58255219 -5.38720036
v 0.38768762 -0.57393718 -5.39268303
v 0.41260153 -0.58111441 -5.38170433
v 0.38753659 -0.60484421 -5.38598061
v 0.39180064 -0.60439408 -5.37818623
v 0.37807059 -0.58100522 -5.39492416
v 0.37836701 -0.57768488 -5.39530468
v 0.39287624 -0.60015762 -5.38728905
v 0.37926176 -0.57992435 -5.39794588
v 0.40407482 -0.59386671 -5.37786102
v 0.40667218 -0.58842361 -5.37989998
v 0.38479391 -0.57517624 -5.39079189
v 0.38282740 -0.57727838 -5.39383602
v 0.40640211 -0.58303869 -5.39095974
v 0.39887792 -0.59424949 -5.38751268
v 0.40106213 -0.58910167 -5.36778688
v 0.40438998 -0.58771110 -5.37213087
v 0.39556798 -0.59670568 -5.37047100
v 0.41228101 -0.57690775 -5.38105917
v 0.40948826 -0.58338463 -5.38042879
v 0.41222182 -0.57721984 -5.38661480
v 0.39129579 -0.56661212 -5.38698053
v 0.41189662 -0.58031857 -5.38076067
v 0.40725070 -0.58835995 -5.38694525
v 0.39666715 -0.59992468 -5.37757778
v 0.41037971 -0.58507764 -5.38104820
v 0.38163453 -0.57828438 -5.39844036
v 0.38538086 -0.57877672 -5.39704418
v 0.37986526 -0.58042252 -5.39377737
v 0.38901901 -0.57054704 -5.38581419
v 0.35615808 -0.61556578 -5.37268829
v 0.38175881 -0.60733771 -5.37643194
v 0.41584909 -0.56936854 -5.38870859
v 0.37701309 -0.60835290 -5.39723635
v 0.40833735 -0.57939446 -5.39648342
v 0.40815938 -0.58259416 -5.37723827
v 0.24229318 -0.59721291 -6.03572559
v 0.23861980 -0.60243237 -6.03564882
v 0.26659998 -0.57315654 -6.07609797
v 0.26677856 -0.56694597 -6.07739496
v 0.12226373 -0.37640214 -6.73242283
v 0.12960708 -0.38358039 -6.73107529
v 0.07924220 -0.35881507 -6.75461149
v 0.07125407 -0.36044574 -6.74883556
v 0.04107785 -0.35557890 -6.72737265
v 0.05221504 -0.35014367 -6.73911142
v 0.05625278 -0.33589160 -6.73605919
v 0.04900348 -0.33784735 -6.72870874
v 0.09371749 -0.37828445 -6.63301373
v 0.10153553 -0.36824310 -6.63536787
v 0.12755775 -0.35143065 -6.64887142
v 0.13032296 -0.32898378 -6.65478230
v 0.12144718 -0.32286197 -6.64192104
v 0.12409303 -0.30501515 -6.64393568
v 0.20952752 -0.66016054 -6.13322449
v 0.20326996 -0.65485358 -6.12895060
v 0.21222988 -0.65352845 -6.13938236
v 0.20620787 -0.65877032 -6.13076019
v 0.21189329 -0.65789008 -6.13905144
v 0.20647106 -0.65089154 -6.12941122
v 0.21156424 -0.64987767 -6.13666534
v 0.20981297 -0.64935648 -6.13215113
v 0.08365926 -0.44417775 -6.71532679
v 0.09875646 -0.43756485 -6.72628498
v 0.07972312 -0.43258119 -6.72329807
v 0.09500584 -0.42720509 -6.73066139
v 0.08758497 -0.42853129 -6.72576809
v 0.09721977 -0.44171965 -6.71823502
v 0.09193939 -0.44329137 -6.71555042
v 0.08930904 -0.44487911 -6.71349001
v 0.10501897 -0.41922450 -6.73784256
v -0.22325963 0.07254416 -6.89867878
v -0.20773578 0.02530426 -6.84756041
v -0.17987275 0.04917443 -6.88134098
v -0.19107002 0.06837738 -6.89549351
v -0.18329531 0.03357017 -6.86062050
v -0.23014671 0.03509140 -6.90476847
v -0.20425421 0.04328972 -6.90349579
v -0.21722740 0.00125504 -6.86382389
v -0.19352204 0.02157080 -6.88799429
v -0.19947100 0.00928205 -6.86978912
v 0.04191911 -0.37633574 -6.72672796
v 0.15006459 -0.40331626 -6.72242737
v 0.15658963 -0.41434014 -6.71281433
v 0.16333073 -0.44422811 -6.67270327
v 0.15212929 -0.43673921 -6.65295410
v 0.13579378 -0.46107852 -6.64277172
v 0.12336528 -0.45276272 -6.63085794
v 0.04405922 -0.39961839 -6.69783401
v 0.04403174 -0.41484606 -6.68448210
v 0.08583137 -0.45697266 -6.63339901
v 0.08375657 -0.45659590 -6.63037300
v 0.13885191 -0.44378603 -6.64244509
v 0.10121852 -0.45144939 -6.62503910
v 0.15959695 -0.42438138 -6.67618036
v 0.05588025 -0.44471729 -6.66121864
v 0.04850906 -0.42934567 -6.67328024
v 0.04226810 -0.38221443 -6.71122456
v 0.12102354 -0.38479769 -6.73597479
v 0.07374066 -0.37007391 -6.74985027
v 0.11020553 -0.37102580 -6.74909973
v 0.10361484 -0.36730802 -6.75684023
v 0.06734067 -0.44076371 -6.64235592
v 0.16165870 -0.42055678 -6.69511414
v 0.13877958 -0.39205861 -6.73050404
v 0.11418968 -0.37553930 -6.74073410
v 0.09241438 -0.36287373 -6.76011038
v 0.06322020 -0.36422122 -6.74520111
v 0.12928361 -0.39074445 -6.73527098
v 0.04814750 -0.37144780 -6.73944950
v 0.08332700 -0.37229055 -6.75658226
v 0.39153481 -0.56702077 -5.45429039
v 0.39523870 -0.55146766 -5.45944834
v 0.38733405 -0.52778608 -5.39416027
v 0.35570607 -0.52669424 -5.36997700
v 0.25982076 -0.59635603 -6.05508327
v 0.26293278 -0.58955002 -6.05762053
v 0.25393936 -0.54303116 -6.02754831
v 0.25701261 -0.52911389 -6.02835226
v 0.21532905 -0.60546207 -6.03357553
v 0.21085203 -0.60409248 -6.03398609
v 0.22409916 -0.55900776 -6.02027988
v 0.21351326 -0.54956383 -6.02251434
v 0.02036530 -0.15654063 -6.23504257
v 0.02171510 -0.20815474 -6.15693188
v 0.07234561 0.28795683 -5.98425579
v 0.09496617 0.25500396 -5.90163660
v -0.03819406 -0.20265561 -6.01927090
v -0.06283659 -0.17197400 -5.98416662
v -0.09419924 -0.13963491 -6.06630659
v -0.05672354 -0.17507851 -6.09714508
v -0.07448578 -0.10557216 -6.17534065
v -0.03206867 -0.12535763 -6.21121502
v -0.02546781 -0.18598038 -6.13513279
v -0.04355294 0.18895459 -5.98381662
v -0.02730966 0.15709987 -5.90931177
v 0.03951961 0.21138604 -5.88632154
v 0.00996619 0.24823955 -5.98049021
v -0.15375745 0.34451523 -6.39835024
v -0.15026885 0.38333255 -6.35898590
v -0.11365539 0.41813216 -6.38801098
v -0.09401459 0.38856542 -6.42721796
v 0.14139512 -0.32372665 -5.85017729
v 0.11873135 -0.28826892 -5.87637377
v -0.01469809 0.43845993 -6.24423122
v 0.01792926 0.42812082 -6.18405294
v 0.06014559 0.04166403 -5.66120577
v 0.05279273 -0.00758183 -5.64908600
v 0.11656466 0.06768793 -5.59275293
v 0.11147425 0.09120861 -5.61751175
v -0.03957099 0.39614648 -6.15987921
v -0.06303900 0.40416113 -6.22185326
v -0.10017157 0.36797085 -6.19870138
v -0.08710581 0.36093274 -6.14361191
v 0.21125337 0.14622170 -5.59184694
v 0.15804961 0.12442449 -5.59781790
v 0.18512595 0.11010331 -5.57296371
v 0.23503730 0.12670550 -5.56392622
v 0.06647235 -0.29714334 -5.77912283
v 0.05078894 -0.31596875 -5.80139065
v 0.09170049 -0.31987464 -5.79601336
v 0.10124186 -0.29710913 -5.77642727
v 0.13940501 -0.31004059 -5.82509470
v 0.12859637 -0.32743371 -5.83978891
v 0.12246442 -0.31799924 -5.85402012
v 0.10133421 -0.25524640 -5.91004038
v 0.09749636 -0.28496945 -5.89258480
v 0.07502344 -0.26786363 -5.90928650
v 0.07222417 -0.22956377 -5.89876556
v 0.00809354 -0.27847737 -5.86499929
v 0.01255184 -0.30221820 -5.85491657
v 0.01010656 -0.25946325 -5.81697798
v 0.00516796 -0.23931813 -5.84901905
v -0.11880970 -0.05401939 -6.26853037
v -0.13381106 -0.09003651 -6.30509663
v -0.09896624 -0.09941775 -6.30295324
v -0.07795107 -0.06536618 -6.27676249
v -0.02686477 -0.04298070 -6.34865093
v -0.04069901 -0.10589015 -6.34568691
v -0.04785532 -0.08577287 -6.39923859
v -0.02702260 -0.00797027 -6.41804171
v -0.25586230 -0.27509493 -6.45889759
v -0.25296021 -0.25978780 -6.48390198
v -0.26295835 -0.31334341 -6.49965286
v -0.27007526 -0.33141762 -6.47424269
v -0.19334036 -0.16353095 -6.36092663
v -0.22726220 -0.15599012 -6.37966156
v -0.21868891 -0.18078077 -6.38300753
v -0.18916088 -0.19453931 -6.38023758
v -0.15150839 -0.16521382 -6.39456034
v -0.16812450 -0.20476484 -6.40959072
v -0.15040553 -0.18509185 -6.44309235
v -0.14419389 -0.14983690 -6.44724751
v -0.19093734 -0.12925410 -6.51270199
v -0.19561774 -0.14849591 -6.51447392
v -0.21833730 -0.14047074 -6.52604103
v -0.21373433 -0.11558646 -6.52303314
v 0.17864829 -0.32903981 -5.78758240
v 0.18307972 -0.31466746 -5.74830914
v 0.14164624 -0.28658152 -5.74545145
v 0.12273285 -0.29324377 -5.77376318
v 0.19317245 0.03162807 -5.52067947
v 0.13151202 -0.01326323 -5.56207037
v 0.17224383 -0.02557674 -5.51885605
v 0.22674856 0.01054740 -5.48132515
v 0.25504145 0.06928158 -5.50293303
v 0.26946384 0.03293338 -5.46041393
v 0.21094912 -0.30270880 -5.68169022
v 0.22690141 -0.30836987 -5.64759398
v 0.20276994 -0.25203210 -5.64647245
v 0.18514925 -0.26134497 -5.68762875
v 0.15927345 -0.18966436 -5.60926199
v 0.18467242 -0.21963549 -5.62034464
v 0.20716536 -0.23007917 -5.56284189
v 0.19518039 -0.20371759 -5.54005098
v 0.26045161 -0.03158489 -5.42448282
v 0.21492949 -0.06397140 -5.45813847
v 0.24835405 -0.11935484 -5.39424372
v 0.29079497 -0.07972318 -5.37204123
v 0.32659742 -0.06794935 -5.35671139
v 0.30209047 -0.00936246 -5.41011286
v 0.03906888 0.09853876 -5.75977659
v 0.00844741 0.03199923 -5.76278687
v 0.03661829 0.03486246 -5.73094749
v 0.06919479 0.10313892 -5.71130037
v -0.04653817 -0.04093987 -6.28819036
v -0.08520818 -0.03746784 -6.25776577
v -0.08544707 -0.04073834 -6.26547670
v -0.02902287 -0.04085922 -6.30926561
v 0.15326074 0.20528342 -5.74097919
v 0.09228611 0.17144698 -5.75678110
v 0.13014391 0.16605043 -5.68194008
v 0.18842027 0.19843781 -5.68186617
v 0.16291642 -0.20000201 -5.16808653
v 0.13995734 -0.19988227 -5.18694973
v 0.14112353 -0.20886052 -5.16594982
v 0.15897158 -0.21013469 -5.15524149
v 0.33582789 -0.23588675 -5.21416569
v 0.37564519 -0.24637252 -5.20155048
v 0.36367530 -0.20126361 -5.21033192
v 0.31996214 -0.19703889 -5.23817158
v 0.28527206 -0.41774088 -5.48091698
v 0.26884836 -0.41899610 -5.45122957
v 0.27221793 -0.39689362 -5.47095156
v 0.28867465 -0.40625226 -5.49965525
v 0.24646360 -0.38398319 -5.43578291
v 0.25624502 -0.38337481 -5.45388174
v 0.26351276 -0.41190398 -5.45180845
v 0.26022473 -0.41738951 -5.43419552
v 0.36565351 -0.40400285 -5.26115131
v 0.36584067 -0.42822790 -5.27595377
v -0.10211259 0.16248953 -6.06516171
v -0.08689886 0.12376678 -5.98670816
v -0.06738561 0.22644100 -6.05582142
v 0.26181647 -0.54867548 -5.42796421
v 0.26759404 -0.54462767 -5.43268251
v 0.26957959 -0.56268191 -5.43153667
v 0.26595891 -0.56799912 -5.42409420
v -0.15779048 0.15614393 -6.42899275
v -0.09011012 0.17716339 -6.44910622
v -0.09853607 0.12608358 -6.46078062
v -0.16264242 0.10229874 -6.42974854
v -0.16088885 0.27098724 -6.41697454
v -0.16403723 0.20913149 -6.42552137
v -0.18817425 0.20139945 -6.36516094
v -0.18320245 0.27124187 -6.34887028
v 0.03650302 -0.28450286 -5.78764009
v 0.06876132 -0.27844346 -5.75796556
v 0.03113174 -0.25194788 -5.77417946
v 0.11065790 -0.11966270 -5.60556936
v 0.13310322 -0.07072610 -5.56501865
v 0.08685365 -0.07082066 -5.60676050
v 0.08595577 -0.12828231 -5.62979269
v 0.17654008 -0.09126443 -5.50193214
v 0.15721217 -0.12062621 -5.54437876
v 0.19364461 -0.16337705 -5.48207188
v 0.21260762 -0.14041817 -5.44292831
v -0.12572610 0.25284055 -6.14735794
v -0.11248952 0.20234719 -6.14041567
v -0.10615236 0.27432173 -6.11709166
v -0.11022180 0.30723107 -6.13702250
v 0.01979703 -0.19186699 -5.86576080
v 0.01207322 -0.15842700 -5.82550764
v 0.01828456 -0.14679760 -5.83680630
v 0.03467482 -0.18053812 -5.87136030
v 0.16451812 -0.23188621 -5.27171278
v 0.12710008 -0.21762359 -5.21468449
v 0.12985706 -0.20518720 -5.22094870
v 0.15247834 -0.21146810 -5.26876354
v 0.23513082 -0.33679265 -5.39639568
v 0.24249119 -0.32969779 -5.37129736
v 0.23992243 -0.30100310 -5.37601900
v 0.23218206 -0.31167591 -5.40087605
v -0.04973942 0.07590121 -6.45275974
v 0.24385530 0.09941053 -5.53796673
v 0.20028701 0.18392280 -5.64761972
v -0.01873291 0.45966160 -6.30210876
v -0.06026405 0.45192188 -6.35105991
v -0.07878387 -0.02740121 -6.42891741
v -0.11338466 0.02227193 -6.45889950
v -0.25064164 -0.17735863 -6.41709566
v -0.24677014 -0.13878953 -6.41682863
v -0.16828650 -0.15951413 -6.48611259
v -0.16810650 -0.13169563 -6.47976780
v -0.13320184 0.32097673 -6.18528318
v -0.12466520 0.37816912 -6.25342226
v -0.16191190 0.31985909 -6.25467634
v -0.13257241 0.04029319 -6.09019804
v -0.12756485 -0.01363042 -6.01802301
v -0.11600524 0.05553606 -5.99515009
v -0.12204820 0.10353547 -6.07058620
v 0.06050766 -0.23038387 -5.72190571
v 0.04841435 -0.16080904 -5.68966484
v 0.02610862 -0.14667618 -5.72247267
v 0.01486868 -0.19237447 -5.75926161
v 0.14804918 -0.14945769 -5.58894873
v 0.11515659 -0.16682518 -5.62081671
v 0.11622009 -0.21027809 -5.64600277
v 0.18718410 -0.18493778 -5.51812220
v 0.02020907 -0.04811186 -5.74304342
v 0.01256764 -0.03366220 -5.75176477
v 0.00335866 -0.09581286 -5.79895878
v 0.00783688 -0.11314023 -5.80204773
v -0.14199966 0.06651458 -6.20746326
v -0.13357586 0.15484706 -6.16844368
v -0.17695206 0.14595020 -6.22636032
v -0.18391073 0.07093123 -6.25826693
v 0.24981907 -0.40304953 -5.42440701
v 0.23755792 -0.37129009 -5.41340065
v 0.28499097 -0.47556400 -5.44447660
v 0.28647953 -0.50971889 -5.44216204
v 0.27699670 -0.50711584 -5.43420315
v 0.27676263 -0.47620934 -5.43621397
v 0.26462480 -0.42195600 -5.37371731
v 0.26916593 -0.45136791 -5.38518000
v 0.27420139 -0.44011879 -5.36520624
v 0.26817256 -0.40945828 -5.35378170
v 0.27247882 -0.47661692 -5.43352413
v 0.28146428 -0.47636312 -5.44039440
v 0.26282793 -0.36854744 -5.46478224
v 0.25833628 -0.38711524 -5.45427275
v 0.30109972 -0.50458074 -5.44458961
v 0.30367243 -0.52996683 -5.44186211
v -0.18683386 -0.25735682 -6.43012905
v -0.20402366 -0.24466169 -6.41266060
v -0.21809715 -0.31041634 -6.43334770
v -0.19846606 -0.30528998 -6.44454670
v -0.18837029 -0.29587185 -6.46452808
v -0.20038456 -0.35898948 -6.44731331
v -0.18836814 -0.34737289 -6.47724676
v -0.24430001 -0.29817599 -6.44096756
v -0.23157847 -0.22684371 -6.41376400
v -0.25297284 -0.22379035 -6.44162035
v -0.21265298 -0.31105018 -6.51994038
v -0.21182305 -0.24116796 -6.51431847
v -0.19119650 -0.26885045 -6.49074411
v -0.19306231 -0.32057375 -6.49620438
v -0.08327001 -0.13963753 -6.36724806
v -0.11856800 -0.10756081 -6.32152176
v -0.13727742 -0.12780786 -6.34529924
v -0.11938566 -0.12429684 -6.35847712
v -0.11301982 -0.11458039 -6.39192772
v -0.13674974 -0.13687694 -6.38308573
v -0.12343210 -0.12765455 -6.41920233
v -0.21075481 -0.08002102 -6.34306717
v -0.23146522 -0.10380054 -6.36798191
v -0.18849826 -0.12543553 -6.34267282
v -0.16321915 -0.09963745 -6.31977749
v -0.16583079 -0.08016872 -6.46436024
v -0.12691969 -0.10243356 -6.43381691
v -0.14146054 -0.11846113 -6.45441198
v -0.17439586 -0.10593951 -6.48375416
v 0.00799382 -0.53752172 -6.07688189
v 0.02427453 -0.53555936 -6.08069611
v 0.01518136 -0.55388999 -6.10029078
v -0.00028837 -0.55234021 -6.09460783
v 0.06793511 -0.49398071 -6.02050161
v 0.06344551 -0.52146733 -6.05223322
v 0.04808182 -0.50500536 -6.04908419
v 0.05856174 -0.47451293 -6.01727676
v -0.02105463 -0.59776831 -6.08293104
v -0.02427357 -0.60562503 -6.06633711
v -0.01098895 -0.57042664 -6.05077791
v -0.01440185 -0.58526087 -6.08458424
v 0.01680827 -0.46217597 -5.95404291
v 0.02071702 -0.46742338 -5.93797255
v 0.01676345 -0.43808162 -5.92107248
v 0.01458687 -0.43289691 -5.93879032
v 0.07954961 -0.35142070 -5.81566525
v 0.08256733 -0.39142275 -5.84217501
v 0.10550550 -0.38145781 -5.84872580
v 0.10944727 -0.35331446 -5.82520723
v 0.11411360 -0.43688822 -5.95847702
v 0.11631504 -0.40843654 -5.95503139
v 0.12333167 -0.41954815 -5.93387032
v 0.11684266 -0.45126903 -5.93955708
v 0.03416657 -0.34237516 -5.95216990
v 0.03066319 -0.29513192 -5.93377781
v 0.04448634 -0.30752522 -5.94613457
v 0.04998916 -0.34240198 -5.96252728
v 0.02802390 -0.44235122 -5.90091181
v 0.04808599 -0.44746864 -5.88344145
v 0.04248083 -0.41946465 -5.87141657
v 0.02441251 -0.41948646 -5.89332342
v 0.08762440 -0.26234806 -6.00227022
v 0.08663395 -0.24941051 -5.91872406
v 0.12924597 0.23280188 -5.82842398
v -0.03981537 -0.13754249 -5.87295580
v -0.03033197 -0.18090874 -5.91690731
v 0.01036382 -0.17415571 -5.87585163
v 0.00062978 -0.13781822 -5.84010935
v 0.03554243 -0.24337310 -5.96323633
v 0.05162078 -0.23045444 -5.90061426
v 0.01668638 -0.19913375 -5.90539503
v -0.01172882 -0.21092927 -5.95277834
v 0.06608629 0.19510967 -5.82951880
v -0.03326005 0.05890706 -5.83374119
v 0.01109010 0.14370790 -5.83762598
v -0.06167001 -0.07013804 -5.86748409
v -0.01500899 -0.08654094 -5.80358553
v -0.02085644 -0.01569235 -5.79945850
v -0.06390923 -0.00709525 -5.86257267
v 0.06483400 -0.24538141 -6.09943247
v 0.00889403 -0.23051912 -6.06322289
v 0.05293840 0.31894279 -6.05020285
v -0.01625967 0.28659210 -6.04170704
v -0.07717365 0.42585286 -6.28573418
v 0.12138247 0.02323857 -5.57540798
v 0.19814336 0.07665080 -5.54633045
v 0.12033072 -0.32609189 -5.81600523
v 0.14706224 -0.30848777 -5.80974770
v 0.04473174 -0.26147723 -5.91828203
v 0.02214533 -0.25455523 -5.90873909
v 0.02666652 -0.21764910 -5.88822794
v 0.05867082 -0.21059591 -5.90112972
v 0.01401418 -0.65952098 -6.03794765
v 0.00626612 -0.65329349 -6.03653526
v -0.00158983 -0.67591345 -6.05318928
v 0.00659549 -0.68396378 -6.05336761
v 0.09310168 -0.27257007 -5.73091030
v 0.22889927 -0.26364315 -5.57565832
v -0.09477353 -0.01129240 -6.24505424
v -0.10769099 -0.02442974 -6.25715065
v 0.08691913 0.11047041 -5.67672062
v 0.14335859 0.15215826 -5.64169741
v 0.18566781 -0.20771956 -5.16483831
v 0.18208638 -0.21886349 -5.15689707
v -0.15020221 0.37522542 -6.31292677
v -0.12337893 0.41765043 -6.33147001
v 0.29889911 -0.47654134 -5.45478058
v 0.30150479 -0.51103318 -5.45345068
v 0.27776197 -0.34882432 -5.48312426
v 0.29587486 -0.31936228 -5.40189123
v 0.26940715 -0.35401338 -5.39467525
v 0.28671157 -0.52740341 -5.43209839
v 0.28383332 -0.50086302 -5.43474436
v -0.21933240 -0.41815388 -6.53945017
v -0.22969621 -0.41395009 -6.54394341
v -0.22400236 -0.14193088 -6.37625360
v -0.17366976 -0.15350866 -6.36568642
v -0.20974332 -0.09811711 -6.50709772
v -0.18215525 -0.11582196 -6.50247908
v 0.07636780 -0.47253186 -5.89629221
v 0.09399870 -0.48027951 -5.91556406
v 0.10101232 -0.44504654 -5.88444614
v 0.07371071 -0.45112342 -5.87772703
v 0.07248241 -0.42264372 -5.99011993
v 0.07165611 -0.45005584 -5.99743652
v 0.04773694 -0.44583398 -5.99764347
v 0.04950720 -0.41404724 -5.98648882
v 0.07410136 -0.42486936 -5.86013126
v 0.06681764 -0.39325649 -5.98481321
v 0.04453230 -0.38157213 -5.97587347
v 0.06614268 -0.04379416 -5.62610626
v 0.02425164 -0.05556417 -5.71268320
v 0.04993683 0.03987116 -5.69426203
v 0.01906639 -0.04467672 -5.72856474
v 0.10600674 0.11129829 -5.64087677
v 0.15263325 0.14072210 -5.61920452
v 0.10943770 -0.30552012 -5.88379049
v 0.12118143 -0.35316575 -5.84824181
v 0.02393830 -0.30536276 -5.82412338
v 0.01391333 -0.31800675 -5.90217638
v 0.01467919 -0.27372092 -5.89100313
v 0.02232420 -0.31529796 -5.92645979
v 0.07496303 -0.66287482 -6.06597900
v 0.07352498 -0.64696538 -6.04885006
v 0.06752250 -0.66053593 -6.05016708
v 0.07084328 -0.67744243 -6.06737041
v 0.00061804 -0.58971071 -6.02258778
v -0.00396472 -0.58088434 -6.02618599
v -0.00943774 -0.60047042 -6.03352118
v -0.00680083 -0.61231983 -6.03342247
v 0.00224191 -0.21208549 -5.82510471
v 0.00313920 -0.19933683 -5.84966087
v 0.00879812 -0.22654951 -5.87228680
v 0.19861400 0.16448456 -5.61972046
v 0.00140870 -0.17035979 -5.78997946
v 0.00526989 -0.12102568 -5.75523520
v 0.00506389 -0.10699308 -5.77601051
v 0.00254512 -0.15976310 -5.81084204
v 0.05826926 -0.11458385 -5.65634298
v 0.07708859 -0.17869794 -5.66017056
v 0.09801307 -0.47051173 -5.97746420
v 0.08123603 -0.46883571 -5.99667645
v 0.09744459 -0.43435955 -5.97974634
v -0.00651610 -0.55458152 -6.05904770
v -0.01077688 -0.56571704 -6.08175373
v 0.03173947 -0.47158235 -5.91904640
v 0.05005139 -0.47499788 -5.90295744
v 0.01385868 -0.49103630 -5.98410654
v 0.01638407 -0.48264182 -5.99238253
v 0.00930858 -0.52055782 -6.03671074
v 0.00203735 -0.53517640 -6.02833557
v 0.12176892 -0.42059994 -5.90048361
v 0.10429233 -0.41402709 -5.86704206
v 0.11447683 -0.45358109 -5.91383553
v 0.11237431 -0.34236622 -5.91052151
v 0.11110705 -0.37484640 -5.93961811
v 0.09546411 -0.35765582 -5.94707966
v 0.09282163 -0.32042933 -5.92959261
v 0.01220465 -0.40191615 -5.92804146
v 0.01680583 -0.39466286 -5.94902945
v 0.01820195 -0.42840689 -5.95770836
v 0.05278236 -0.38631183 -5.84638691
v 0.04582995 -0.34161580 -5.82427406
v 0.02514678 -0.34324133 -5.85406494
v 0.02706081 -0.38841718 -5.87503147
v -0.05499715 0.44874758 -6.40026188
v -0.05659574 0.43013167 -6.42447758
v -0.06996113 0.37934977 -6.44875336
v -0.10987711 0.31795329 -6.44277668
v -0.06553894 0.40718341 -6.46750927
v -0.07402140 0.39847887 -6.46408510
v -0.06927681 0.40354487 -6.44241619
v -0.05841643 0.42559123 -6.44675016
v -0.10981673 0.36336598 -6.60298729
v -0.11937869 0.33719224 -6.59838247
v -0.09117109 0.37151450 -6.52824211
v -0.08029491 0.39934060 -6.52790022
v -0.14577574 0.31034279 -6.68422604
v -0.15318018 0.28761056 -6.67323017
v -0.17292148 0.25472790 -6.74019814
v -0.18155175 0.23020804 -6.73538733
v -0.19384116 0.20747072 -6.79183674
v -0.20665437 0.17900151 -6.78558350
v -0.21939975 0.15903920 -6.84160948
v -0.23161352 0.13640553 -6.82268763
v -0.23809034 0.10471821 -6.87373257
v -0.24405926 0.08623368 -6.84344053
v -0.24494410 0.01861316 -6.89324856
v -0.24323720 0.00565320 -6.87453604
v 0.02898037 -0.41670477 -5.97346306
v 0.02668607 -0.38139838 -5.96104860
v 0.01527244 -0.40932202 -5.90876579
v 0.09578499 -0.39330411 -5.97297859
v 0.12247407 -0.38414210 -5.91215038
v 0.12002575 -0.38475651 -5.87712526
v 0.01615936 -0.37426710 -5.89442158
v 0.01473087 -0.36405361 -5.91623259
v 0.07192829 -0.35551929 -5.96823645
v 0.02161372 -0.35461676 -5.93670845
v 0.30852765 -0.16362166 -5.27938747
v 0.29300740 -0.13678479 -5.32547665
v 0.27881610 -0.16568696 -5.30049419
v 0.28726992 -0.18967152 -5.27898359
v 0.29277158 -0.20740229 -5.26336098
v 0.29387775 -0.24152863 -5.24845695
v 0.23837367 -0.18217063 -5.28310633
v 0.24498475 -0.18914765 -5.32297325
v 0.20998347 -0.19363356 -5.29785633
v 0.26181418 -0.19801950 -5.26351118
v 0.27851862 -0.22077411 -5.26273680
v 0.27268121 -0.23765469 -5.26297379
v 0.26468694 -0.24760401 -5.27567005
v 0.26122203 -0.24668580 -5.26971865
v 0.24802762 -0.24067545 -5.26863956
v 0.26117045 -0.22255647 -5.28073835
v 0.24423021 -0.21045268 -5.30067539
v 0.23034647 -0.22796309 -5.28387165
v 0.20527425 -0.22616231 -5.30122948
v 0.23038822 -0.22953820 -5.32104588
v 0.23098078 -0.21874660 -5.34396791
v 0.22001302 -0.22684872 -5.31020451
v 0.21877041 -0.22188491 -5.30688572
v 0.19587925 -0.18180442 -5.24227619
v 0.15092832 -0.19002932 -5.24050140
v 0.23200119 -0.19758797 -5.22886848
v 0.25653070 -0.22203994 -5.24600792
v 0.25223523 -0.23710454 -5.24552679
v 0.24335811 -0.24524045 -5.25187016
v 0.22439605 -0.24313515 -5.23952055
v 0.20503259 -0.23234284 -5.25168419
v 0.16480887 -0.22928488 -5.25292587
v 0.20522600 -0.24525023 -5.29993200
v 0.14629051 -0.19369364 -5.21116018
v 0.17399287 -0.19097078 -5.19457960
v 0.20857480 -0.20539767 -5.19113541
v 0.23498708 -0.21950167 -5.21065521
v 0.23660606 -0.23273301 -5.21292400
v 0.22883433 -0.24436623 -5.22055721
v 0.21257621 -0.24016011 -5.19387054
v 0.19281083 -0.23510551 -5.17844725
v 0.20362246 -0.23734140 -5.20335150
v 0.25653711 -0.27298725 -5.28629923
v 0.25025576 -0.26248825 -5.28884220
v 0.23647714 -0.26227093 -5.30347872
v 0.24328735 -0.27384853 -5.30643034
v 0.24593723 -0.25795943 -5.35843515
v 0.23999891 -0.26827317 -5.32148981
v 0.23097247 -0.25521916 -5.32338142
v 0.23702735 -0.23581338 -5.34881163
v 0.22148114 -0.23337615 -5.31961536
v 0.22394195 -0.22972596 -5.32365084
v 0.21778804 -0.23365235 -5.31231880
v 0.20066854 -0.24591631 -5.30356836
v 0.16061482 -0.23893785 -5.26792765
v 0.12986895 -0.22594047 -5.21792269
v 0.13965273 -0.22007251 -5.17342615
v 0.15632141 -0.22000974 -5.15724564
v 0.18276754 -0.23004377 -5.16171360
v 0.20715418 -0.23762167 -5.18026543
v 0.23144913 -0.24244553 -5.21049595
v 0.21223146 -0.23001325 -5.17518330
v 0.26546007 -0.24596405 -5.26496410
v 0.27165994 -0.25644839 -5.27136755
v 0.21699187 -0.24776006 -5.31686974
v 0.19899881 -0.24176484 -5.30775690
v 0.16118646 -0.23409289 -5.27176285
v 0.13569632 -0.22765315 -5.22958994
v 0.14490744 -0.22637820 -5.19148254
v 0.16589975 -0.22792280 -5.17507458
v -0.28410763 -0.37768012 -6.48154497
v -0.28058130 -0.36054349 -6.51465940
v -0.28622347 -0.38898206 -6.51052713
v -0.29705101 -0.42573941 -6.46677017
v -0.29592448 -0.41454685 -6.48045158
v -0.30468476 -0.44706416 -6.48468018
v -0.30562896 -0.45700753 -6.47181511
v -0.25752920 -0.39805764 -6.44421530
v -0.26132840 -0.42599440 -6.42774343
v -0.24558222 -0.43491858 -6.42280769
v -0.23941118 -0.41160470 -6.43746805
v -0.20641959 -0.44249028 -6.42870617
v -0.20022166 -0.42359650 -6.44614601
v -0.21683317 -0.41683757 -6.43898201
v -0.22063369 -0.44627881 -6.42271948
v -0.18490744 -0.42041719 -6.48280001
v -0.18394929 -0.44250512 -6.46175432
v -0.18372560 -0.44888318 -6.48104620
v -0.18536597 -0.43699044 -6.49516344
v -0.26554257 -0.35694700 -6.45235872
v -0.22529721 -0.37300998 -6.43460560
v -0.01396006 -0.08184773 -6.29465389
v -0.08866680 -0.02203441 -6.23356152
v -0.10870636 -0.06793579 -6.14342403
v -0.10199386 -0.00358737 -6.19596577
v -0.08642679 -0.12471128 -5.95780516
v -0.06665671 -0.05422425 -6.26239395
v -0.06622952 0.09403542 -5.90769720
v -0.11498791 0.14889255 -6.13073683
v -0.10425001 0.21601988 -6.10422182
v -0.10223919 -0.05064291 -5.94260073
v -0.09440523 0.01794353 -5.92293167
v -0.11919361 0.03848800 -6.17985678
v -0.12735653 -0.02261314 -6.11624193
v -0.12092346 0.09097192 -6.15508270
v -0.07868832 0.28890681 -6.07680750
v -0.02533054 0.33624011 -6.06875515
v 0.25765654 -0.42406404 -5.39699650
v 0.26586461 -0.45911515 -5.40249300
v 0.23982728 -0.36180574 -5.39209747
v 0.24520737 -0.39511490 -5.40664244
v 0.24732891 -0.38746333 -5.38666105
v 0.24744877 -0.35725331 -5.36832714
v 0.26007140 -0.37864435 -5.33133364
v 0.25644475 -0.38947040 -5.36482668
v 0.24999958 -0.32527024 -5.34495306
v 0.25305161 -0.32437688 -5.31455517
v 0.25441024 -0.29030579 -5.32051325
v 0.25111181 -0.29068828 -5.34880877
v -0.03019887 -0.62470269 -6.09180164
v -0.03118891 -0.63653457 -6.08402967
v -0.02475655 -0.62380147 -6.06246853
v 0.05677199 -0.68387389 -6.05989742
v 0.05293649 -0.69057214 -6.05832100
v 0.05640703 -0.70123494 -6.07702112
v 0.05965519 -0.69425213 -6.08367920
v 0.02600586 -0.69406438 -6.07777977
v 0.02785164 -0.69848907 -6.07405806
v 0.03158915 -0.68107939 -6.05370808
v 0.02653897 -0.68458617 -6.05962181
v 0.03477865 -0.65795743 -6.03637934
v 0.02963942 -0.66465807 -6.04665518
v -0.01424509 -0.66842639 -6.06140471
v -0.00585181 -0.66922605 -6.05361366
v -0.00079173 -0.65047789 -6.03923273
v -0.00804043 -0.64838469 -6.04789829
v 0.01336396 -0.60686409 -6.01740026
v 0.02182192 -0.60999823 -6.01518679
v 0.02166140 -0.68177235 -6.05620766
v 0.01417673 -0.68955159 -6.05608273
v 0.01408690 -0.69919145 -6.07542753
v 0.02094835 -0.69412422 -6.07789755
v -0.01548386 -0.68644834 -6.07561827
v -0.01955897 -0.67986274 -6.08435106
v 0.06467757 -0.67613018 -6.06002426
v 0.06277785 -0.65827394 -6.04479837
v 0.05977926 -0.66668093 -6.05078220
v 0.06390655 -0.68485892 -6.06599283
v 0.06809688 -0.68996608 -6.08231068
v 0.06507340 -0.68959999 -6.08810616
v -0.01606250 -0.66044271 -6.06003761
v -0.01905882 -0.66284275 -6.06219530
v -0.02513528 -0.67115903 -6.07876968
v -0.02361941 -0.67177570 -6.08632660
v 0.27482995 -0.39202952 -5.30712700
v 0.27121115 -0.38304675 -5.29699183
v 0.26935467 -0.38323420 -5.30047607
v 0.27415919 -0.39775085 -5.31801605
v 0.27199769 -0.37175584 -5.26246738
v 0.26638365 -0.37082928 -5.28316259
v 0.26994538 -0.37726116 -5.28418589
v 0.27261126 -0.37771744 -5.27267551
v 0.28233510 -0.40526587 -5.31849051
v 0.28168306 -0.41524076 -5.33469105
v 0.28924936 -0.42550081 -5.33436966
v 0.28892985 -0.41207314 -5.31920862
v 0.31772873 -0.41230386 -5.26971054
v 0.32278076 -0.41905040 -5.27616167
v 0.33238518 -0.41988528 -5.27365160
v 0.32972467 -0.40682536 -5.26189566
v 0.33935538 -0.59953570 -5.34653711
v 0.34113169 -0.59085238 -5.34081173
v 0.33327141 -0.58414721 -5.33790779
v 0.32777929 -0.59027672 -5.34083509
v 0.30407727 -0.57417047 -5.34424257
v 0.30632269 -0.57266498 -5.34108877
v 0.30098525 -0.56185269 -5.34262943
v 0.04702765 -0.63707995 -6.02226639
v 0.04116142 -0.63793576 -6.02304173
v 0.03889996 -0.66292179 -6.03786802
v 0.04564488 -0.66194415 -6.03805161
v 0.07383561 -0.62649202 -6.03662205
v 0.07345879 -0.60865963 -6.02471876
v 0.06822374 -0.61376226 -6.02118492
v 0.06767285 -0.63887286 -6.03569126
v -0.00855970 -0.55754995 -6.08990383
v -0.00249052 -0.54413658 -6.06858063
v -0.01618850 -0.62065601 -6.04599142
v -0.01299608 -0.63293445 -6.04449224
v 0.05013937 -0.64860785 -6.03202581
v 0.04997826 -0.67267644 -6.04524565
v 0.05293489 -0.66504598 -6.04641867
v 0.05311167 -0.65189457 -6.03714609
v 0.02425247 -0.64243829 -6.02832222
v 0.01818532 -0.66730535 -6.04200172
v 0.02517301 -0.65937006 -6.04189730
v 0.02910727 -0.64417887 -6.03018570
v -0.00555432 -0.62844729 -6.03805017
v -0.00376415 -0.61782753 -6.03066444
v -0.01095086 -0.64462030 -6.04542542
v -0.01015466 -0.64363158 -6.04730320
v 0.20840082 -0.24145055 -5.29852581
v 0.20838445 -0.23009837 -5.30097008
v 0.18431360 -0.24184155 -5.29482317
v 0.24555862 -0.24910128 -5.24645710
v 0.18299079 -0.24098223 -5.29205608
v 0.26837197 -0.37433404 -5.29524803
v 0.27234516 -0.37848467 -5.28894758
v 0.26949170 -0.37602532 -5.29051352
v 0.26733753 -0.37155217 -5.29348898
v 0.27045959 -0.38176048 -5.30161428
v 0.27291667 -0.38561833 -5.30305433
v 0.27221239 -0.38237882 -5.30312204
v 0.26936802 -0.37805218 -5.30168390
v 0.28645143 -0.39955837 -5.30336237
v 0.29119971 -0.40314955 -5.30291939
v 0.28973481 -0.39912748 -5.30129766
v 0.28524050 -0.39596474 -5.30215359
v 0.31624258 -0.42919230 -5.29537678
v 0.31457722 -0.43557739 -5.30525351
v 0.32145619 -0.44788641 -5.30491590
v 0.32697591 -0.44236791 -5.29612732
v 0.31428060 -0.41689384 -5.27876139
v 0.30525613 -0.40811181 -5.27139568
v 0.28415036 -0.39106268 -5.27947092
v 0.27513421 -0.38354802 -5.28455019
v 0.28031233 -0.38598746 -5.28295517
v 0.28706944 -0.39176571 -5.27962685
v 0.27315482 -0.37864673 -5.27757025
v 0.27915817 -0.38264048 -5.26398230
v 0.27076119 -0.37632883 -5.28259563
v 0.27247077 -0.38426769 -5.29988527
v 0.27690494 -0.39283317 -5.30675411
v 0.29470906 -0.39914131 -5.26807547
v 0.30762005 -0.40115362 -5.25987911
v 0.29140943 -0.39192873 -5.25892782
v 0.28196210 -0.38755769 -5.27217293
v -0.11737794 0.30663621 -6.60573769
v -0.08952636 0.34381646 -6.53989124
v -0.15061504 0.25694752 -6.67784071
v -0.17573160 0.19795930 -6.73494053
v -0.20244533 0.14236885 -6.77992916
v -0.22317713 0.10838825 -6.80915833
v -0.23601621 0.06520981 -6.82856750
v -0.23163646 -0.00263929 -6.86775303
v -0.12088841 -0.07968438 -6.04229879
v -0.19520086 0.18076485 -6.30164242
v -0.18368965 0.25389946 -6.26875210
v 0.04246974 -0.08785945 -5.68134069
v -0.10186309 0.22983572 -6.44667625
v 0.25788903 -0.42581570 -5.41875935
v 0.25865176 -0.43224508 -5.42192125
v 0.26072371 -0.38376695 -5.39932013
v 0.29867101 -0.47944522 -5.44842100
v 0.08909634 -0.22200084 -5.68065405
v 0.34257406 -0.57767141 -5.33596087
v 0.33119911 -0.56649756 -5.33306742
v 0.27726543 -0.42313695 -5.34913635
v 0.27179959 -0.40128279 -5.33343792
v 0.26647362 -0.45660603 -5.41824389
v 0.27535886 -0.50198805 -5.42838335
v 0.27849293 -0.52583694 -5.42538691
v 0.27248469 -0.51754606 -5.42858696
v 0.27257329 -0.47942281 -5.43110466
v 0.27241153 -0.48279858 -5.42892599
v 0.27165237 -0.51777518 -5.42658234
v 0.27156535 -0.49036026 -5.42810440
v 0.29023725 -0.54876512 -5.43384600
v 0.27984381 -0.53756100 -5.42718410
v 0.27053988 -0.44385505 -5.43157148
v 0.27815634 -0.44600558 -5.44501352
v 0.29179218 -0.44590890 -5.46863747
v 0.30878231 -0.55639118 -5.44123602
v 0.26922563 -0.44739300 -5.42392969
v 0.27797765 -0.54937410 -5.42007303
v 0.27379373 -0.49998230 -5.42616749
v 0.27409989 -0.47243857 -5.43122578
v 0.27417314 -0.47184300 -5.43180180
v 0.27049106 -0.49794859 -5.42800331
v 0.31268317 -0.57902372 -5.42711973
v 0.29125863 -0.56556249 -5.42086649
v 0.28507808 -0.58441937 -5.42603159
v 0.28577736 -0.58968425 -5.42080975
v 0.27491546 -0.58115470 -5.42160797
v 0.27770570 -0.57455850 -5.42940807
v 0.10529318 -0.25108564 -5.69748354
v -0.10544109 0.02685624 -6.21924591
v -0.11952996 0.07030752 -6.19022083
v -0.12742096 0.01060423 -6.24126530
v 0.00885516 -0.22141069 -5.79989576
v -0.21281999 0.05123278 -6.35544968
v -0.20575804 0.10267562 -6.30960274
v -0.19149858 0.14636162 -6.38123226
v -0.18870288 0.09303996 -6.41156149
v -0.20287794 -0.06203973 -6.47571898
v -0.18244117 -0.03118408 -6.46614742
v -0.14222366 -0.04828030 -6.45245361
v -0.20813781 -0.13945329 -6.36024284
v -0.16246319 -0.14190584 -6.35670137
v -0.23069447 -0.10970527 -6.50405598
v -0.23766440 -0.13106781 -6.46282721
v -0.23433912 -0.11154222 -6.45534563
v -0.22245294 -0.09428972 -6.48556471
v -0.24375701 -0.12426698 -6.41299677
v -0.17168224 0.33291757 -6.32823896
v -0.15539503 0.24443457 -6.19644451
v 0.15073195 -0.22894335 -5.21715879
v 0.17836106 -0.22797740 -5.20490646
v 0.26001373 -0.55064070 -5.41292286
v 0.26738280 -0.57390386 -5.41068363
v 0.26601899 -0.38114488 -5.31120205
v 0.04551506 -0.50946230 -5.94075537
v 0.06142411 -0.51749980 -5.94372797
v 0.01651412 -0.49827534 -5.96911383
v 0.00356632 -0.53906333 -6.00795364
v 0.03863198 -0.47778237 -6.01821184
v 0.02957553 -0.51176035 -6.05371475
v 0.07963604 -0.50565070 -6.01220465
v 0.07048154 -0.53773552 -6.05630636
v 0.09985822 -0.48344737 -5.94024563
v 0.07320097 -0.52792656 -5.96000528
v 0.08321682 -0.52670211 -5.98245049
v 0.01539648 -0.55957747 -5.99339867
v 0.02026296 -0.45991486 -5.96973753
v 0.12274912 -0.34885925 -5.87946796
v 0.06529981 -0.31173348 -5.94286013
v -0.06180316 0.39201754 -6.47010040
v -0.18182009 -0.05384007 -6.31112385
v -0.18576366 0.00878081 -6.27739906
v -0.28803343 -0.42542660 -6.44861078
v -0.27881420 -0.43321526 -6.43774271
v -0.28089881 -0.41552198 -6.45115900
v -0.28771323 -0.40467680 -6.46563101
v 0.04936701 0.37281787 -6.08571100
v 0.02367264 0.40548587 -6.13134861
v -0.02284253 0.37948412 -6.11088228
v 0.08614618 -0.53194207 -6.00389290
v 0.08614630 -0.51445782 -6.00164509
v 0.07743040 -0.54331082 -6.04558611
v 0.08164677 -0.55320442 -6.04041433
v 0.01323575 -0.33665782 -5.88341427
v -0.20268017 0.02433836 -6.42236090
v -0.23855311 -0.00929248 -6.35499191
v -0.16762084 0.02959704 -6.45279264
v -0.21449900 -0.02978617 -6.43381262
v -0.23786533 -0.05863085 -6.38401270
v -0.21244788 -0.06220400 -6.45292950
v -0.23461974 -0.15326232 -6.49838638
v -0.23265320 -0.19969207 -6.50193501
v -0.22092319 -0.18747729 -6.51834965
v -0.22734052 -0.23214030 -6.52298880
v -0.23948461 -0.24506283 -6.51010561
v -0.26047355 -0.34248281 -6.53411436
v -0.23556912 -0.33786064 -6.54210234
v -0.27364451 -0.37086892 -6.54240942
v -0.25325531 -0.15791285 -6.45360947
v -0.25325745 -0.20130479 -6.46796656
v -0.28355604 -0.37926221 -6.53520346
v -0.28620654 -0.38505584 -6.52558517
v 0.01673597 -0.51874024 -6.05801487
v -0.23914117 -0.45571488 -6.42608023
v -0.22952586 -0.42099655 -6.43687630
v -0.27642840 -0.40186155 -6.45415020
v -0.27599591 -0.44283164 -6.43595839
v -0.29280549 -0.48786920 -6.44233894
v -0.28145927 -0.49188471 -6.42812872
v -0.19832021 -0.45547175 -6.44613886
v -0.19338816 -0.41696906 -6.45667601
v -0.25111300 -0.50167286 -6.42858171
v -0.23958069 -0.50043809 -6.42237663
v -0.20184904 -0.44041896 -6.51810217
v -0.19501954 -0.40432441 -6.51624441
v -0.18903828 -0.42172831 -6.50412273
v -0.19505936 -0.45380521 -6.50767803
v -0.18497086 -0.39605999 -6.47674131
v -0.18749255 -0.42232430 -6.46426344
v -0.19212890 -0.44665301 -6.44543791
v -0.20213515 -0.50368690 -6.44191027
v -0.19492924 -0.50122130 -6.45061111
v 0.28653651 -0.38407314 -5.51034737
v 0.27391371 -0.37339306 -5.48417521
v 0.27255741 -0.35271829 -5.49702549
v 0.28278837 -0.36463022 -5.51906586
v 0.25739634 -0.36251336 -5.46428204
v 0.23973429 -0.35509402 -5.44440985
v 0.24195749 -0.33062994 -5.45414114
v 0.25959304 -0.34017396 -5.47650242
v 0.25144115 -0.32711577 -5.28256655
v 0.26248419 -0.32690471 -5.25608063
v 0.26021707 -0.29108286 -5.28019428
v 0.25584793 -0.29034525 -5.29232788
v 0.30792505 -0.32267153 -5.22884178
v 0.33972633 -0.33214539 -5.22841072
v 0.33994168 -0.28391945 -5.21359062
v 0.30449679 -0.28012848 -5.23152637
v 0.23296383 -0.34700578 -5.41893101
v 0.23030365 -0.32058609 -5.42745972
v 0.33533582 -0.48503333 -5.31158876
v 0.32256022 -0.46834725 -5.31380653
v 0.32232323 -0.49166256 -5.32221365
v 0.33309758 -0.50881797 -5.32047272
v 0.29425067 -0.44558275 -5.33758211
v 0.29986757 -0.46252024 -5.33551168
v 0.30163753 -0.43779600 -5.32559538
v 0.29607081 -0.42443633 -5.32423687
v 0.34550935 -0.50581878 -5.31421328
v 0.34872717 -0.48894668 -5.30759621
v 0.28488466 -0.44528079 -5.35121584
v 0.27649575 -0.54768467 -5.41627598
v 0.27621168 -0.54919934 -5.41758347
v 0.31083447 -0.58086634 -5.41073465
v 0.28940329 -0.56951678 -5.40975952
v 0.28936487 -0.56873488 -5.41321039
v 0.30865210 -0.58167696 -5.41476917
v 0.29072711 -0.54901683 -5.43057537
v 0.30332398 -0.55379462 -5.43516922
v 0.28226501 -0.54486132 -5.42208910
v 0.29341048 -0.56174529 -5.41921329
v 0.30729499 -0.56833059 -5.42141104
v 0.28187063 -0.54808003 -5.42049694
v 0.27669749 -0.52383053 -5.42367411
v 0.26020616 -0.44280910 -5.42862940
v 0.27262297 -0.45968437 -5.42559481
v 0.26908368 -0.54031783 -5.43427181
v 0.27020171 -0.55904680 -5.43405104
v 0.27143314 -0.55941194 -5.43434715
v 0.26984793 -0.54248679 -5.43421268
v 0.27027720 -0.46670443 -5.42836285
v 0.26862949 -0.44752508 -5.42718506
v 0.27263594 -0.45844460 -5.43285561
v 0.31744903 -0.59486949 -5.43616009
v 0.31807983 -0.59551466 -5.43626881
v 0.29944545 -0.58843088 -5.43215561
v 0.26865688 -0.52291524 -5.43342781
v 0.26959628 -0.51967072 -5.43390799
v 0.26917392 -0.49090242 -5.43023586
v 0.27189115 -0.49283075 -5.43228197
v 0.28591108 -0.58113873 -5.43023968
v 0.27803934 -0.57328004 -5.43116140
v 0.27782694 -0.57227743 -5.43196011
v 0.28697366 -0.58220923 -5.43096876
v 0.32328951 -0.59862339 -5.43261671
v 0.30677921 -0.59196126 -5.43093395
v 0.26518968 -0.52297080 -5.43105602
v 0.26745147 -0.48920131 -5.42397785
v 0.26536548 -0.44570237 -5.42954397
v 0.26694146 -0.45155334 -5.42240191
v 0.26954603 -0.46200597 -5.42610550
v 0.27120590 -0.52135336 -5.42566538
v 0.27587676 -0.54652762 -5.41945171
v 0.30805901 -0.58053386 -5.41477728
v 0.29162949 -0.58816433 -5.42081594
v 0.30851319 -0.59327376 -5.42242384
v 0.31570029 -0.59399343 -5.43103790
v 0.29797715 -0.58834207 -5.43050766
v 0.26703411 -0.55873227 -5.43098927
v 0.26621610 -0.53941679 -5.43105888
v 0.26327652 -0.54157317 -5.42217302
v 0.26582712 -0.56056637 -5.42562151
v 0.26837313 -0.46233255 -5.42648125
v 0.27179837 -0.46938461 -5.43285847
v 0.27255824 -0.45994532 -5.43385363
v 0.27745906 -0.58054256 -5.42291021
v 0.28393120 -0.58196998 -5.42964458
v 0.27072716 -0.48893964 -5.42327404
v 0.27130502 -0.48973644 -5.43066168
v 0.27151230 -0.57048881 -5.42686987
v 0.27532661 -0.57170635 -5.43075657
v 0.26841915 -0.46095216 -5.42812920
v 0.14900792 -0.22993433 -5.65824986
v 0.24577367 -0.30760145 -5.58677959
v 0.27724665 -0.34602463 -5.52301407
v 0.27471423 -0.33568847 -5.53367710
v 0.19998720 -0.31389761 -5.72116327
v 0.16397378 -0.27207041 -5.71308517
v 0.04311424 0.03593397 -5.71313047
v 0.04227424 -0.53326476 -6.07810926
v 0.03805125 -0.55393744 -6.10494804
v 0.02677494 -0.45425272 -5.98608923
v 0.02331322 -0.48598468 -6.01272774
v -0.20275694 -0.07718635 -6.48972225
v -0.14362985 -0.14300132 -6.40286112
v -0.13345188 -0.13936174 -6.43660927
v -0.15337205 -0.13472116 -6.47384071
v -0.20008296 -0.18073654 -6.50987816
v 0.25487906 -0.34944272 -5.31259298
v 0.25178570 -0.35393608 -5.34102535
v 0.25943071 -0.35511827 -5.28878880
v 0.30813095 -0.60109365 -5.41906500
v 0.26653463 -0.48623550 -5.41169548
v 0.26155367 -0.51970446 -5.42069244
v 0.26682281 -0.51568127 -5.39924192
v 0.26946545 -0.48127764 -5.39526272
v 0.28731224 -0.59399045 -5.41379738
v 0.27737907 -0.58669674 -5.41409111
v 0.33260438 -0.46135932 -5.30311012
v 0.33859801 -0.44749624 -5.29246616
v 0.34817612 -0.47005510 -5.30010557
v 0.35290393 -0.45350200 -5.29155588
v 0.34746650 -0.41914642 -5.27030706
v 0.34559190 -0.39658773 -5.25560427
v 0.32100001 -0.38948393 -5.24915504
v 0.33971351 -0.37043196 -5.23991776
v 0.30950734 -0.36570221 -5.23714447
v 0.30231684 -0.38727856 -5.24782276
v 0.26474202 -0.35413605 -5.25666428
v 0.29133075 -0.47497493 -5.35087585
v 0.29945537 -0.48823410 -5.34345436
v 0.33129343 -0.53132010 -5.32664442
v 0.34303403 -0.52779591 -5.32280445
v 0.35351449 -0.53938061 -5.32606840
v 0.35820246 -0.51879632 -5.31914902
v 0.30517882 -0.59077179 -5.37157822
v 0.31401587 -0.59979212 -5.37772131
v 0.32617038 -0.42932367 -5.28498507
v 0.31651953 -0.42335469 -5.28638363
v 0.35913146 -0.49694526 -5.31065941
v 0.35935810 -0.48052061 -5.30404282
v 0.33930331 -0.43157363 -5.28113651
v 0.35112476 -0.43863130 -5.28299999
v 0.36544204 -0.44732344 -5.28701973
v 0.29649064 -0.40142673 -5.28373051
v 0.29685754 -0.40245616 -5.28895330
v 0.30199677 -0.41032958 -5.28660059
v 0.29745126 -0.40474480 -5.28021574
v 0.29993400 -0.41860175 -5.31456804
v 0.29285669 -0.41031343 -5.31292820
v 0.29687488 -0.40386057 -5.27493763
v 0.29118949 -0.39808011 -5.27787352
v 0.30416837 -0.41093498 -5.27918339
v 0.27174848 -0.38393790 -5.30169678
v 0.26837415 -0.37710088 -5.29849815
v 0.26908484 -0.37794596 -5.29585552
v 0.30116525 -0.41026169 -5.29284668
v 0.30736014 -0.41802931 -5.29361343
v 0.30981296 -0.41886598 -5.28643751
v 0.28797048 -0.39478660 -5.27473450
v 0.32066384 -0.53836465 -5.33302498
v 0.32917577 -0.54923052 -5.33068085
v 0.32168415 -0.51543540 -5.32885742
v 0.29493785 -0.50510097 -5.35411930
v 0.30331713 -0.51324928 -5.34451056
v 0.30455029 -0.49485683 -5.33897686
v 0.34041768 -0.55179662 -5.32942533
v 0.26507947 -0.51771766 -5.42327070
v 0.26854068 -0.51767623 -5.43163919
v 0.34968963 -0.60838223 -5.35639524
v 0.35049748 -0.59682822 -5.34576559
v 0.35428977 -0.56043947 -5.33254719
v 0.35510454 -0.58076978 -5.33894062
v 0.36988124 -0.34469187 -5.23388004
v 0.37497583 -0.29718411 -5.21715498
v 0.36510482 -0.46534342 -5.29687309
v 0.36348081 -0.37977833 -5.24712276
v 0.28421953 -0.39972150 -5.30654192
v 0.27920833 -0.39524138 -5.30616951
v 0.28295797 -0.40094852 -5.31072330
v 0.28749105 -0.40455776 -5.31072950
v 0.29309332 -0.59967792 -5.40768433
v 0.27776426 -0.28845817 -5.25775957
v 0.27972353 -0.32934976 -5.23917866
v 0.27370864 -0.57595003 -5.39419746
v 0.28058124 -0.58989429 -5.40264225
v 0.28332537 -0.58631933 -5.38510227
v 0.27653360 -0.56954944 -5.38080025
v 0.26910910 -0.55414414 -5.39167595
v 0.27624661 -0.52549189 -5.38199329
v 0.27867427 -0.55062306 -5.37400818
v 0.28597203 -0.52192593 -5.36776209
v 0.29889667 -0.59613049 -5.38358879
v 0.29295838 -0.58494759 -5.37363577
v 0.29406792 -0.59983110 -5.39564133
v 0.20823997 -0.21631455 -5.17631435
v 0.28684825 -0.37960029 -5.24849701
v 0.28405091 -0.35701281 -5.23997545
v 0.27003255 -0.37536979 -5.28505516
v 0.26928204 -0.37482107 -5.28834200
v 0.27516824 -0.38932484 -5.30417061
v 0.28906554 -0.40358204 -5.30637264
v 0.29361391 -0.40654421 -5.30476713
v 0.27957278 -0.38656557 -5.27900696
v 0.29701710 -0.40358794 -5.29320526
v 0.29830480 -0.40602368 -5.29644251
v 0.30382589 -0.41471589 -5.29826736
v 0.29231492 -0.39737946 -5.28047466
v 0.26839727 -0.37544948 -5.29901886
v 0.28194860 -0.39275205 -5.30169535
v 0.28136781 -0.39546514 -5.30376148
v 0.27085498 -0.38049686 -5.29540730
v 0.27646706 -0.38542843 -5.29031324
v 0.29202312 -0.39828527 -5.28471756
v 0.28832918 -0.39407140 -5.28159571
v 0.29452187 -0.40126193 -5.29192162
v 0.29274803 -0.40054011 -5.29541206
v 0.28711012 -0.39751136 -5.30056381
v 0.28503478 -0.39580214 -5.30057383
v 0.28267831 -0.39249897 -5.29789400
v 0.27243361 -0.38320917 -5.30053425
v 0.27672270 -0.38800079 -5.30215359
v 0.27551714 -0.38625795 -5.29874134
v 0.26958114 -0.37934405 -5.30028582
v 0.26890039 -0.37682265 -5.29760075
v 0.28871083 -0.39799017 -5.29886770
v 0.29231909 -0.40086603 -5.29980659
v 0.29157123 -0.39830732 -5.29062366
v 0.28505611 -0.39107722 -5.28141975
v 0.28434879 -0.39120853 -5.28464031
v 0.24853817 -0.22036183 -5.31359529
v 0.25905329 -0.22154081 -5.29240417
v 0.26007348 -0.23779553 -5.28423929
v 0.25139850 -0.24700689 -5.29572773
v 0.24109781 -0.25147390 -5.31631041
v 0.23312902 -0.24305922 -5.32752037
v 0.23872256 -0.23806244 -5.32679605
v -0.18733782 -0.40196466 -6.49679613
v -0.19039005 -0.37056720 -6.50618315
v -0.23900110 0.00460732 -6.90068769
v -0.24289018 -0.00002313 -6.89069080
v -0.23622257 -0.00993037 -6.88098288
v 0.31322855 -0.47364897 -5.32412434
v 0.31153303 -0.50003040 -5.33311939
v 0.32197210 -0.55612683 -5.33335638
v 0.31175733 -0.52638721 -5.33761454
v 0.32927787 -0.60218573 -5.42520332
v -0.17072958 -0.23432851 -6.45199919
v -0.17585534 -0.21064937 -6.48256922
v -0.21107471 -0.36016893 -6.53424454
v -0.24717790 -0.29784083 -6.52378464
v -0.22951341 -0.28129202 -6.53148127
v 0.04422873 -0.61377823 -6.01121759
v 0.05138642 -0.61135995 -6.00962496
v 0.05997252 -0.55243832 -6.09179258
v 0.00327575 -0.55343306 -6.00929785
v -0.00496596 -0.57239151 -6.02836609
v 0.06679127 -0.59848011 -6.00856209
v 0.07575968 -0.58720434 -6.01402664
v -0.26088804 -0.49765784 -6.42246199
v -0.21568674 -0.50519592 -6.42609596
v -0.29751414 -0.47452337 -6.44372559
v 0.35649848 -0.15453994 -5.24655151
v 0.09582537 -0.49457484 -5.96685791
v 0.08258283 -0.57929444 -6.02842522
v 0.08254802 -0.56210685 -6.03990126
v 0.08669332 -0.53482401 -5.99236584
v 0.24610296 -0.18335378 -5.36006403
v 0.34772620 -0.11359406 -5.30504847
v 0.23660204 -0.27045840 -5.45147038
v 0.23690629 -0.25230134 -5.41845322
v 0.22712755 -0.22101873 -5.43999004
v 0.22358918 -0.24297601 -5.47276020
v 0.26854917 -0.33666652 -5.50576162
v 0.26184762 -0.31980979 -5.51704407
v 0.25937176 -0.32210350 -5.48893452
v 0.24702033 -0.30813861 -5.46733141
v 0.24334025 -0.28536832 -5.48301172
v 0.25599250 -0.30737007 -5.50182915
v 0.23569426 -0.28270471 -5.40613651
v 0.24268061 -0.27016842 -5.37945223
v 0.24299043 -0.23860753 -5.38792706
v 0.23570189 -0.29682553 -5.43707561
v 0.24472693 -0.22809696 -5.36189127
v 0.25187981 -0.30076903 -5.53763247
v 0.26706460 -0.32579970 -5.55165148
v 0.22354990 -0.25036681 -5.50083399
v 0.24018180 -0.27743179 -5.51597166
v 0.23485008 -0.19848609 -5.40365171
v -0.08950764 -0.08795047 -6.36318159
v -0.09634525 -0.08984149 -6.41989756
v 0.31014967 -0.42479551 -5.30180311
v 0.27035946 -0.37854594 -5.29184198
v 0.29506788 -0.40689945 -5.30262566
v 0.30709887 -0.44930863 -5.32300568
v 0.30405700 -0.42821801 -5.31670523
v 0.30574325 -0.47759432 -5.33292437
v 0.30190298 -0.53881019 -5.34508753
v 0.31127331 -0.55176067 -5.33712578
v 0.02635479 -0.50894767 -5.95594358
v 0.31077334 -0.60624850 -5.38995075
v 0.32639754 -0.61229503 -5.39577579
v 0.31959268 -0.58374822 -5.33885956
v 0.27884892 -0.48399341 -5.37362146
v 0.32736912 -0.60995018 -5.41206026
v 0.31219751 -0.57925045 -5.34033155
v 0.30943483 -0.58017373 -5.34337234
v 0.29529870 -0.52734345 -5.35422707
v 0.32083118 -0.57360268 -5.33536291
v 0.28725320 -0.49644136 -5.36210108
v 0.28510338 -0.57174367 -5.36696863
v 0.28938544 -0.55036873 -5.35584545
v 0.30955485 -0.60741377 -5.40437031
v 0.27631328 -0.38974631 -5.30398512
v 0.30561769 -0.41961139 -5.30410480
v 0.31075627 -0.43066037 -5.30791044
v 0.30053577 -0.41588897 -5.30891752
v 0.30693850 -0.42787027 -5.31212854
v 0.30044201 -0.41407549 -5.30429077
v 0.31397343 -0.44769681 -5.31416702
v -0.02387255 -0.63851702 -6.06346130
v -0.01997024 -0.65382433 -6.06128120
v 0.03624856 -0.63944840 -6.02426624
v 0.03112584 -0.64900029 -6.03272104
v 0.00436866 -0.62631786 -6.02777195
v -0.00436449 -0.63374925 -6.03841877
v 0.06155348 -0.64190376 -6.03301620
v 0.05640960 -0.65120268 -6.03806496
v 0.03359228 -0.68627369 -6.05453110
v 0.04396677 -0.68432915 -6.05262041
v 0.02119219 -0.62947571 -6.02156067
v 0.01387131 -0.62349808 -6.02187204
v -0.18901378 -0.48094106 -6.48523569
v -0.19113076 -0.46719551 -6.49682093
v -0.20967925 -0.42533946 -6.52815199
v -0.20308048 -0.38874114 -6.53425884
v 0.08097237 -0.58511770 -6.06240225
v 0.08515364 -0.60739768 -6.06482744
v -0.28716213 -0.42015147 -6.51178360
v -0.29499501 -0.42722261 -6.50651073
v -0.25761074 -0.40862089 -6.53993225
v -0.26793486 -0.40964973 -6.54310608
v -0.28094500 -0.40863657 -6.53443193
v -0.28248566 -0.40889704 -6.52637339
v -0.24957550 -0.37196052 -6.54994678
v -0.23332137 -0.07762444 -6.41620350
v -0.11974633 0.12507963 -6.16313267
v -0.07990772 0.33191445 -6.10403156
v -0.23682630 -0.11729115 -6.39206171
v -0.22219378 -0.08567244 -6.46255541
v -0.23899657 -0.10330081 -6.42839575
v 0.29914522 -0.40831530 -5.29929066
v 0.29601723 -0.40484464 -5.29966927
v 0.13090539 -0.20934451 -5.19934559
v -0.00927013 -0.69542384 -6.07254553
v 0.00360131 -0.70011961 -6.07339954
v 0.07260248 -0.68545783 -6.08747196
v 0.07994142 -0.67415190 -6.08926392
v -0.03132492 -0.65563214 -6.08186626
v -0.02732915 -0.66742313 -6.07882643
v 0.03202939 -0.70221412 -6.06968021
v 0.04908609 -0.70527089 -6.07291794
v -0.18821031 -0.49174625 -6.46730804
v -0.30501348 -0.46934897 -6.45934868
v 0.31035447 -0.56926113 -5.33747578
v 0.13116857 -0.21320355 -5.18665266
v 0.13102376 -0.22262770 -5.19504309
v 0.13451043 -0.22711551 -5.20728540
v 0.00150394 -0.61840677 -6.02921581
v 0.00125045 -0.61171806 -6.02674341
v 0.03385276 -0.63342738 -6.02273083
v 0.03119242 -0.62873268 -6.02036619
v 0.05706275 -0.58917713 -5.99711227
v 0.05686533 -0.61646497 -6.01486397
v 0.06312773 -0.61604905 -6.01714039
v 0.02140850 -0.57429111 -5.99444962
v 0.00614965 -0.59318089 -6.01423645
v 0.00916159 -0.60160565 -6.01681662
v -0.01794517 -0.61029351 -6.04816484
v -0.01252317 -0.59205782 -6.03940964
v 0.02936602 -0.58666742 -5.99649239
v 0.04537183 -0.57765174 -5.98813629
v 0.03156024 -0.60657167 -6.00765467
v 0.03895646 -0.61011505 -6.00716686
v 0.07416040 -0.59673476 -6.08900976
v 0.08064246 -0.61817455 -6.09375143
v 0.08413723 -0.63455808 -6.07763100
v 0.08221897 -0.63844979 -6.10106611
v 0.05463630 -0.64098525 -6.03006649
v 0.05801195 -0.63566291 -6.02816772
v 0.07957676 -0.65376377 -6.07168341
v 0.08324897 -0.65692174 -6.09528875
v 0.07998517 -0.63082290 -6.05180931
v 0.07726291 -0.64735258 -6.05724049
v 0.05612260 -0.56751847 -6.10886288
v 0.07925183 -0.60378671 -6.03024673
v 0.07582638 -0.62728965 -6.10796404
v 0.08051243 -0.64697707 -6.10974073
v -0.00591278 -0.56859207 -6.10319090
v -0.01040500 -0.57346249 -6.09559011
v 0.06119648 -0.59199226 -6.10334730
v 0.06495377 -0.57798839 -6.10050535
v 0.07096088 -0.60822165 -6.10315323
v -0.03063363 -0.63113415 -6.10450840
v -0.03173667 -0.63187337 -6.09947538
v -0.02814305 -0.62214696 -6.10000229
v -0.02706200 -0.62396109 -6.10651255
v 0.05344588 -0.69397283 -6.08896732
v 0.04942584 -0.70246184 -6.08159733
v 0.03007746 -0.69836462 -6.07995319
v 0.02668577 -0.69093835 -6.08441830
v 0.04090333 -0.70490527 -6.07764530
v 0.03302944 -0.70223308 -6.07702208
v 0.00687331 -0.69717252 -6.07976770
v 0.01437676 -0.69257224 -6.08424664
v -0.01514477 -0.67349517 -6.09355545
v -0.01341206 -0.68471634 -6.08551359
v -0.00961030 -0.69222510 -6.08077335
v -0.00098491 -0.69684994 -6.07876301
v -0.03307182 -0.65366077 -6.09227848
v -0.02913344 -0.66661251 -6.08729315
v 0.03997076 -0.57822502 -6.11143446
v 0.02240747 -0.57168645 -6.10817480
v 0.05424702 -0.58371770 -6.10984135
v 0.00591218 -0.56768179 -6.10378790
v 0.07703620 -0.67711806 -6.09639931
v 0.07039896 -0.68556273 -6.09220934
v -0.01196903 -0.58663142 -6.09567499
v -0.02190506 -0.60796058 -6.10051870
v -0.03278613 -0.64920104 -6.09986115
v -0.03367281 -0.64049351 -6.09602547
v -0.03281146 -0.63970101 -6.10235453
v 0.08085194 -0.66551054 -6.10258961
v 0.03371775 -0.60307825 -6.10429859
v 0.03724295 -0.59203911 -6.10152817
v 0.04795527 -0.59596586 -6.10486174
v 0.04355937 -0.60533607 -6.10925531
v 0.05355597 -0.60721874 -6.11124325
v 0.06101906 -0.60562670 -6.10656404
v 0.06139097 -0.61494040 -6.11309814
v 0.06805414 -0.61739016 -6.10889769
v 0.06517801 -0.62243593 -6.11569738
v 0.06983790 -0.62673497 -6.11394644
v 0.06396887 -0.62939537 -6.11926222
v 0.07119611 -0.63814354 -6.11603069
v 0.05935979 -0.63586760 -6.12107515
v 0.06093284 -0.64412546 -6.11847973
v 0.04873419 -0.64118183 -6.11953640
v 0.05106992 -0.64860904 -6.11579418
v 0.04227728 -0.64972627 -6.11611748
v 0.04626846 -0.65925062 -6.11036873
v 0.03624910 -0.65890968 -6.10928392
v 0.03912258 -0.66906083 -6.10329580
v 0.03195143 -0.66664207 -6.10126495
v 0.02740210 -0.65648723 -6.10689068
v 0.01266611 -0.66469848 -6.10219431
v 0.01081789 -0.65443420 -6.10927916
v 0.01905006 -0.65428853 -6.10825396
v 0.02282178 -0.66530085 -6.10023594
v -0.00165296 -0.64487827 -6.11465931
v 0.00571907 -0.64806092 -6.11331081
v 0.00173891 -0.65688312 -6.10714817
v -0.00886750 -0.64579785 -6.11291981
v -0.00612128 -0.63430834 -6.11915731
v -0.01259685 -0.63399720 -6.11794949
v -0.01300609 -0.62488711 -6.11981440
v -0.01795733 -0.62518215 -6.11666536
v -0.01572680 -0.61614025 -6.11516762
v -0.01947516 -0.61518407 -6.11043262
v -0.01456666 -0.60786068 -6.10838079
v -0.01488674 -0.60256541 -6.10243940
v -0.01019144 -0.59925926 -6.10390234
v -0.01002163 -0.59171569 -6.09999990
v -0.00573462 -0.59292984 -6.10357761
v -0.00596189 -0.58485782 -6.10013866
v 0.00247741 -0.59086680 -6.10364676
v 0.00301433 -0.58491349 -6.10235453
v 0.01448452 -0.58449721 -6.09956837
v 0.01405257 -0.59753144 -6.10095358
v 0.02660686 -0.59044623 -6.09937811
v 0.02404928 -0.60001791 -6.10115528
v -0.02378970 -0.62975919 -6.11495161
v -0.02611542 -0.62841940 -6.11243582
v -0.02401900 -0.62197590 -6.11078215
v -0.02149487 -0.62692750 -6.11504602
v -0.02089715 -0.63558185 -6.11597347
v -0.01739329 -0.63708222 -6.11594152
v -0.01999420 -0.64349186 -6.11280251
v -0.01675230 -0.64982045 -6.10909176
v -0.02173191 -0.65153921 -6.10729456
v -0.02054620 -0.66152382 -6.10035706
v -0.02588874 -0.65425861 -6.10400724
v -0.02913016 -0.66071141 -6.09720850
v -0.03018463 -0.65067267 -6.10384321
v -0.03167355 -0.64381301 -6.10558414
v -0.03098518 -0.63661301 -6.10750437
v -0.02879208 -0.63117540 -6.10984087
v 0.00242001 -0.67174220 -6.09789562
v -0.00224215 -0.67122734 -6.09773302
v -0.00132680 -0.66649735 -6.10062265
v 0.00574845 -0.66841137 -6.10002089
v 0.00634438 -0.67731822 -6.09479904
v 0.01076984 -0.67558038 -6.09582376
v 0.00903857 -0.68502295 -6.08941126
v 0.00559539 -0.68333197 -6.09050226
v 0.00388324 -0.68768978 -6.08728886
v 0.00418621 -0.69248569 -6.08357048
v -0.00010723 -0.68956470 -6.08526850
v -0.00289899 -0.69221246 -6.08227205
v -0.00411916 -0.68808818 -6.08565187
v -0.00657570 -0.68919957 -6.08391094
v -0.00709301 -0.68382621 -6.08825302
v -0.00949925 -0.68591368 -6.08581257
v -0.00955617 -0.67861867 -6.09125471
v -0.00670660 -0.67839456 -6.09211016
v -0.00567418 -0.67423308 -6.09520340
v -0.00734234 -0.67083716 -6.09707785
v 0.04389316 -0.68318045 -6.09579945
v 0.03870654 -0.68093407 -6.09592247
v 0.04080343 -0.67724419 -6.09862661
v 0.04862696 -0.67719448 -6.10009241
v 0.04758024 -0.68950713 -6.09216261
v 0.04745466 -0.69750822 -6.08653736
v 0.04297101 -0.70169842 -6.08249569
v 0.03606236 -0.70107400 -6.08094406
v 0.03341573 -0.69648957 -6.08355951
v 0.03217220 -0.68627155 -6.08962345
v 0.03243536 -0.69170558 -6.08616543
v 0.02889436 -0.67776358 -6.09276390
v 0.03473443 -0.68162358 -6.09389305
v 0.03516942 -0.67541897 -6.09777164
v 0.07143414 -0.65361238 -6.11509895
v 0.06649467 -0.65078080 -6.11597013
v 0.06915963 -0.64769924 -6.11719227
v 0.07615882 -0.65339744 -6.11255741
v 0.07363814 -0.66152954 -6.10987139
v 0.07628337 -0.66696250 -6.10417938
v 0.07198629 -0.66952217 -6.10458326
v 0.07275787 -0.67624199 -6.09857988
v 0.06846014 -0.67425108 -6.10211420
v 0.06742796 -0.68144512 -6.09658194
v 0.05763292 -0.66390634 -6.10934114
v 0.05989915 -0.67106295 -6.10508251
v 0.05610126 -0.67193902 -6.10421896
v 0.05369753 -0.66331089 -6.10927391
v 0.05808258 -0.65667832 -6.11267757
v 0.05607492 -0.65250325 -6.11555338
v 0.06158820 -0.65199649 -6.11426258
v 0.06275681 -0.64911199 -6.11648130
v 0.04117715 -0.68569076 -6.09369755
v 0.03768790 -0.68471014 -6.09335709
v 0.04393792 -0.68916857 -6.09189844
v 0.04471886 -0.69377625 -6.08883095
v 0.04287761 -0.69742155 -6.08591366
v 0.03831708 -0.69804323 -6.08445358
v 0.03627288 -0.69519615 -6.08580542
v 0.03479546 -0.68950188 -6.08902884
v 0.03504062 -0.69320345 -6.08670521
v 0.03570396 -0.68638694 -6.09154940
v 0.06787917 -0.65506768 -6.11500645
v 0.06444633 -0.65390444 -6.11475468
v 0.07018980 -0.65948427 -6.11243200
v 0.07000729 -0.66458166 -6.10896397
v 0.06821096 -0.66824269 -6.10666084
v 0.06382373 -0.67519438 -6.10203791
v 0.06549412 -0.66957986 -6.10596561
v 0.06274006 -0.66813636 -6.10711336
v 0.06089002 -0.66415370 -6.10935926
v 0.06051049 -0.65939581 -6.11119986
v 0.06149778 -0.65548611 -6.11305857
v 0.00033122 -0.67461371 -6.09592056
v -0.00233597 -0.67488480 -6.09535313
v 0.00294876 -0.67711687 -6.09462357
v 0.00370890 -0.68102026 -6.09207249
v 0.00273532 -0.68423986 -6.08967400
v 0.00070316 -0.68599737 -6.08813953
v -0.00187105 -0.68582690 -6.08781099
v -0.00405967 -0.68367982 -6.08898640
v -0.00488687 -0.68023336 -6.09122419
v -0.00411206 -0.67708600 -6.09353447
v -0.02488500 -0.63390768 -6.11449337
v -0.02698374 -0.63382614 -6.11279106
v -0.02293891 -0.63649166 -6.11510468
v -0.02203554 -0.64116621 -6.11360073
v -0.02275985 -0.64594400 -6.11062670
v -0.02492672 -0.64870381 -6.10824251
v -0.02725333 -0.64809382 -6.10742188
v -0.02901000 -0.64487100 -6.10800600
v -0.02944624 -0.64051425 -6.10929775
v -0.02850848 -0.63626182 -6.11112404
v 0.03890312 -0.69144094 -6.08947134
v -0.00067937 -0.68022072 -6.09199619
v 0.06516787 -0.66107392 -6.11181211
v -0.02579474 -0.64116013 -6.11204195
v 0.07027945 -0.57409233 -6.09494591
v 0.07353282 -0.57715857 -6.08033133
v 0.06602469 -0.57387352 -6.10244703
v 0.06218994 -0.57240844 -6.10766411
v 0.06214824 -0.56386876 -6.10232019
v 0.06577840 -0.55894268 -6.09239864
v 0.06815869 -0.55266964 -6.07977724
v 0.07027978 -0.55712616 -6.08427572
v 0.07358178 -0.55252677 -6.07004499
v 0.07762426 -0.55957353 -6.06614923
v 0.07280484 -0.56108737 -6.08482599
v 0.07241315 -0.56909096 -6.08728027
v 0.07521054 -0.56971455 -6.07565069
v 0.06397781 -0.56642234 -6.10314083
v 0.06406355 -0.56920499 -6.10454941
v 0.06521004 -0.56333351 -6.09888411
v 0.06926310 -0.56038028 -6.09284687
v 0.07090601 -0.56245613 -6.09365845
v 0.07009774 -0.56889510 -6.09418821
v 0.06917223 -0.57049626 -6.09754610
v 0.06645089 -0.56904602 -6.10083199
v 0.06592625 -0.57117224 -6.10425234
v -0.02673131 -0.61225498 -6.09082556
v -0.00961423 -0.66080618 -6.10322332
v 0.01774538 -0.67921865 -6.09281969
v 0.06013882 -0.68308747 -6.09667921
v -0.23252302 -0.43295497 -6.52492809
v -0.22941446 -0.42321450 -6.52932405
v -0.21978855 -0.43077749 -6.52692509
v -0.22330719 -0.43808109 -6.52546120
v -0.21624595 -0.44128013 -6.52491903
v -0.21104354 -0.43757665 -6.52396107
v -0.21089321 -0.44839692 -6.52256727
v -0.20662439 -0.44719023 -6.52006197
v -0.20666814 -0.45645666 -6.51958275
v -0.20156246 -0.45572734 -6.51493502
v -0.20393831 -0.46561384 -6.51622963
v -0.19685107 -0.46965498 -6.50736237
v -0.20591944 -0.47485244 -6.51176214
v -0.20223314 -0.47999519 -6.50508356
v -0.21334815 -0.47991830 -6.50509453
v -0.21051902 -0.48303765 -6.49694681
v -0.22171003 -0.48429966 -6.49545574
v -0.21858984 -0.48864925 -6.48510647
v -0.23059791 -0.48749447 -6.48482704
v -0.22846740 -0.49122000 -6.47621679
v -0.23724085 -0.48898506 -6.47424364
v -0.24156505 -0.48354232 -6.48505831
v -0.25743157 -0.48329574 -6.47692394
v -0.26003796 -0.47917831 -6.48853779
v -0.25043428 -0.47999835 -6.48303652
v -0.24682939 -0.48415369 -6.47403669
v -0.27837092 -0.47250974 -6.49777603
v -0.26967371 -0.47644413 -6.49346828
v -0.27076781 -0.48047543 -6.48199558
v -0.28542787 -0.47369546 -6.48965549
v -0.28705418 -0.46479678 -6.50585461
v -0.29398066 -0.46274793 -6.50174475
v -0.29323512 -0.45417631 -6.51037502
v -0.29809272 -0.45030284 -6.50461817
v -0.29230356 -0.44451058 -6.51124763
v -0.29408514 -0.43761528 -6.50789690
v -0.28813249 -0.43523014 -6.51361227
v -0.28841537 -0.42705047 -6.51237917
v -0.28145224 -0.42711270 -6.51697922
v -0.28138655 -0.42024457 -6.51742744
v -0.27587771 -0.42171341 -6.52192974
v -0.27813047 -0.41426879 -6.52666569
v -0.26984304 -0.41899991 -6.52582264
v -0.26927108 -0.41485786 -6.53229666
v -0.25708395 -0.41748178 -6.52585888
v -0.25736493 -0.42461586 -6.52193260
v -0.24334055 -0.41938829 -6.52783680
v -0.24357551 -0.43180811 -6.52328682
v -0.30195206 -0.46362859 -6.49373055
v -0.30466527 -0.46102512 -6.49182558
v -0.30317551 -0.45497751 -6.49718285
v -0.29976004 -0.46155071 -6.49771357
v -0.29795653 -0.46722925 -6.49075079
v -0.29468900 -0.46822333 -6.49079990
v -0.29606110 -0.47308195 -6.48195028
v -0.29051620 -0.47734380 -6.47460175
v -0.29742467 -0.47944951 -6.47007465
v -0.29523629 -0.48329961 -6.45946789
v -0.30073255 -0.48061454 -6.46393776
v -0.30127478 -0.48006684 -6.45541191
v -0.30433559 -0.47675169 -6.46574497
v -0.30534703 -0.47347921 -6.46356821
v -0.30639595 -0.47179526 -6.47186279
v -0.30710077 -0.46724677 -6.47043276
v -0.30697328 -0.46616137 -6.47960567
v -0.30694014 -0.45944095 -6.48082972
v -0.30626673 -0.46181595 -6.48674822
v -0.30542320 -0.45429194 -6.49010038
v -0.26673067 -0.48963964 -6.46217442
v -0.27297717 -0.48827630 -6.46239185
v -0.27086115 -0.48571134 -6.46910191
v -0.26319367 -0.48688459 -6.46904135
v -0.26041001 -0.49259686 -6.45788765
v -0.25441295 -0.48958427 -6.46366787
v -0.25378913 -0.49525863 -6.45000505
v -0.26042819 -0.49724954 -6.44716358
v -0.26456124 -0.50142598 -6.43512154
v -0.26309425 -0.49993569 -6.44038057
v -0.25748920 -0.50035751 -6.43805265
v -0.26309782 -0.50175518 -6.43054485
v -0.27344579 -0.49936748 -6.43146944
v -0.27123237 -0.49986827 -6.43486309
v -0.27873796 -0.49657518 -6.44091082
v -0.28278059 -0.49437588 -6.43939400
v -0.28566593 -0.48955888 -6.45438242
v -0.27969581 -0.49278951 -6.44999695
v -0.27788240 -0.48863912 -6.45843029
v -0.27958006 -0.48345858 -6.47023773
v -0.22059816 -0.50190485 -6.45834112
v -0.22720903 -0.49866831 -6.46084738
v -0.22250992 -0.49628794 -6.46890926
v -0.21349353 -0.50167429 -6.46120167
v -0.21095437 -0.50686878 -6.44798422
v -0.21678716 -0.50622702 -6.45023823
v -0.21747148 -0.50897133 -6.44096088
v -0.21453720 -0.50888258 -6.43638945
v -0.22207159 -0.50933051 -6.43413353
v -0.22171801 -0.50834119 -6.42961121
v -0.22910678 -0.50810921 -6.43067598
v -0.22913516 -0.50697869 -6.42621803
v -0.23743230 -0.50451308 -6.43004942
v -0.23463249 -0.50638855 -6.43558836
v -0.23821741 -0.50005972 -6.44992685
v -0.23764604 -0.50387955 -6.44180775
v -0.24375659 -0.50097525 -6.44067001
v -0.24260443 -0.49384224 -6.45852041
v -0.23415887 -0.49784964 -6.45789671
v -0.23283404 -0.49474126 -6.46614838
v -0.19270211 -0.48818624 -6.49071550
v -0.19734615 -0.48656344 -6.49422646
v -0.19596642 -0.48280823 -6.49931431
v -0.19126481 -0.48066550 -6.49442720
v -0.19264948 -0.49802876 -6.47357607
v -0.19227087 -0.49463481 -6.48101044
v -0.18981075 -0.49136329 -6.48033094
v -0.19160181 -0.49822354 -6.46912098
v -0.19594538 -0.50342524 -6.45938826
v -0.19574338 -0.50135195 -6.46784353
v -0.20614874 -0.49477309 -6.47690487
v -0.20382649 -0.49944496 -6.46965694
v -0.20746607 -0.49902326 -6.46861792
v -0.21127945 -0.49349916 -6.47725439
v -0.20535570 -0.49016881 -6.48469210
v -0.20826763 -0.48778099 -6.48947001
v -0.20147634 -0.48712605 -6.49095440
v -0.20227909 -0.48503023 -6.49681807
v -0.22491640 -0.50284511 -6.45422363
v -0.22934985 -0.50121361 -6.45450401
v -0.22166091 -0.50567377 -6.44992399
v -0.22090304 -0.50785005 -6.44402409
v -0.22316366 -0.50877577 -6.43874931
v -0.22814709 -0.50844455 -6.43598032
v -0.23140961 -0.50731659 -6.43858910
v -0.23444563 -0.50327134 -6.44640827
v -0.23379904 -0.50578773 -6.44100761
v -0.23297298 -0.50145274 -6.45135164
v -0.19449872 -0.49167955 -6.48499870
v -0.19722474 -0.48906314 -6.48859215
v -0.19470114 -0.49849051 -6.47502613
v -0.19453871 -0.49555010 -6.48022985
v -0.19695449 -0.49980366 -6.47239923
v -0.20015615 -0.50210571 -6.46557331
v -0.19881904 -0.50006747 -6.47103977
v -0.20105243 -0.49867618 -6.47241497
v -0.20253664 -0.49577624 -6.47649050
v -0.20271009 -0.49259543 -6.48130369
v -0.20079952 -0.49017978 -6.48566628
v -0.26970428 -0.49220103 -6.45568323
v -0.27345461 -0.49142814 -6.45526266
v -0.26539087 -0.49467981 -6.45232201
v -0.26502472 -0.49771500 -6.44560480
v -0.26753050 -0.50008881 -6.43815899
v -0.26644510 -0.49918115 -6.44170761
v -0.27132767 -0.49896193 -6.43864346
v -0.27418417 -0.49770445 -6.44057035
v -0.27633762 -0.49523157 -6.44594193
v -0.27582437 -0.49277294 -6.45154572
v -0.30273569 -0.46593809 -6.48962736
v -0.30453992 -0.46551657 -6.48773527
v -0.30006963 -0.46747363 -6.48884296
v -0.29884666 -0.47125649 -6.48416138
v -0.29948443 -0.47562402 -6.47674990
v -0.30122244 -0.47776496 -6.47164392
v -0.30333596 -0.47655725 -6.47097206
v -0.30509877 -0.47350454 -6.47392702
v -0.30561417 -0.46989942 -6.47880936
v -0.30525190 -0.46682727 -6.48395777
v -0.22769505 -0.44227952 -6.52566290
v -0.23679966 -0.44033957 -6.52423620
v -0.22066104 -0.44582796 -6.52544546
v -0.21556550 -0.45039725 -6.52452993
v -0.21183181 -0.45648253 -6.52254057
v -0.20998192 -0.46297997 -6.52023315
v -0.21272719 -0.47019017 -6.51702166
v -0.21879607 -0.47596842 -6.51150608
v -0.22538024 -0.47959358 -6.50347233
v -0.23323768 -0.48151678 -6.49503613
v -0.24270749 -0.47775972 -6.49585533
v -0.25662643 -0.47417033 -6.49678516
v -0.24951011 -0.47677994 -6.49149704
v -0.27203649 -0.47044206 -6.50441694
v -0.26415104 -0.47416532 -6.49880314
v -0.27864558 -0.46370089 -6.51059103
v -0.28605062 -0.45551932 -6.51411533
v -0.28746742 -0.44796574 -6.51474714
v -0.28535324 -0.44111627 -6.51551151
v -0.27964002 -0.43465793 -6.51721334
v -0.27477032 -0.43016583 -6.51951218
v -0.26791865 -0.42784357 -6.52148056
v -0.25956559 -0.43579507 -6.52047443
v -0.24769759 -0.43761313 -6.52193832
v -0.22838682 -0.50594211 -6.44517088
v -0.27099615 -0.49669188 -6.44554567
v -0.19812095 -0.49513280 -6.47942352
v -0.30307263 -0.47182775 -6.48145103
v -0.23074728 -0.44791567 -6.52525043
v -0.23898810 -0.44860041 -6.52330732
v -0.22485429 -0.44952953 -6.52605343
v -0.22052711 -0.45231193 -6.52558470
v -0.21740836 -0.45628726 -6.52462530
v -0.21614420 -0.46110451 -6.52325344
v -0.21800774 -0.46623808 -6.52186871
v -0.22691339 -0.47113138 -6.51781416
v -0.23006719 -0.47535944 -6.50902605
v -0.23665053 -0.47705555 -6.50265312
v -0.24431068 -0.47356701 -6.50298786
v -0.25440699 -0.47089660 -6.50111723
v -0.24975735 -0.47255385 -6.49943829
v -0.26536554 -0.46809387 -6.50753593
v -0.25940508 -0.47086418 -6.50334549
v -0.26959127 -0.46100301 -6.51437473
v -0.27808696 -0.45516831 -6.51652718
v -0.28179795 -0.44975770 -6.51671553
v -0.28073913 -0.44475532 -6.51678801
v -0.27748269 -0.44090122 -6.51737261
v -0.27421165 -0.43751127 -6.51857281
v -0.26918787 -0.43661308 -6.51960802
v -0.26231110 -0.44372642 -6.51900673
v -0.25058264 -0.44714218 -6.51971054
v -0.25032651 -0.46295315 -6.51341629
v -0.22603613 -0.45777220 -6.52540255
v -0.20389378 -0.50359094 -6.45908785
v -0.28931212 -0.40217435 -6.49137402
v -0.30140382 -0.44064474 -6.49817467
v -0.28194797 -0.41201633 -6.52008295
v -0.27710885 -0.40694582 -6.54361010
v -0.24292451 -0.40774363 -6.54709578
v 0.28592294 -0.56212121 -5.39285803
v 0.26588854 -0.43739671 -5.40515709
v 0.26832601 -0.46618104 -5.40541363
v 0.28701374 -0.58498645 -5.40450287
v 0.30947098 -0.59362662 -5.40974283
v 0.27374762 -0.52824664 -5.39824963
v 0.27108270 -0.51217669 -5.40217924
v 0.29443455 -0.41103077 -5.38410950
v 0.27288955 -0.41607821 -5.38730478
v 0.29793927 -0.45638937 -5.38170433
v 0.27784607 -0.45682001 -5.38773823
v 0.29611349 -0.52475309 -5.37629414
v 0.28512701 -0.52046162 -5.38402557
v 0.28486180 -0.50655311 -5.38611650
v 0.30169001 -0.50644672 -5.37720442
v 0.31797192 -0.54807687 -5.38557243
v 0.30583614 -0.54079759 -5.37974834
v 0.30319747 -0.51211452 -5.37487221
v 0.30718699 -0.57092154 -5.33972692
v 0.31505144 -0.57694554 -5.33785963
v 0.03833312 -0.61340106 -6.11138678
v 0.03667408 -0.62410629 -6.11257458
v 0.03005743 -0.62699378 -6.11044788
v 0.03040755 -0.61569548 -6.10844612
v 0.04751712 -0.61371624 -6.11377716
v 0.04363483 -0.62267768 -6.11505461
v 0.05457896 -0.61735547 -6.11442852
v 0.05024290 -0.62337005 -6.11457491
v 0.05801213 -0.62652242 -6.11448622
v 0.04970282 -0.62666941 -6.11604595
v 0.05466616 -0.63183331 -6.11604166
v 0.04454362 -0.62758052 -6.11702967
v 0.04816455 -0.63341749 -6.11868095
v 0.03836876 -0.62960255 -6.11714125
v 0.03966945 -0.63486624 -6.11882448
v 0.03325528 -0.63145721 -6.11658001
v 0.03710127 -0.64206290 -6.11821461
v 0.03185344 -0.63615882 -6.11696339
v 0.03307950 -0.64809394 -6.11370516
v 0.02809334 -0.64115512 -6.11346531
v 0.02347624 -0.64658070 -6.11260843
v 0.02245748 -0.64091849 -6.11360884
v 0.01372617 -0.64562786 -6.11440945
v 0.01618099 -0.63943279 -6.11586809
v 0.01973414 -0.64209545 -6.11351204
v 0.01915312 -0.64713907 -6.11294603
v 0.00344038 -0.63868403 -6.11823320
v 0.00916564 -0.63286960 -6.11852026
v 0.01174247 -0.63886082 -6.11685276
v 0.00847507 -0.64293945 -6.11651134
v 0.00193495 -0.62930453 -6.11855364
v 0.00906986 -0.62635469 -6.11769915
v -0.00515074 -0.62376809 -6.11869860
v 0.00369316 -0.62199032 -6.11620092
v -0.00986594 -0.61633432 -6.11602354
v -0.00130904 -0.61603010 -6.11291122
v -0.00975686 -0.60834765 -6.10852289
v -0.00396597 -0.61166656 -6.10840845
v -0.00609106 -0.60153997 -6.10470295
v -0.00390679 -0.60714173 -6.10537004
v -0.00181711 -0.60022843 -6.10502625
v 0.00067180 -0.60904014 -6.10664558
v 0.00477219 -0.60245550 -6.10570431
v 0.00621134 -0.61350441 -6.10954618
v 0.01279151 -0.61014223 -6.10708761
v 0.01302296 -0.62075675 -6.11109829
v 0.02212608 -0.60854757 -6.10502005
v 0.02112901 -0.61994803 -6.10839319
v 0.01935631 -0.63080692 -6.11339998
v 0.22472817 -0.25058484 -5.31845140
v 0.22743985 -0.23091292 -5.33504725
v 0.22389594 -0.21966642 -5.32352161
v 0.32686087 -0.31403852 -5.42233849
v 0.27183357 -0.52051258 -5.42525578
v 0.27146399 -0.47042358 -5.43201351
v 0.30161643 -0.58885825 -5.43299818
v 0.27305761 -0.46581227 -5.42700195
v 0.28740686 -0.56697798 -5.41129446
v 0.33068961 -0.59898770 -5.34722233
v 0.33694434 -0.61510897 -5.38256264
v 0.34171179 -0.61369622 -5.36864948
v 0.33512437 -0.61223888 -5.37003326
v 0.33153760 -0.61102045 -5.37433481
v 0.33329827 -0.60567534 -5.35629082
v 0.31404620 -0.59721649 -5.37019205
v 0.30633119 -0.59059215 -5.36655474
v 0.34099388 -0.60737836 -5.35534382
v 0.35112303 -0.61254048 -5.36296368
v 0.33103433 -0.60832751 -5.36513853
v 0.32710272 -0.60706437 -5.37038755
v 0.32695502 -0.60453749 -5.35789347
v 0.32586789 -0.60165083 -5.35380554
v 0.32048836 -0.59840429 -5.35270977
v 0.32115310 -0.60456777 -5.37417746
v 0.31800464 -0.59413695 -5.34890985
v 0.31335041 -0.59252632 -5.35067558
v 0.30327204 -0.58066487 -5.35132408
v 0.30266637 -0.58411276 -5.35400677
v 0.31775412 -0.57495403 -5.37105608
v 0.30358881 -0.58269966 -5.34799099
v 0.32248169 -0.60579014 -5.36586237
v 0.32335082 -0.60538924 -5.35701799
v 0.32461163 -0.58178258 -5.37839174
v 0.32406411 -0.57847452 -5.37851143
v 0.31721330 -0.60125780 -5.36389017
v 0.32189783 -0.58075857 -5.38020563
v 0.31312805 -0.59518909 -5.34973526
v 0.30968988 -0.58983374 -5.34990788
v 0.32124180 -0.57610023 -5.37113857
v 0.32120192 -0.57817447 -5.37477827
v 0.30352753 -0.58453441 -5.35914564
v 0.31197870 -0.59551299 -5.36063862
v 0.32117331 -0.59026325 -5.34308100
v 0.31593877 -0.58899724 -5.34477711
v 0.32439306 -0.59774053 -5.34846020
v 0.30410227 -0.57848060 -5.34760475
v 0.30693412 -0.58487582 -5.34871387
v 0.30102384 -0.57883668 -5.35222626
v 0.31780428 -0.56768084 -5.36425257
v 0.30467832 -0.58187759 -5.34760332
v 0.30523431 -0.58984339 -5.35539675
v 0.31956041 -0.60104573 -5.35373259
v 0.30589387 -0.58659685 -5.34873581
v 0.31961787 -0.57918620 -5.37926102
v 0.31732434 -0.57976627 -5.37599754
v 0.32376251 -0.58123827 -5.37642765
v 0.32044250 -0.57154411 -5.36460686
v 0.33270437 -0.60805094 -5.36126184
v 0.29664105 -0.57110178 -5.35184288
v 0.32490462 -0.60911047 -5.38112164
v 0.29871640 -0.58098829 -5.36258316
v 0.30981028 -0.58402419 -5.34682369
v 0.04711527 -0.60106921 -6.00098896
v 0.05038285 -0.60538781 -6.00433397
v 0.00295025 -0.57446933 -6.01439714
v 0.00176424 -0.56835043 -6.01371956
v -0.28491944 -0.40392995 -6.50623989
v -0.28992265 -0.41089654 -6.50151348
v -0.26281857 -0.38837171 -6.54939318
v -0.25286728 -0.38952202 -6.54906940
v -0.21638358 -0.38353401 -6.54919338
v -0.23248202 -0.37907892 -6.55283117
v -0.23486751 -0.36488235 -6.54933405
v -0.22461611 -0.36622161 -6.54733086
v -0.20464826 -0.39755863 -6.44079494
v -0.21310860 -0.38811606 -6.43884850
v -0.24225080 -0.37138790 -6.43651390
v -0.24887699 -0.34954029 -6.44165039
v -0.23439097 -0.34221017 -6.43699121
v -0.23849291 -0.32460469 -6.43866062
v 0.01993293 -0.63707674 -6.11421251
v 0.02654141 -0.63133287 -6.11290359
v 0.01373798 -0.63001692 -6.11585855
v 0.02377820 -0.63548565 -6.11372948
v 0.01488388 -0.63442111 -6.11692762
v 0.02290845 -0.62778306 -6.11046314
v 0.01502931 -0.62655890 -6.11310387
v 0.01855111 -0.62636364 -6.11036348
v -0.24040627 -0.46985602 -6.51060629
v -0.25931734 -0.46405375 -6.51167345
v -0.24209875 -0.45888627 -6.51962614
v -0.25911802 -0.45410597 -6.51744890
v -0.25017494 -0.45506722 -6.51748419
v -0.25340801 -0.46766376 -6.50608349
v -0.24745637 -0.46902835 -6.50657129
v -0.24406046 -0.47046232 -6.50626945
v -0.27178395 -0.44671816 -6.51812935
v -0.24607569 0.05646658 -6.85454893
v -0.24439698 0.07425117 -6.87391281
v -0.23231512 0.03896952 -6.84078264
v -0.24569720 0.04796833 -6.88655758
v -0.24657041 0.02755952 -6.86631298
v -0.23216981 0.01297337 -6.85642433
v -0.21546835 -0.40363491 -6.54652500
v -0.30170709 -0.43062204 -6.48343468
v -0.30171245 -0.44154537 -6.47198391
v -0.28486860 -0.47037864 -6.43423510
v -0.26512498 -0.46202397 -6.42367220
v -0.24495512 -0.48558491 -6.42347336
v -0.22843522 -0.47666436 -6.42022514
v -0.19951552 -0.42401123 -6.52006912
v -0.19155866 -0.43849421 -6.50847864
v -0.19783044 -0.47985733 -6.44235516
v -0.19460851 -0.47952884 -6.44099379
v -0.24803621 -0.46842301 -6.42182446
v -0.20667934 -0.47464114 -6.42720032
v -0.28431273 -0.45056999 -6.43943834
v -0.18794179 -0.46781731 -6.48205948
v -0.18868673 -0.45257497 -6.49634314
v -0.20679969 -0.40837300 -6.53330755
v -0.28546613 -0.41241091 -6.50966454
v -0.25494939 -0.39897966 -6.54790592
v -0.28471106 -0.40003467 -6.52660847
v -0.28381091 -0.39694321 -6.53690529
v -0.18775076 -0.46368349 -6.46011543
v -0.29632705 -0.44738090 -6.45436668
v -0.29697090 -0.41944289 -6.49622774
v -0.28307664 -0.40387881 -6.51720810
v -0.27660757 -0.39279568 -6.54619503
v -0.24402434 -0.39300919 -6.55039310
v -0.29164344 -0.41819590 -6.50510645
v -0.22798020 -0.39970410 -6.55372286
v -0.26659673 -0.40172839 -6.54788828
v 0.27974838 -0.56865525 -5.41965580
v 0.27366525 -0.55327088 -5.42159986
v 0.31599009 -0.52882349 -5.37209606
v 0.02157092 -0.59974027 -6.00772476
v 0.01732337 -0.59320605 -6.00616407
v 0.04153228 -0.55270070 -5.97212410
v 0.03849173 -0.53962088 -5.96746159
v 0.07047874 -0.60463214 -6.01569128
v 0.07392463 -0.60204279 -6.01869631
v 0.07011324 -0.56506073 -5.98769617
v 0.07737136 -0.55388415 -5.99354744
v 0.67410064 0.16477746 -7.78234148
v -0.14693052 0.38856193 -6.78949690
v 0.11511153 -0.09545204 -7.29566813
v 0.44329500 0.09680957 -7.58139849
v 0.56899029 0.13123423 -7.71099186
v -0.38305265 0.01064128 -6.70536137
v -0.17758662 -0.00693321 -6.92410231
v 0.30262876 0.00439519 -7.47195768
v -0.15150291 -0.05894423 -6.97894812
v 0.75399494 0.03822571 -7.87368202
v 0.77323818 -0.04406703 -7.90598774
v -0.48199970 -0.02930048 -6.63558674
v -0.48022968 0.11332165 -6.59406757
v -0.28120381 0.05538636 -6.77991962
v -0.48104066 -0.03806776 -6.63765621
v -0.43754894 0.19612400 -6.60542774
v -0.16100377 -0.02597764 -6.95245600
v 0.38595924 0.03741267 -7.54967451
v 0.09300923 0.33674437 -7.08843422
v 0.14827651 0.33655638 -7.15852070
v -0.00365126 0.33498877 -6.97443724
v -0.09550250 -0.11001524 -7.06262302
v -0.25370401 0.04212767 -6.81167507
v 0.28625381 0.36832023 -7.31672621
v 0.72025371 -0.09313381 -7.87746811
v 0.77789295 -0.10247469 -7.92276382
v -0.44678932 -0.03733265 -6.66727304
v -0.49192768 0.09497318 -6.58968306
v 0.77185833 -0.11510456 -7.92107677
v -0.48442560 -0.02819037 -6.63312912
v -0.37278301 0.32516843 -6.61822271
v -0.32863659 0.04171300 -6.74131060
v -0.47171539 0.12767278 -6.59696722
v 0.24570966 -0.06037772 -7.36456013
v 0.21886641 -0.08724383 -7.31329727
v 0.26990837 0.33228928 -7.22280312
v 0.23151892 0.31694278 -7.16810465
v 0.18067551 0.34469202 -7.19348001
v 0.22357333 -0.08238062 -7.20305729
v 0.23965931 -0.05950558 -7.17539072
v 0.28426445 -0.04875922 -7.21871710
v 0.25936770 -0.07413262 -7.24698067
v 0.30550259 -0.04944345 -7.29606628
v 0.28138268 -0.05677858 -7.33373642
v 0.24985760 -0.08311027 -7.28466129
v 0.32840186 0.22564039 -7.18280935
v 0.29462314 0.21037155 -7.13414001
v 0.25929171 0.27193761 -7.13773680
v 0.30452549 0.28815192 -7.19815922
v 0.57475764 0.19409682 -7.50711346
v 0.56757390 0.23156738 -7.47814798
v 0.55663413 0.25536779 -7.51831484
v 0.55099618 0.23290712 -7.55413246
v -0.03992808 -0.12762433 -7.06154490
v -0.01346934 -0.13129747 -7.08197594
v 0.41646156 0.37977481 -7.45912313
v 0.46288127 0.35080799 -7.42622089
v 0.42036900 0.36405799 -7.38892841
v 0.09338886 0.16130853 -6.92632627
v 0.07380909 0.13541922 -6.90783930
v 0.03508663 0.22721356 -6.89016771
v 0.05598670 0.23062871 -6.91115141
v 0.44945207 0.33073497 -7.35020542
v 0.48579267 0.32228464 -7.39036751
v 0.49230519 0.29356611 -7.35977221
v 0.46260405 0.29220122 -7.32329988
v 0.00724638 0.31837052 -6.93758011
v 0.03314114 0.28047583 -6.91966200
v 0.00250697 0.29265973 -6.90319920
v -0.01826203 0.33560979 -6.91543913
v 0.00382364 -0.14229554 -6.96534109
v 0.00686598 -0.17770708 -6.97052240
v -0.02566016 -0.16602141 -6.97283840
v -0.02316517 -0.13296983 -6.96816254
v -0.04809308 -0.13177308 -7.03641605
v -0.04892242 -0.17033225 -7.03411055
v -0.03988069 -0.16306290 -7.05495930
v 0.01516443 -0.12537760 -7.10060263
v 0.00322640 -0.15641147 -7.08764791
v 0.03151733 -0.16270703 -7.09232616
v 0.05367136 -0.12119800 -7.09678984
v 0.06283605 -0.18402147 -7.01296329
v 0.04785913 -0.20117921 -6.99660158
v 0.06401908 -0.14729869 -6.98393250
v 0.08196276 -0.14171386 -7.01524639
v 0.36140800 -0.00907955 -7.30595160
v 0.36722922 -0.04816481 -7.32134104
v 0.33568114 -0.03472909 -7.33691120
v 0.32459670 0.00008434 -7.34761953
v 0.33235341 0.01104999 -7.44566631
v 0.32662064 -0.03308743 -7.40587711
v 0.35114038 -0.02999306 -7.46330023
v 0.36652148 0.01719448 -7.50726271
v 0.38389865 -0.35526580 -7.40767384
v 0.39510718 -0.35578853 -7.43439865
v 0.37969211 -0.40560329 -7.42253399
v 0.36700031 -0.40905279 -7.39242220
v 0.37647441 -0.21231735 -7.40144396
v 0.40841231 -0.22565597 -7.40412521
v 0.39153776 -0.24304157 -7.40414619
v 0.36219072 -0.24141169 -7.40964365
v 0.35197484 -0.20952064 -7.43666458
v 0.34757125 -0.25109631 -7.43226957
v 0.35151422 -0.24408776 -7.46856260
v 0.36215401 -0.21486980 -7.48191786
v 0.41751993 -0.24144417 -7.51439619
v 0.41087979 -0.25974154 -7.50795364
v 0.43001097 -0.26374638 -7.50889540
v 0.43889508 -0.24144560 -7.51649046
v -0.08852184 -0.11239082 -6.98100662
v -0.09438533 -0.09159458 -6.96231556
v -0.06060952 -0.09364197 -6.94057417
v -0.04241794 -0.12051851 -6.95898819
v -0.03939879 0.28061444 -6.84033155
v 0.00062394 0.20045197 -6.85208178
v -0.02373469 0.23175076 -6.83581495
v -0.06130946 0.30327582 -6.82995224
v -0.06471354 0.33314779 -6.86234903
v -0.08101165 0.35019499 -6.82867479
v -0.09667414 0.37477899 -6.85113525
v -0.08167011 0.34769180 -6.88016558
v -0.11770827 -0.03045744 -6.93222332
v -0.14611322 -0.01412833 -6.90931749
v -0.10074192 0.00443780 -6.89634514
v -0.08718824 -0.02828425 -6.91529655
v -0.05258089 0.04964429 -6.86214495
v -0.07602733 0.03002417 -6.87692070
v -0.10672408 0.05826133 -6.83491182
v -0.09433365 0.08627395 -6.81754732
v -0.11092532 0.31279457 -6.77313614
v -0.07473713 0.25263923 -6.78188038
v -0.14125198 0.25730512 -6.70303726
v -0.16465837 0.32060781 -6.70991135
v -0.18564528 0.36686957 -6.70694017
v -0.12663746 0.36667290 -6.77330399
v 0.19378674 0.19280204 -7.03726244
v 0.19754648 0.12943541 -7.03199100
v 0.15953380 0.13695647 -7.00158596
v 0.14440769 0.20455182 -6.99229765
v 0.32238412 0.00426966 -7.39507580
v 0.33410436 0.00536802 -7.35186338
v 0.33356130 0.01363459 -7.35005331
v 0.32342511 0.00595218 -7.41883659
v 0.13008422 0.30463868 -7.05893946
v 0.17204487 0.26237130 -7.05081797
v 0.10259867 0.27248022 -6.99025106
v 0.07424992 0.31270638 -7.01329136
v -0.22312850 0.38658834 -6.48865318
v -0.21161979 0.36424398 -6.49161148
v -0.22162372 0.37520614 -6.47612095
v -0.23208112 0.38949096 -6.47794724
v -0.32398063 0.34892625 -6.60571194
v -0.34639925 0.35843927 -6.60480976
v -0.31521648 0.36995205 -6.61653090
v -0.29469305 0.35073912 -6.61710358
v -0.30854350 0.04148108 -6.72772598
v -0.30711848 0.03842795 -6.70296097
v -0.28531414 0.04814550 -6.72592926
v -0.29403299 0.04519331 -6.74706793
v -0.27046853 0.05159634 -6.69928360
v -0.27245837 0.05259728 -6.71485090
v -0.30186993 0.04215002 -6.70272350
v -0.30570799 0.04144627 -6.68982029
v -0.42692238 0.22058946 -6.60709381
v -0.41311210 0.22600871 -6.59500456
v -0.42558008 0.20141521 -6.59626150
v 0.37746549 0.17626928 -7.22813702
v 0.34153253 0.16270733 -7.17520380
v 0.37050629 0.23917122 -7.23493099
v -0.41414183 -0.01716855 -6.62088680
v -0.40926522 -0.01908845 -6.63156891
v -0.42576247 -0.02706993 -6.62090445
v -0.43008107 -0.02512860 -6.61168194
v 0.53949249 0.04308045 -7.51468134
v 0.50350308 0.07654363 -7.56281424
v 0.49539655 0.04851794 -7.55329514
v 0.51480550 0.00238046 -7.50558376
v 0.57139647 0.13640523 -7.51374054
v 0.55661112 0.08594079 -7.51414680
v 0.55998886 0.09167880 -7.44257736
v 0.57011735 0.15003891 -7.44039536
v 0.03076541 -0.14541087 -6.96505070
v 0.00142294 -0.12030458 -6.94677401
v 0.04126918 -0.11718073 -6.95169163
v 0.00892824 0.09076890 -6.86411858
v -0.00005496 0.15910341 -6.85270882
v 0.02263635 0.12576707 -6.86862707
v 0.01635653 0.06634927 -6.87333918
v -0.05097795 0.18887626 -6.80092382
v -0.03184944 0.13554031 -6.82727146
v -0.09400344 0.14101997 -6.76090956
v -0.10835278 0.19314808 -6.73345947
v 0.45036802 0.20105192 -7.29709482
v 0.42112750 0.17300127 -7.28492546
v 0.43390676 0.22736284 -7.28550339
v 0.45356101 0.25189799 -7.30468702
v 0.10256553 -0.09378627 -7.05453300
v 0.11887586 -0.05253068 -7.03222466
v 0.12264514 -0.04345569 -7.05010891
v 0.10039622 -0.07809538 -7.07200909
v -0.22836667 0.28482473 -6.55802107
v -0.21804613 0.32191640 -6.50472164
v -0.20842558 0.32860190 -6.51262426
v -0.21428066 0.29833421 -6.55288363
v -0.23925990 0.08596539 -6.66284657
v -0.24780637 0.11096303 -6.63883400
v -0.22515708 0.12051268 -6.64977789
v -0.21876580 0.09811282 -6.67068529
v 0.42787790 0.04893628 -7.55152369
v 0.41843116 0.07484716 -7.57036352
v -0.05925244 0.33678764 -6.91031647
v -0.03596193 0.33107084 -6.93925095
v -0.04190069 0.34160450 -6.88729286
v 0.04178911 0.33554870 -7.02707100
v 0.04505134 0.31343043 -6.98314333
v 0.48343575 0.34629667 -7.47668600
v 0.44843709 0.36483282 -7.49931860
v 0.52504516 0.30726928 -7.50695324
v 0.39286834 -0.02428442 -7.50050783
v 0.44925267 -0.02004883 -7.51996040
v 0.42131311 -0.26341015 -7.41895056
v 0.43932751 -0.23338026 -7.42578411
v 0.38140675 -0.24877334 -7.49800682
v 0.39261675 -0.22486252 -7.50368977
v 0.49371502 0.24630295 -7.33599091
v 0.52801120 0.27708888 -7.39714336
v 0.53492284 0.22328541 -7.37708616
v 0.33813536 0.01741475 -7.50408697
v 0.36805916 0.06493199 -7.23342180
v 0.33229619 0.04306102 -7.18252802
v 0.34143406 0.10110027 -7.17357540
v 0.37746859 0.11915033 -7.22483063
v 0.01672286 -0.07345459 -6.91009712
v 0.04693675 -0.00143421 -6.90235710
v 0.07824224 -0.00953996 -6.92881250
v 0.07541817 -0.06719682 -6.94716549
v -0.02967829 0.08748522 -6.84916830
v -0.01410687 0.04659575 -6.86534071
v -0.03123921 0.00337923 -6.87989140
v -0.08802378 0.10436921 -6.79325342
v 0.14269668 0.06664506 -6.99412012
v 0.15982699 0.07199374 -7.01642513
v 0.14372343 0.00194740 -7.03419733
v 0.13294393 -0.00831527 -7.02058601
v 0.41376311 0.06991503 -7.29240990
v 0.43188369 0.13756739 -7.29179144
v 0.48022333 0.11256388 -7.32357836
v 0.46405366 0.05501559 -7.32005835
v -0.29255897 0.04956019 -6.67963934
v -0.26071626 0.06176645 -6.67621326
v -0.36728650 0.00862116 -6.67637253
v -0.39869481 -0.01379514 -6.65946198
v -0.39414936 -0.00982860 -6.65239668
v -0.36262017 0.00924230 -6.67150450
v -0.33462089 0.08335681 -6.61792946
v -0.35388488 0.06294286 -6.62052917
v -0.35712987 0.08677171 -6.60675049
v -0.33441836 0.10698500 -6.60362101
v -0.35768241 0.01539761 -6.66647005
v -0.36238843 0.01515263 -6.67237520
v -0.27281123 0.06193620 -6.72793865
v -0.28298563 0.05393720 -6.71390533
v -0.39854664 0.00212741 -6.66654778
v -0.42009979 -0.01437002 -6.65310240
v 0.33499473 -0.30026120 -7.42431164
v 0.35113770 -0.29160029 -7.40684175
v 0.32976741 -0.34995991 -7.39406824
v 0.31811184 -0.34436959 -7.41337585
v 0.31668705 -0.34464139 -7.43783855
v 0.29399353 -0.38646835 -7.39899445
v 0.29288429 -0.38948721 -7.43099403
v 0.35720783 -0.35683143 -7.39182091
v 0.38208863 -0.29027766 -7.40550518
v 0.40449429 -0.30762583 -7.41921186
v 0.33610040 -0.39265692 -7.46709538
v 0.37212726 -0.33883375 -7.47955275
v 0.33751673 -0.34055489 -7.46585131
v 0.31173986 -0.38065952 -7.45373106
v 0.34270459 -0.08294848 -7.39055634
v 0.34969884 -0.07270312 -7.34686422
v 0.36151117 -0.11521906 -7.36617994
v 0.34650904 -0.12446678 -7.39396048
v 0.35259700 -0.13077614 -7.43835115
v 0.35231423 -0.16176611 -7.41646957
v 0.35794681 -0.16577947 -7.45818138
v 0.42753679 -0.10153586 -7.35434151
v 0.42746744 -0.15439898 -7.37760735
v 0.39039311 -0.13676620 -7.36255455
v 0.38268358 -0.08948335 -7.33937836
v 0.42421165 -0.15168449 -7.49898291
v 0.37850475 -0.14017284 -7.47755671
v 0.38255832 -0.17732078 -7.49095488
v 0.41947788 -0.19147575 -7.50800180
v -0.01077044 -0.51921886 -7.12217093
v -0.02247775 -0.51172632 -7.13095331
v -0.02197516 -0.53586322 -7.13529778
v -0.01065320 -0.53823030 -7.12539959
v -0.06108743 -0.43876356 -7.09739399
v -0.06213874 -0.47302645 -7.11966705
v -0.04005617 -0.46247125 -7.12065697
v -0.04648620 -0.42082608 -7.09325361
v 0.00364357 -0.57549983 -7.10061836
v -0.00050908 -0.57405823 -7.08520842
v -0.00367010 -0.54069555 -7.09144545
v 0.00192565 -0.56315535 -7.10850620
v -0.02154577 -0.40707886 -7.03100777
v -0.02568924 -0.40929413 -7.01841211
v -0.01790500 -0.37527889 -7.00701332
v -0.01370811 -0.37302345 -7.02087688
v -0.03157854 -0.21587968 -6.97656679
v -0.05564094 -0.28285819 -6.97425890
v -0.06770092 -0.26931363 -6.98725271
v -0.05257946 -0.21386778 -6.99210405
v -0.08363920 -0.35587800 -7.05710173
v -0.07106251 -0.32282084 -7.05943489
v -0.08509892 -0.32894862 -7.04362440
v -0.09503156 -0.36766505 -7.04219770
v 0.01448512 -0.27675277 -7.05554485
v 0.04469270 -0.22051072 -7.06649113
v 0.03206527 -0.23121709 -7.07797384
v 0.00682491 -0.27582717 -7.06856346
v -0.02835220 -0.37493640 -6.99514818
v -0.04581052 -0.37337136 -6.98639727
v -0.03593302 -0.33680570 -6.98047972
v -0.02047753 -0.34465975 -6.99131823
v 0.11415118 -0.10368538 -7.22542953
v 0.02679366 -0.09624583 -7.19881487
v 0.07422036 -0.10421506 -7.14960766
v 0.18645632 0.31256944 -7.12868786
v 0.20906234 -0.02806777 -7.10339355
v 0.19752461 -0.06246221 -7.13881493
v 0.13730901 -0.06429425 -7.09129190
v 0.14947814 -0.03246978 -7.06467390
v 0.14661616 -0.10199627 -7.18300438
v 0.10078669 -0.09976935 -7.12193823
v 0.13369483 -0.08363229 -7.11656380
v 0.18469751 -0.08393905 -7.16729021
v 0.22211915 0.26836297 -7.10599184
v 0.25618809 0.13674538 -7.08188152
v 0.24890357 0.21349418 -7.09477520
v 0.24635464 0.02423507 -7.09714746
v 0.18886739 0.02446356 -7.05436087
v 0.21107328 0.07927012 -7.05025673
v 0.26314336 0.07455990 -7.09394407
v 0.16339010 -0.09973627 -7.28323984
v 0.19844955 -0.10008526 -7.24428940
v 0.31703240 0.34156007 -7.27909279
v 0.34910792 0.29970509 -7.24948072
v 0.51608241 0.31371716 -7.43919134
v 0.01559585 0.21513352 -6.86597919
v -0.02486646 0.29392833 -6.87068605
v -0.04634953 -0.17111397 -7.00018120
v -0.05155998 -0.13127869 -7.00053310
v 0.05830151 -0.16874790 -7.08355331
v 0.07061338 -0.16991478 -7.06364489
v 0.08637416 -0.12366587 -7.06632328
v 0.07250601 -0.11297390 -7.09270287
v -0.05820984 -0.59821719 -7.05218506
v -0.04791546 -0.59304100 -7.05136585
v -0.04639125 -0.61864358 -7.05523014
v -0.05797207 -0.62449569 -7.05587578
v -0.02164686 -0.09395108 -6.92725277
v -0.13522559 0.03614479 -6.84641552
v 0.34915227 0.01530024 -7.33114672
v 0.35019040 0.01104394 -7.32020521
v 0.10960567 0.21730998 -6.95946455
v 0.06823456 0.27492595 -6.95575857
v -0.23951083 0.39228076 -6.49247837
v -0.24568301 0.39240408 -6.48418760
v 0.55698633 0.24443892 -7.43959665
v 0.55127144 0.27188066 -7.46818256
v -0.37368041 0.00763261 -6.68586636
v -0.40421921 -0.01676360 -6.67154217
v -0.26681811 0.07327524 -6.74932575
v -0.28317147 0.12718628 -6.70575953
v -0.28687090 0.10218690 -6.68490314
v -0.40989691 -0.01421648 -6.64298153
v -0.38705462 0.00212675 -6.65570927
v 0.29115492 -0.47470683 -7.43015575
v 0.30349278 -0.47630745 -7.42874861
v 0.40827629 -0.20414650 -7.39738703
v 0.36713469 -0.18785399 -7.39976883
v 0.44569561 -0.21669483 -7.51442862
v 0.41943264 -0.21989244 -7.51620960
v -0.07476354 -0.40773511 -6.99748516
v -0.09006381 -0.40610117 -7.01438379
v -0.08696777 -0.36139023 -6.99835730
v -0.06836593 -0.37390405 -6.98664570
v -0.04248977 -0.35793048 -7.07102060
v -0.05088037 -0.38806528 -7.07634640
v -0.03323144 -0.39057422 -7.07160854
v -0.02609706 -0.35329813 -7.06371880
v -0.06208748 -0.33269447 -6.97773266
v -0.02709824 -0.32866019 -7.07081461
v -0.00989783 -0.31924766 -7.06209230
v -0.02345389 -0.09644237 -7.13846064
v 0.04846019 0.12888913 -6.88790274
v 0.10725158 0.06883109 -6.94277763
v 0.12172508 0.15103924 -6.95126486
v 0.12876374 0.07217854 -6.96749449
v 0.07801753 0.23271579 -6.93378544
v 0.04915386 0.27654541 -6.94014072
v -0.02070028 -0.16276643 -7.07723475
v -0.05907416 -0.21520168 -7.01519585
v 0.03328335 -0.18824959 -6.97941589
v 0.04030347 -0.23793221 -7.02521133
v 0.06371516 -0.18356335 -7.03856802
v 0.03726149 -0.24033904 -7.04776573
v -0.10767037 -0.59582525 -7.10010958
v -0.10454988 -0.57810265 -7.09151077
v -0.10292548 -0.58937281 -7.08510065
v -0.10638440 -0.60842007 -7.09458637
v -0.02275628 -0.54355973 -7.07075882
v -0.01645976 -0.53994936 -7.07514572
v -0.01735163 -0.55652589 -7.06890202
v -0.02321970 -0.56375700 -7.06480837
v 0.09339708 -0.11279947 -6.99944401
v 0.10566670 -0.10390386 -7.02741098
v 0.08966714 -0.13304684 -7.04059315
v 0.02790582 0.31076646 -6.95899582
v 0.10265404 -0.06225640 -6.98094416
v 0.10944730 -0.00578886 -6.96407413
v 0.12738234 0.00024533 -6.99474716
v 0.11733109 -0.05589935 -7.01003170
v 0.04500848 0.05873719 -6.89120388
v 0.00995779 0.00895822 -6.88290834
v -0.08423281 -0.39703524 -7.06700325
v -0.06683719 -0.40446442 -7.07771969
v -0.06677914 -0.36241466 -7.06745195
v -0.00414056 -0.52999884 -7.10209608
v -0.00106245 -0.54780775 -7.11224937
v -0.03521907 -0.41028547 -7.00598526
v -0.05172509 -0.41003168 -6.99694777
v -0.01745164 -0.44549948 -7.05425119
v -0.01731145 -0.43728727 -7.06385136
v -0.00742978 -0.49184746 -7.09965658
v -0.00908911 -0.50491500 -7.08906794
v -0.08949596 -0.32593143 -7.01848030
v -0.07968211 -0.31525391 -6.99196768
v -0.09613860 -0.36981177 -7.02128839
v -0.04282665 -0.22434264 -7.06817102
v -0.05484343 -0.28066707 -7.06209612
v -0.03577507 -0.27132881 -7.07050705
v -0.01135701 -0.21881068 -7.08670330
v -0.00253987 -0.33450180 -7.01865816
v -0.00079620 -0.32980752 -7.03588581
v -0.01393044 -0.36875528 -7.03591585
v -0.03213394 -0.28741550 -6.97079039
v -0.00309527 -0.21930808 -6.97449017
v 0.01411372 -0.24236965 -6.98597860
v -0.01218718 -0.30491167 -6.98455763
v 0.53186166 0.28740209 -7.55336237
v 0.50577307 0.31261411 -7.57862329
v 0.53847575 0.26745650 -7.57040930
v 0.54188108 0.22971143 -7.57664585
v 0.55185938 0.18316974 -7.55945587
v 0.55005419 0.25529143 -7.59764862
v 0.55289543 0.24084115 -7.58710194
v 0.54829919 0.24536505 -7.57505465
v 0.54222590 0.26125085 -7.58512306
v 0.64915693 0.18806294 -7.71287632
v 0.64050579 0.15028661 -7.69635344
v 0.60336781 0.18721402 -7.65695143
v 0.60731077 0.22486615 -7.66672087
v 0.69169641 0.13566449 -7.76188993
v 0.67825866 0.10129097 -7.73691225
v 0.72000909 0.07984877 -7.79454041
v 0.70721680 0.04405272 -7.77611065
v 0.75028908 0.03887257 -7.82676935
v 0.74014366 -0.00130296 -7.80722094
v 0.77121502 -0.00956091 -7.85952187
v 0.75875443 -0.04188669 -7.84078074
v 0.78031206 -0.04883844 -7.88257408
v 0.76816308 -0.07043004 -7.86288691
v 0.78068173 -0.10397679 -7.90728760
v 0.76984382 -0.11602402 -7.89703131
v -0.01584834 -0.35843313 -7.04950094
v -0.00095773 -0.31904352 -7.04750538
v -0.00937802 -0.33827859 -7.00273180
v -0.04696071 -0.31979805 -7.06986046
v -0.07166386 -0.28035730 -7.04153585
v -0.07504487 -0.27441341 -7.01350403
v 0.00459063 -0.29649884 -6.99970722
v 0.01292413 -0.29102165 -7.01883411
v -0.01379222 -0.28493446 -7.07546663
v 0.01367170 -0.28614891 -7.03710175
v -0.26371330 0.33807057 -6.63027096
v -0.21910971 0.30969149 -6.65649223
v -0.23888892 0.31379199 -6.63234711
v -0.26158959 0.34164900 -6.62120342
v -0.28378731 0.34169656 -6.61492062
v -0.30728203 0.32486129 -6.60747433
v -0.22769266 0.33440021 -6.60020590
v -0.21833068 0.26056075 -6.63418293
v -0.21964687 0.29662663 -6.59484243
v -0.25351876 0.35957175 -6.59284782
v -0.28184718 0.35149273 -6.59535360
v -0.29663891 0.33908975 -6.58606100
v -0.27748579 0.29296553 -6.59326935
v -0.28324968 0.31775111 -6.57563400
v -0.26629645 0.31597453 -6.57597160
v -0.26017207 0.29197168 -6.59980774
v -0.23953038 0.27620250 -6.61356926
v -0.24490565 0.29863840 -6.58845854
v -0.23761874 0.27501392 -6.59299469
v -0.23550206 0.24088483 -6.62165403
v -0.21576887 0.20339938 -6.63696527
v -0.23672086 0.21495776 -6.61723900
v -0.23547047 0.23956329 -6.61128998
v -0.21547014 0.35466877 -6.55259991
v -0.20479637 0.33147150 -6.53754044
v -0.24502426 0.37712744 -6.55322695
v -0.27579266 0.36578453 -6.56750488
v -0.28780657 0.35674816 -6.55522776
v -0.27640206 0.33794951 -6.55288124
v -0.26355273 0.34246367 -6.54307413
v -0.24883813 0.32276618 -6.54761410
v -0.23477930 0.30566251 -6.54275179
v -0.24232012 0.24725799 -6.59994841
v -0.20637327 0.35271075 -6.51355553
v -0.21722025 0.37793624 -6.51294088
v -0.24373215 0.38819766 -6.51641369
v -0.26682550 0.38102251 -6.53289652
v -0.27645463 0.37381670 -6.52793598
v -0.27218908 0.35710704 -6.52704096
v -0.26483387 0.37089217 -6.50861931
v -0.25528604 0.37499285 -6.49445677
v -0.25832504 0.36191237 -6.51147270
v -0.27615041 0.26051432 -6.59154892
v -0.26580364 0.26205271 -6.59684944
v -0.25369126 0.22977641 -6.60766602
v -0.26043898 0.22544637 -6.60361481
v -0.21916121 0.15659194 -6.64532471
v -0.24552590 0.19787504 -6.61889744
v -0.23846120 0.20657936 -6.62242651
v -0.21769780 0.18210903 -6.64012671
v -0.23531395 0.20585184 -6.62186384
v -0.23036283 0.20095375 -6.62386513
v -0.24041063 0.21858065 -6.61520100
v -0.24530798 0.24978870 -6.59917688
v -0.23688787 0.28322744 -6.55387449
v -0.22665316 0.31808400 -6.50810909
v -0.22885710 0.36364633 -6.47803926
v -0.23762184 0.38309890 -6.47430086
v -0.25123137 0.38480431 -6.48380709
v -0.26341528 0.37924224 -6.49853849
v -0.27676862 0.36767575 -6.52030134
v -0.26240557 0.38698262 -6.50033283
v -0.29169339 0.33020425 -6.57164192
v -0.29216951 0.30333287 -6.58780718
v -0.24210197 0.22619158 -6.61518383
v -0.24371582 0.25440735 -6.59889317
v -0.23730034 0.28724802 -6.55770588
v -0.23222834 0.31276679 -6.51859760
v -0.23258179 0.34904814 -6.49088430
v -0.24221140 0.37004671 -6.48531389
v 0.34693676 -0.44832551 -7.38039732
v 0.36197621 -0.44779086 -7.40955877
v 0.34714299 -0.46671253 -7.39533043
v 0.33088177 -0.47830045 -7.34737301
v 0.33869618 -0.47694701 -7.36271191
v 0.33026081 -0.50560629 -7.35272980
v 0.32286137 -0.50830078 -7.33783007
v 0.31444639 -0.43596011 -7.36096001
v 0.29703283 -0.44420213 -7.33179808
v 0.28029448 -0.44014513 -7.33145809
v 0.29563987 -0.43265724 -7.35890388
v 0.25027126 -0.43142521 -7.35203171
v 0.26499707 -0.42952091 -7.37912083
v 0.27913314 -0.42768639 -7.36844397
v 0.25807709 -0.43607241 -7.33757877
v 0.25989819 -0.44308001 -7.40961313
v 0.23980933 -0.44327062 -7.38668871
v 0.24050164 -0.45846701 -7.40152359
v 0.25172758 -0.45840102 -7.41456413
v 0.34283054 -0.41340011 -7.37491798
v 0.30568260 -0.39864600 -7.37376690
v 0.29611719 -0.02317205 -7.40431404
v 0.26403219 -0.01819301 -7.43896723
v 0.35087663 -0.00862744 -7.33349037
v 0.33174318 -0.02331576 -7.26797009
v 0.36147249 0.01210457 -7.30419207
v 0.26385486 -0.02356085 -7.15276623
v 0.32841325 -0.02254048 -7.36456203
v 0.30182385 0.14996344 -7.12407398
v 0.40327939 0.14067715 -7.26796436
v 0.40875992 0.19809204 -7.26525593
v 0.29173815 0.03100571 -7.13854313
v 0.30062109 0.08712363 -7.12802219
v 0.37843809 0.04182094 -7.29310226
v 0.34883207 0.01246867 -7.24844265
v 0.39439073 0.09045865 -7.27794266
v 0.40688202 0.26384568 -7.26896954
v 0.38694477 0.31900546 -7.28647995
v -0.32328993 0.06199202 -6.63935184
v -0.35010868 0.04482597 -6.63613319
v -0.26318461 0.07890287 -6.65328121
v -0.29057401 0.06078392 -6.65770340
v -0.29345828 0.07926270 -6.63674927
v -0.27517110 0.10346147 -6.62893534
v -0.31600481 0.13610283 -6.59532547
v -0.30852312 0.09962687 -6.61665821
v -0.26179200 0.14041543 -6.61782551
v -0.27709538 0.17163473 -6.59976101
v -0.25367481 0.18093769 -6.61377573
v -0.23601931 0.14905874 -6.63305569
v 0.00364262 -0.59742504 -7.09435892
v -0.00107938 -0.60308808 -7.08416271
v -0.00653577 -0.58564591 -7.07409573
v -0.09819585 -0.61449552 -7.08145666
v -0.09680063 -0.62099743 -7.07526875
v -0.09658372 -0.63539320 -7.09022856
v -0.09649128 -0.63066775 -7.09867764
v -0.06982869 -0.64013392 -7.07937098
v -0.07471478 -0.64178234 -7.07634306
v -0.07575929 -0.62044948 -7.06292534
v -0.07190984 -0.62565029 -7.06545115
v -0.07599157 -0.59611332 -7.05839968
v -0.07203251 -0.60475892 -7.06192064
v -0.03092211 -0.61511999 -7.06320763
v -0.03943771 -0.61281729 -7.05722284
v -0.04085344 -0.59221989 -7.05404949
v -0.03203207 -0.59456426 -7.06074190
v -0.03884727 -0.55006498 -7.06424284
v -0.04774588 -0.54988915 -7.06302309
v -0.06851441 -0.62268573 -7.06268883
v -0.06557751 -0.62895352 -7.05907965
v -0.06316239 -0.64285427 -7.07283545
v -0.06599665 -0.64036435 -7.07825422
v -0.03437787 -0.63460898 -7.06843662
v -0.02846581 -0.63147670 -7.07761192
v -0.10232043 -0.60616207 -7.08679724
v -0.09932226 -0.58742076 -7.07946682
v -0.09758997 -0.59662712 -7.08052635
v -0.10206312 -0.61578518 -7.08897114
v -0.10349441 -0.62415284 -7.10164213
v -0.09844029 -0.62817091 -7.10561657
v -0.02703559 -0.60897702 -7.06372404
v -0.02472037 -0.61071521 -7.06328535
v -0.02073824 -0.62435704 -7.07251453
v -0.02212411 -0.62763166 -7.07982588
v -0.34341651 0.15793890 -6.58283615
v -0.33832151 0.16975442 -6.57742691
v -0.33506829 0.16355880 -6.57891607
v -0.34272772 0.14473809 -6.58658981
v -0.33835083 0.20290799 -6.55940151
v -0.32899791 0.18321386 -6.57044935
v -0.33684820 0.18249685 -6.57045317
v -0.34222490 0.19401358 -6.56255531
v -0.35363036 0.14488569 -6.58816910
v -0.35479027 0.12570779 -6.59324503
v -0.36718196 0.12374073 -6.59397268
v -0.36348349 0.14295059 -6.59035778
v -0.39034754 0.19737589 -6.57388115
v -0.39607447 0.19056821 -6.57825470
v -0.40276414 0.19581400 -6.58009720
v -0.39556628 0.21042432 -6.57564878
v -0.50572509 0.02846754 -6.56883144
v -0.50229949 0.03945160 -6.56863022
v -0.49298781 0.04287934 -6.56635523
v -0.49242777 0.03389972 -6.56482601
v -0.46498591 0.03125829 -6.56566572
v -0.46608883 0.03540763 -6.56488991
v -0.45660096 0.03942531 -6.56742287
v -0.08157462 -0.56935626 -7.06374979
v -0.07331222 -0.57263607 -7.06241417
v -0.08089751 -0.59931344 -7.05943918
v -0.08804077 -0.59484226 -7.06323099
v -0.09709042 -0.55679065 -7.09052038
v -0.09121728 -0.53714174 -7.08662987
v -0.08939362 -0.54006761 -7.08014774
v -0.09601754 -0.56643760 -7.08368778
v -0.00356477 -0.54363525 -7.11951399
v -0.00388086 -0.52519363 -7.11157274
v -0.01598817 -0.57602996 -7.06550074
v -0.02371651 -0.58325380 -7.06046295
v -0.08824301 -0.57874739 -7.06746006
v -0.09280944 -0.60245687 -7.06861496
v -0.09392869 -0.59471482 -7.07482958
v -0.09127277 -0.58083910 -7.07230139
v -0.06313580 -0.57955652 -7.05613565
v -0.06536734 -0.60613322 -7.05499172
v -0.06820267 -0.59930545 -7.05962944
v -0.06680912 -0.58125681 -7.05896473
v -0.02926713 -0.57638973 -7.06175327
v -0.02880436 -0.56643683 -7.06128979
v -0.02920824 -0.59121209 -7.05833435
v -0.02924240 -0.59166586 -7.06102467
v -0.24454337 0.25496638 -6.59699821
v -0.23601586 0.26137957 -6.59577560
v -0.24427623 0.26540452 -6.58502960
v -0.28420049 0.34336042 -6.54528141
v -0.24373883 0.27343950 -6.58112001
v -0.33733934 0.18162434 -6.57357597
v -0.34397131 0.18708527 -6.56977034
v -0.34033936 0.18537058 -6.57026815
v -0.33539277 0.18310978 -6.57320070
v -0.34059101 0.17248954 -6.57671928
v -0.34400815 0.16948737 -6.57833147
v -0.34141642 0.17093727 -6.57894516
v -0.33739752 0.17349222 -6.57769060
v -0.36108881 0.16466971 -6.58466864
v -0.36651188 0.16421108 -6.58658934
v -0.36314672 0.16712439 -6.58629131
v -0.35792285 0.16725208 -6.58448076
v -0.39557654 0.16638447 -6.58642387
v -0.39652258 0.15240116 -6.58970547
v -0.40814382 0.14883505 -6.58833504
v -0.40975827 0.16266280 -6.58663464
v -0.38976628 0.18628453 -6.57802534
v -0.38107914 0.19331935 -6.57123089
v -0.36027151 0.19199073 -6.56751728
v -0.34978217 0.18896006 -6.56764793
v -0.35445720 0.19266449 -6.56829262
v -0.36276537 0.19497469 -6.56964922
v -0.34359699 0.19142550 -6.56528378
v -0.35125166 0.20149471 -6.55877876
v -0.33939201 0.18685500 -6.56854248
v -0.34092551 0.16935493 -6.57839012
v -0.34722799 0.16138782 -6.58252239
v -0.37059623 0.19685569 -6.56581640
v -0.37932318 0.20610584 -6.56674099
v -0.36530620 0.20546520 -6.56077194
v -0.35619670 0.19488585 -6.56394243
v 0.61294639 0.11608046 -7.70353889
v 0.58290482 0.15544248 -7.66599131
v 0.64573693 0.06353506 -7.74203300
v 0.67096174 0.00876224 -7.78054905
v 0.70850575 -0.03969252 -7.81132507
v 0.73230374 -0.06828743 -7.84158468
v 0.75090975 -0.08774969 -7.86198044
v 0.75738037 -0.12161869 -7.89968300
v 0.31367880 -0.00836778 -7.19887924
v 0.52976894 0.10610408 -7.38224125
v 0.53388256 0.16874333 -7.37272978
v 0.07290542 0.06349599 -6.91064072
v 0.53000629 0.11876842 -7.56739712
v -0.31860977 0.04702419 -6.66487885
v -0.31959230 0.03825638 -6.67193079
v -0.29589504 0.08330622 -6.67143250
v -0.37423426 0.01581112 -6.68043137
v -0.00986367 -0.03437978 -6.88902044
v -0.49568421 0.05309522 -6.57078552
v -0.48130113 0.05721390 -6.56894541
v -0.35271484 0.10852064 -6.59883165
v -0.33790880 0.12860544 -6.59355736
v -0.34395486 0.03403217 -6.65517902
v -0.38301009 0.00273582 -6.65072346
v -0.40596014 -0.01221606 -6.63788891
v -0.39954227 -0.01293772 -6.64400291
v -0.36289734 0.00838435 -6.66482496
v -0.36715633 0.00859401 -6.66000462
v -0.39944369 -0.01152873 -6.64091873
v -0.37271839 0.00747311 -6.65634298
v -0.42920715 -0.03389406 -6.63799429
v -0.41931885 -0.02409911 -6.63485003
v -0.32780832 0.02691033 -6.68464756
v -0.33566171 0.02486849 -6.68996143
v -0.34138542 0.02565330 -6.70559978
v -0.43035823 -0.03777209 -6.65751934
v -0.33067924 0.02945054 -6.67716694
v -0.42779809 -0.02695525 -6.62514496
v -0.38231736 0.00455767 -6.64942932
v -0.35749441 0.02035999 -6.66637182
v -0.35631663 0.02015352 -6.66740227
v -0.38204008 0.00495264 -6.64853382
v -0.45611626 -0.03977370 -6.63696861
v -0.43829590 -0.03519213 -6.62872934
v -0.44897324 -0.03573722 -6.61497498
v -0.45437449 -0.03710321 -6.61082029
v -0.44344813 -0.03230965 -6.60964012
v -0.43773097 -0.03189623 -6.61826944
v -0.03174764 -0.05622485 -6.90734720
v 0.37195149 0.03699782 -7.31249666
v 0.39224520 0.07241642 -7.29866362
v 0.38428047 0.02686352 -7.30076408
v 0.07479221 -0.11074537 -6.97177124
v 0.50132847 -0.00880885 -7.38999128
v 0.50814682 0.04847485 -7.36867762
v 0.54626060 0.04526633 -7.44797421
v 0.52494311 0.00007746 -7.46099949
v 0.45475462 -0.15766883 -7.49136066
v 0.46332172 -0.11016038 -7.48671484
v 0.42933327 -0.09680307 -7.49280453
v 0.39666164 -0.17546558 -7.38220787
v 0.36647356 -0.15603301 -7.38319588
v 0.45201868 -0.23965836 -7.49939060
v 0.44619587 -0.24302131 -7.46410513
v 0.45120007 -0.21989852 -7.46143436
v 0.45469716 -0.21287078 -7.49457026
v 0.44099185 -0.21118301 -7.42153788
v 0.56601948 0.20287433 -7.43594027
v 0.49072483 0.18662548 -7.32457972
v -0.23422712 0.32917768 -6.50980759
v -0.24353629 0.34964669 -6.50744629
v -0.41824561 -0.00857553 -6.60716724
v -0.43632179 -0.02128258 -6.60044813
v -0.32757062 0.15347742 -6.58424759
v -0.05126536 -0.45390123 -7.02214479
v -0.06890416 -0.45762312 -7.02605867
v -0.02239543 -0.44983876 -7.04273367
v -0.01379299 -0.50383884 -7.07529211
v -0.03038865 -0.43126976 -7.08994293
v -0.02276057 -0.47642255 -7.11985636
v -0.07592821 -0.44534802 -7.09493113
v -0.06783909 -0.49413812 -7.12900782
v -0.09689718 -0.40811980 -7.03554583
v -0.08374918 -0.46171945 -7.04110003
v -0.09178889 -0.46037352 -7.06385851
v -0.02996701 -0.51473457 -7.06076574
v -0.02183169 -0.40595174 -7.04540873
v -0.05721253 -0.21891546 -7.04330444
v 0.01730627 -0.22611880 -7.08762026
v 0.54199582 0.23183432 -7.59196901
v 0.41862172 -0.04848334 -7.32439852
v 0.43813854 0.00546643 -7.31086063
v 0.32137388 -0.46446764 -7.33589077
v 0.30697697 -0.46041858 -7.32909346
v 0.32340568 -0.45612729 -7.34875536
v 0.33473575 -0.45974648 -7.35870314
v 0.35587156 0.36118022 -7.32451487
v 0.39541233 0.36013296 -7.35308599
v 0.41492388 0.32986346 -7.31867075
v -0.09265465 -0.46793818 -7.09043026
v -0.08834499 -0.45016867 -7.08749056
v -0.07796127 -0.49306041 -7.12093067
v -0.08452147 -0.49949586 -7.11643314
v 0.03025615 -0.24800307 -7.00558424
v 0.49365097 -0.05476296 -7.44813395
v 0.47105658 -0.06965882 -7.37599087
v 0.48440504 -0.04736069 -7.49849606
v 0.47163251 -0.10765135 -7.44703293
v 0.45653528 -0.12237066 -7.39336586
v 0.45789754 -0.14830691 -7.46549034
v 0.43678072 -0.27014732 -7.48469400
v 0.41357183 -0.30832523 -7.47561884
v 0.40980428 -0.30110937 -7.49113846
v 0.39136493 -0.34149164 -7.47867441
v 0.39541951 -0.35057729 -7.46292591
v 0.36421186 -0.44052714 -7.43974638
v 0.34772617 -0.43277746 -7.46034527
v 0.35007972 -0.45946974 -7.42512274
v 0.43906820 -0.26238078 -7.44836235
v 0.41733453 -0.30018288 -7.44649601
v 0.34925014 -0.46378404 -7.41367579
v 0.34813499 -0.46533936 -7.40574646
v -0.00975686 -0.49290019 -7.11848211
v 0.26507646 -0.45299727 -7.32977438
v 0.28691322 -0.43375325 -7.35941172
v 0.32630402 -0.44837576 -7.35836840
v 0.29992801 -0.46635300 -7.32636356
v 0.28808039 -0.50933999 -7.31507158
v 0.27572346 -0.49940914 -7.30532742
v 0.24235749 -0.44915414 -7.36633301
v 0.26549059 -0.43044496 -7.39099407
v 0.24774855 -0.49705720 -7.31587887
v 0.23865569 -0.48834413 -7.31355810
v 0.26350361 -0.47576189 -7.42389679
v 0.28042799 -0.44994897 -7.43134642
v 0.26503044 -0.45470417 -7.42243147
v 0.25111830 -0.47722000 -7.41720533
v 0.27348030 -0.42735565 -7.41420507
v 0.25897241 -0.43594760 -7.39540958
v 0.23941088 -0.44021016 -7.36896849
v 0.21651834 -0.48620373 -7.34812212
v 0.21294522 -0.48434877 -7.35877323
v -0.27665859 0.05224773 -6.76038933
v -0.26414257 0.05466789 -6.74362040
v -0.24576885 0.05750263 -6.75704336
v -0.25872797 0.05270445 -6.77208328
v -0.25225192 0.05851972 -6.72783184
v -0.24232382 0.06070328 -6.70872402
v -0.22441107 0.07005221 -6.71995497
v -0.23369366 0.06327856 -6.74210358
v -0.29045826 0.19885518 -6.58162975
v -0.30530697 0.22578587 -6.57077074
v -0.28126591 0.23863667 -6.58931351
v -0.26846510 0.21290798 -6.59910679
v -0.33935839 0.27015835 -6.58175278
v -0.36219615 0.27954715 -6.59310722
v -0.34493309 0.31932732 -6.60037041
v -0.32066923 0.29881281 -6.59376955
v -0.23626286 0.06747931 -6.68603945
v -0.21580237 0.08049697 -6.69351292
v -0.43749315 0.12752743 -6.58551216
v -0.41922623 0.12938300 -6.58781719
v -0.43188924 0.10921730 -6.58457136
v -0.44974953 0.10526994 -6.58173609
v -0.38196927 0.11198191 -6.59358168
v -0.39684683 0.10621166 -6.59136581
v -0.38587767 0.12913167 -6.59281492
v -0.37431270 0.13512579 -6.59236622
v -0.45644981 0.11736512 -6.58435059
v -0.44843262 0.13421987 -6.58737659
v -0.37223965 0.09811775 -6.59746313
v -0.42543012 -0.02206403 -6.62224817
v -0.42765802 -0.02550918 -6.62241220
v -0.46510237 -0.03220695 -6.62050200
v -0.44826132 -0.03010789 -6.61500120
v -0.44422501 -0.03318405 -6.62033272
v -0.46222931 -0.03563976 -6.62338018
v -0.43086725 -0.02880749 -6.63281393
v -0.43977028 -0.02993631 -6.63931847
v -0.42462736 -0.02354467 -6.62701511
v -0.44284433 -0.02902228 -6.62230062
v -0.45437461 -0.02905151 -6.62623072
v -0.42777067 -0.02513325 -6.62409019
v -0.40255219 -0.01054534 -6.63767862
v -0.32645637 0.03338826 -6.67339087
v -0.34171516 0.02417696 -6.67313004
v -0.48139888 -0.03328308 -6.63727617
v -0.40464467 -0.01761299 -6.63726997
v -0.42169863 -0.02574050 -6.62562418
v -0.42295128 -0.02693707 -6.62549162
v -0.40683073 -0.01917386 -6.63582897
v -0.35081321 0.02405775 -6.66491604
v -0.33609277 0.03297353 -6.67008448
v -0.34338361 0.02550769 -6.67308950
v -0.47082621 -0.04012811 -6.62886429
v -0.47088820 -0.03981405 -6.62974405
v -0.45646030 -0.03889227 -6.62254047
v -0.39141327 -0.00984091 -6.64595127
v -0.38990098 -0.00766629 -6.64832926
v -0.36643142 0.01050499 -6.65877724
v -0.36899024 0.00847206 -6.66157770
v -0.44517642 -0.03576368 -6.61877966
v -0.43632132 -0.03282315 -6.62081909
v -0.43510348 -0.03227481 -6.62121439
v -0.44642717 -0.03652662 -6.61885834
v -0.47671384 -0.03882116 -6.62818766
v -0.46158129 -0.03837633 -6.62344408
v -0.39210469 -0.00700364 -6.64090538
v -0.36755329 0.01504859 -6.65069342
v -0.32983273 0.03363287 -6.67545271
v -0.33433324 0.03022328 -6.66826916
v -0.34324151 0.02560523 -6.66771793
v -0.40147978 -0.00945136 -6.63756466
v -0.42454726 -0.02266577 -6.62358284
v -0.46149856 -0.03420562 -6.62282133
v -0.45168561 -0.03443548 -6.61207342
v -0.46263057 -0.03530207 -6.61969566
v -0.46881562 -0.03849983 -6.62563515
v -0.45594531 -0.03833252 -6.61868954
v -0.41983753 -0.02390820 -6.62268400
v -0.40226561 -0.01457661 -6.63545609
v -0.40135056 -0.01081669 -6.62792540
v -0.41973668 -0.02120829 -6.61856318
v -0.34477216 0.02891517 -6.66519117
v -0.35263306 0.02092844 -6.66886759
v -0.34373313 0.02442962 -6.67449760
v -0.44090325 -0.03201836 -6.61032009
v -0.44489437 -0.03586128 -6.61648798
v -0.36479956 0.01758379 -6.65628099
v -0.36701518 0.01097000 -6.66142702
v -0.43099362 -0.02822465 -6.61624241
v -0.43280309 -0.03173691 -6.62047577
v -0.34250432 0.02522424 -6.66885757
v -0.05748874 -0.00910908 -6.89136219
v -0.17263621 0.01037973 -6.85729074
v -0.26719731 0.05246395 -6.79444504
v -0.24053520 0.05112982 -6.78053093
v -0.23075491 0.04517350 -6.79250336
v -0.10595828 -0.06580701 -6.95265818
v -0.07430887 -0.06018430 -6.92357159
v -0.13851339 -0.08575094 -7.00389433
v 0.14251083 0.14250523 -6.97585440
v -0.03646469 -0.50426459 -7.13968134
v -0.04012543 -0.53272396 -7.14438391
v -0.02442801 -0.40164202 -7.05827427
v -0.02077103 -0.44246042 -7.08088970
v 0.44870591 -0.18653077 -7.50473881
v 0.35359061 -0.18335479 -7.43470621
v 0.35901725 -0.19166142 -7.47193718
v 0.38555381 -0.20496041 -7.50012445
v 0.39691117 -0.28744203 -7.49623299
v 0.58839905 0.25442237 -7.68571091
v 0.71617848 0.09606126 -7.83544922
v 0.66223860 -0.02902830 -7.82341242
v -0.29753786 0.16224468 -6.59134960
v -0.28740579 0.13285644 -6.60850334
v -0.31283838 0.18218990 -6.57606936
v -0.47260541 -0.03755182 -6.61394119
v -0.37106878 0.02481139 -6.63415384
v -0.39313275 0.00097716 -6.62806082
v -0.39667398 0.01812577 -6.61085796
v -0.37348062 0.04087180 -6.61913967
v -0.45808893 -0.03466558 -6.60494518
v -0.44883257 -0.03129598 -6.60350323
v -0.42292279 0.14740290 -6.58732319
v -0.41992778 0.16734377 -6.58725023
v -0.43735427 0.15140355 -6.58926821
v -0.43151814 0.16984765 -6.59145737
v -0.41105562 0.20391153 -6.58654213
v -0.39883763 0.22699805 -6.58407450
v -0.38226610 0.22465989 -6.57142258
v -0.38110334 0.25001073 -6.58465672
v -0.36205453 0.24301608 -6.57144165
v -0.36994678 0.21999738 -6.56191349
v -0.32352501 0.21193297 -6.56059456
v -0.39496619 0.08492973 -6.59366322
v -0.41055804 0.08622593 -6.58835697
v -0.46140963 0.08614972 -6.57659149
v -0.46788174 0.09670936 -6.57988930
v -0.48188096 0.09197018 -6.58150291
v -0.47241145 0.11176728 -6.58736038
v -0.47156650 -0.00056699 -6.57657433
v -0.48115402 -0.00719994 -6.58115292
v -0.40313882 0.17964338 -6.58286715
v -0.39389068 0.17774838 -6.58193731
v -0.45952874 0.13168280 -6.59102821
v -0.44985706 0.14679158 -6.59286976
v -0.41217071 0.18535201 -6.58519650
v -0.42262644 0.18425356 -6.59022188
v -0.43489271 0.18153507 -6.59657383
v -0.37094373 0.18641405 -6.57668495
v -0.37120014 0.18103974 -6.58099556
v -0.37914544 0.18040416 -6.57901001
v -0.37451917 0.18731560 -6.57401562
v -0.37658769 0.14839871 -6.59169102
v -0.36780196 0.15178049 -6.58968401
v -0.37431985 0.19121228 -6.56982708
v -0.36828870 0.19141260 -6.57001877
v -0.38169557 0.18618843 -6.57520485
v -0.34168679 0.17011617 -6.57777643
v -0.33776218 0.17698769 -6.57484150
v -0.33805841 0.17705616 -6.57456017
v -0.37759596 0.17421676 -6.58348036
v -0.38523012 0.17112416 -6.58440590
v -0.38771063 0.17863533 -6.58073711
v -0.36442322 0.19286458 -6.56673336
v -0.45703679 0.07169545 -6.57388830
v -0.46972781 0.07017741 -6.57226610
v -0.44466788 0.08983569 -6.57929945
v -0.41632408 0.06752005 -6.58700085
v -0.42845553 0.07287270 -6.58194065
v -0.41918832 0.08801356 -6.58571005
v -0.47957927 0.07473573 -6.57474661
v -0.38695830 0.00205958 -6.64254189
v -0.38778955 -0.00391966 -6.64797020
v -0.51619917 0.01979935 -6.57735157
v -0.51174134 0.03589389 -6.57387638
v -0.49447304 0.07362872 -6.57820177
v -0.50627476 0.05502343 -6.57587099
v -0.38248724 0.28184366 -6.60153580
v -0.36693960 0.32401615 -6.60181141
v -0.44413823 0.16378877 -6.59661627
v -0.39761049 0.24924810 -6.59493303
v -0.35821038 0.16085342 -6.58505154
v -0.35179430 0.16292988 -6.58240128
v -0.35558754 0.15535527 -6.58609533
v -0.36146098 0.15484475 -6.58753681
v -0.46472150 -0.03185764 -6.60087013
v -0.30047256 0.26827723 -6.58550787
v -0.32245797 0.24412391 -6.56897449
v -0.44153589 -0.01102108 -6.59139824
v -0.45317489 -0.02475768 -6.59552813
v -0.45506769 -0.01023459 -6.58557701
v -0.44200486 0.00265643 -6.58560276
v -0.42603880 0.00362977 -6.59338236
v -0.41063505 0.02863908 -6.59711027
v -0.43250364 0.02058756 -6.58495331
v -0.41836232 0.04444700 -6.58853197
v -0.46954590 -0.01188827 -6.58285713
v -0.46206099 -0.00154832 -6.57733011
v -0.46709698 -0.02289596 -6.59149170
v -0.25255066 0.39011282 -6.50421429
v -0.35550338 0.21688080 -6.55695772
v -0.34097415 0.23170239 -6.56052828
v -0.34081537 0.18836057 -6.56870699
v -0.33835119 0.18450941 -6.57061195
v -0.34647280 0.16637263 -6.57987309
v -0.36403471 0.15985832 -6.58686256
v -0.36915845 0.16010760 -6.58812904
v -0.35451466 0.19145273 -6.56642818
v -0.37110502 0.17573604 -6.58420229
v -0.37254435 0.17132586 -6.58639145
v -0.38047630 0.16682789 -6.58729935
v -0.36810476 0.19256371 -6.57291222
v -0.33618790 0.17711309 -6.57598066
v -0.35393661 0.16887499 -6.58234215
v -0.35498935 0.16634859 -6.58195591
v -0.34331781 0.18119743 -6.57197618
v -0.35067838 0.18545704 -6.57050753
v -0.36853439 0.18858121 -6.57439566
v -0.36501223 0.19301204 -6.57113028
v -0.36950475 0.17857487 -6.58171606
v -0.36762291 0.17516446 -6.58283806
v -0.36157721 0.16967678 -6.58333921
v -0.35883194 0.17049608 -6.58209801
v -0.35583693 0.17389388 -6.57940531
v -0.34364539 0.17380498 -6.57692480
v -0.34810406 0.17030720 -6.58008289
v -0.34775180 0.17465307 -6.57707882
v -0.33980781 0.17550890 -6.57576323
v -0.33847362 0.17889874 -6.57445765
v -0.36339408 0.17192934 -6.58276844
v -0.36586708 0.16842347 -6.58652306
v -0.36690313 0.18187642 -6.57880306
v -0.36144096 0.19419007 -6.56876850
v -0.35979396 0.19014122 -6.57056904
v -0.23826736 0.24722683 -6.62687254
v -0.25233823 0.26726732 -6.61531353
v -0.26437014 0.27189067 -6.60680199
v -0.25845367 0.25317776 -6.61073446
v -0.24458319 0.22147945 -6.62199736
v -0.23503107 0.21300912 -6.62782621
v -0.23451501 0.22675994 -6.62893248
v 0.27453262 -0.43885446 -7.42222500
v 0.28966230 -0.42356586 -7.44103003
v 0.77896160 -0.11004716 -7.91737127
v 0.77614856 -0.11610657 -7.90988970
v 0.76638985 -0.12403727 -7.90827036
v -0.41516143 0.11428885 -6.58791447
v -0.42837149 0.09191027 -6.58326578
v -0.46834999 0.05962431 -6.56916857
v -0.44326514 0.07222551 -6.57707262
v -0.48443800 -0.03730416 -6.62487507
v 0.33930427 -0.28945339 -7.45480871
v 0.36146766 -0.28910154 -7.48070908
v 0.31485248 -0.43241948 -7.45718670
v 0.37839434 -0.39980656 -7.45350647
v 0.36998031 -0.38365775 -7.47103214
v -0.06896269 -0.54638833 -7.06439257
v -0.07573265 -0.54147327 -7.06693888
v -0.05855149 -0.52018839 -7.14243221
v -0.01678562 -0.51584810 -7.07259560
v -0.01251918 -0.53498560 -7.07891750
v -0.08349192 -0.53161085 -7.07481909
v -0.08802837 -0.52373338 -7.08532572
v 0.25603837 -0.49305302 -7.30571604
v 0.22091883 -0.48377126 -7.32757664
v 0.29909092 -0.50351089 -7.31461191
v -0.28590113 0.36429000 -6.63056278
v -0.09605992 -0.42249876 -7.05849361
v -0.09078139 -0.52006727 -7.10018206
v -0.08687067 -0.50817424 -7.11407804
v -0.09371078 -0.46863866 -7.08278418
v -0.19187075 0.22861229 -6.66114521
v -0.25219232 0.36491901 -6.64833260
v -0.18374044 0.10066500 -6.72398949
v -0.18676108 0.12934862 -6.69658709
v -0.15781599 0.13546669 -6.71715546
v -0.15765816 0.10011074 -6.74427032
v -0.22684902 0.05545723 -6.77026415
v -0.21254259 0.05310887 -6.77942896
v -0.21679705 0.06403717 -6.75577068
v -0.20832509 0.07711992 -6.73531008
v -0.19194120 0.08058077 -6.75020170
v -0.20652419 0.06598645 -6.76726723
v -0.19887620 0.11206752 -6.68080139
v -0.20640975 0.13547882 -6.65903807
v -0.19487590 0.15913841 -6.67212772
v -0.20167428 0.09196867 -6.70705223
v -0.20670217 0.18472514 -6.65158081
v -0.18865722 0.03659552 -6.80072021
v -0.21087939 0.02766880 -6.81282806
v -0.15724427 0.07705498 -6.76652431
v -0.17788714 0.05900437 -6.78000736
v -0.16934305 0.17761429 -6.68719912
v 0.34259355 -0.08475572 -7.42005825
v 0.37260428 -0.09538075 -7.47175980
v -0.38902944 0.16004948 -6.58908176
v -0.33839983 0.17847760 -6.57371044
v -0.37054068 0.16330631 -6.58770704
v -0.39629346 0.12627120 -6.59151268
v -0.38390023 0.14249215 -6.59223938
v -0.41056210 0.10279863 -6.58828592
v -0.44292599 0.05491766 -6.57482529
v -0.45787007 0.05508238 -6.56898737
v -0.03348845 -0.45668179 -7.03212309
v -0.48155290 -0.01839286 -6.58947849
v -0.49366015 -0.02026665 -6.59823561
v -0.20061392 0.01233134 -6.88936377
v -0.48296672 0.03564894 -6.56431103
v -0.38784307 0.05908415 -6.60244751
v -0.50680858 0.07025564 -6.58450842
v -0.39836973 0.01737645 -6.68956757
v -0.49034590 -0.03214231 -6.61277246
v -0.48226315 -0.03630751 -6.63612270
v -0.47442323 0.03444275 -6.56458807
v -0.47213691 0.03113249 -6.56493044
v -0.43019849 0.05416977 -6.58124161
v -0.47794014 0.04542333 -6.56504965
v -0.40396672 0.06362301 -6.59348154
v -0.45026284 0.01152676 -6.57672167
v -0.44161659 0.03475857 -6.57595873
v -0.47935599 -0.02937198 -6.60109758
v -0.34835535 0.16784140 -6.57971954
v -0.38287216 0.15906829 -6.59020090
v -0.39125973 0.15078452 -6.59099579
v -0.37706929 0.15445986 -6.59110069
v -0.38605243 0.14705099 -6.59183598
v -0.37673265 0.15958847 -6.58967972
v -0.40160292 0.13684292 -6.59058857
v -0.48143464 -0.03541476 -6.63647795
v -0.01172334 -0.59575337 -7.06888103
v -0.02109414 -0.60470778 -7.06364107
v -0.07171375 -0.57574135 -7.05877542
v -0.06978542 -0.58618015 -7.05929565
v -0.03812927 -0.56938761 -7.05885363
v -0.03184795 -0.57956827 -7.06051826
v -0.09426397 -0.57039922 -7.07651758
v -0.09342742 -0.58016330 -7.07526922
v -0.08029795 -0.62401944 -7.06377268
v -0.08927149 -0.61834651 -7.06746483
v -0.05323887 -0.56637865 -7.05843496
v -0.04243350 -0.56277913 -7.06055880
v 0.22738105 -0.48450923 -7.39693880
v 0.23931092 -0.47998393 -7.40845490
v 0.27814549 -0.47299874 -7.42816639
v 0.29710537 -0.44780427 -7.44167519
v -0.08640099 -0.53425050 -7.12504911
v -0.09472346 -0.55183131 -7.12191725
v 0.33710867 -0.49275398 -7.38732290
v 0.33604169 -0.49874735 -7.37889099
v 0.32024783 -0.48275363 -7.41757298
v 0.32683724 -0.48304230 -7.41352797
v 0.33484793 -0.48455799 -7.40493441
v 0.33723032 -0.48554862 -7.39963961
v 0.33986717 -0.45754534 -7.44128084
v 0.45697263 -0.15595245 -7.42190361
v 0.40666464 0.11631146 -7.28753519
v 0.43444261 0.28360695 -7.29598522
v 0.43284950 -0.18599349 -7.40162897
v 0.45365891 -0.18825203 -7.47200966
v 0.45205244 -0.19570780 -7.43464756
v -0.37393993 0.16685246 -6.58797884
v -0.37014383 0.16742150 -6.58782101
v -0.21333772 0.34222746 -6.49515724
v -0.04551524 -0.64098382 -7.06600237
v -0.05732214 -0.64409930 -7.06824160
v -0.10479689 -0.62309730 -7.10907078
v -0.10782403 -0.61223334 -7.11632061
v -0.00851291 -0.61481309 -7.07598782
v -0.01719427 -0.62145680 -7.07109165
v -0.08177382 -0.64177066 -7.07446337
v -0.09332389 -0.63903230 -7.08241415
v 0.21499527 -0.48344338 -7.37852812
v 0.31204122 -0.51138777 -7.32457733
v -0.46746212 0.04200682 -6.56477022
v -0.21772391 0.35075378 -6.48383522
v -0.22521323 0.34023362 -6.48984003
v -0.22859293 0.33149457 -6.49983549
v -0.51747447 0.04829580 -6.58204031
v -0.03136718 -0.56449425 -7.06365585
v -0.02894026 -0.55917263 -7.06457949
v -0.06642705 -0.56915146 -7.06194735
v -0.06260127 -0.56462795 -7.06115341
v -0.07504177 -0.52566820 -7.06586266
v -0.08143234 -0.54412544 -7.07066441
v -0.08646864 -0.54204148 -7.07466793
v -0.03894478 -0.52380025 -7.05905581
v -0.02937126 -0.54278481 -7.06646919
v -0.03324914 -0.54798025 -7.06584311
v -0.01087302 -0.57049400 -7.07127857
v -0.01142561 -0.55378813 -7.07536650
v -0.04935604 -0.53059173 -7.05902052
v -0.06245977 -0.51966918 -7.05817604
v -0.05684030 -0.54209942 -7.05971861
v -0.06425983 -0.54361206 -7.06172800
v -0.08128041 -0.55187309 -7.13919115
v -0.09045917 -0.56915379 -7.13817835
v -0.10226685 -0.57706004 -7.12258768
v -0.09679544 -0.58864635 -7.13760233
v -0.08827382 -0.56938988 -7.07281017
v -0.08931082 -0.56394440 -7.07519341
v -0.10764009 -0.59043032 -7.10932970
v -0.10442114 -0.60084778 -7.12699461
v -0.10225880 -0.56506461 -7.10220432
v -0.10596681 -0.58036751 -7.09924746
v -0.05879343 -0.53943264 -7.14720154
v -0.09375352 -0.53540307 -7.09409666
v -0.08625013 -0.57951510 -7.14346981
v -0.09466499 -0.59790140 -7.13954258
v -0.00662816 -0.55307323 -7.12501955
v -0.00289720 -0.55634624 -7.11948013
v -0.06825376 -0.55626160 -7.14664364
v -0.06823945 -0.54382604 -7.14565468
v -0.07898968 -0.56501263 -7.14525986
v 0.00284660 -0.60547453 -7.10148764
v 0.00312573 -0.60455352 -7.09742594
v 0.00440246 -0.59837234 -7.10189056
v 0.00301671 -0.60116237 -7.10653973
v -0.08866817 -0.63478750 -7.10244513
v -0.08916706 -0.64002979 -7.09282923
v -0.07389206 -0.64260632 -7.08427191
v -0.06746703 -0.63942736 -7.08885860
v -0.08443230 -0.64278275 -7.08612680
v -0.07831901 -0.64332378 -7.08238316
v -0.05783612 -0.64406949 -7.07696056
v -0.05986571 -0.64149410 -7.08399200
v -0.02877551 -0.63038462 -7.08746195
v -0.03498709 -0.63632911 -7.07929659
v -0.04285067 -0.64120561 -7.07551384
v -0.05176008 -0.64381379 -7.07481480
v -0.00521725 -0.61765110 -7.08433247
v -0.01444209 -0.62533408 -7.07870531
v -0.04608911 -0.55089474 -7.14591551
v -0.03068250 -0.54907948 -7.14022779
v -0.05926955 -0.55067831 -7.14754438
v -0.01697999 -0.54969823 -7.13115168
v -0.10357213 -0.61938196 -7.12006474
v -0.10050786 -0.62568372 -7.11174965
v 0.00054973 -0.56853300 -7.11667299
v 0.00457382 -0.58867782 -7.10977316
v -0.00380880 -0.61676055 -7.09178400
v 0.00060582 -0.60950404 -7.09139442
v 0.00066417 -0.61061591 -7.09646988
v -0.10243475 -0.61098462 -7.12862825
v -0.04410994 -0.56808770 -7.13927364
v -0.04430181 -0.56138599 -7.14170170
v -0.05486053 -0.56190580 -7.14485979
v -0.05386847 -0.56804794 -7.14376354
v -0.06208444 -0.56785959 -7.14604473
v -0.06841224 -0.56522137 -7.14515924
v -0.07029575 -0.57159728 -7.14537048
v -0.07691163 -0.57172376 -7.14439392
v -0.07486755 -0.57722515 -7.14526176
v -0.07954973 -0.58008295 -7.14479303
v -0.07302970 -0.58459932 -7.14512253
v -0.08261412 -0.59093529 -7.14244890
v -0.07235736 -0.59140396 -7.14101505
v -0.07594317 -0.59822553 -7.13789749
v -0.06569660 -0.59797311 -7.13712025
v -0.07063109 -0.60312319 -7.13226223
v -0.06439960 -0.61055660 -7.12917852
v -0.07074404 -0.61483783 -7.12402868
v -0.06298083 -0.61819899 -7.11927557
v -0.06864643 -0.62294775 -7.11392927
v -0.06214541 -0.62353581 -7.11033583
v -0.05581045 -0.61902845 -7.11565971
v -0.04683447 -0.62503368 -7.10462046
v -0.04132509 -0.61933023 -7.11127234
v -0.04776460 -0.61863256 -7.11398649
v -0.05497670 -0.62439340 -7.10716200
v -0.02714378 -0.61412185 -7.11291695
v -0.03450674 -0.61592489 -7.11363268
v -0.03529280 -0.62091988 -7.10612345
v -0.02249593 -0.61497754 -7.10934210
v -0.01926714 -0.60635096 -7.11740589
v -0.01451713 -0.60709566 -7.11505890
v -0.01089084 -0.60208040 -7.11899853
v -0.00752586 -0.60327595 -7.11630583
v -0.00460696 -0.59587783 -7.11927414
v -0.00062209 -0.59535736 -7.11601114
v -0.00202990 -0.58864993 -7.11886644
v 0.00091839 -0.58415902 -7.11716509
v -0.00369096 -0.58015341 -7.12036705
v -0.00195634 -0.57480109 -7.11973000
v -0.00736862 -0.57312399 -7.12262106
v -0.00590318 -0.56558913 -7.12236261
v -0.01372051 -0.57002038 -7.12600422
v -0.01449960 -0.56224799 -7.12766552
v -0.02372962 -0.55970401 -7.13217974
v -0.02503812 -0.56841874 -7.13001060
v -0.03499281 -0.56071323 -7.13707972
v -0.03468192 -0.56703836 -7.13489723
v -0.00370646 -0.60637742 -7.11251402
v 0.00046349 -0.60457128 -7.10983944
v 0.00088733 -0.60048187 -7.11135912
v -0.00518984 -0.60464114 -7.11388779
v -0.00870228 -0.60999113 -7.11157417
v -0.01211822 -0.61038256 -7.11200237
v -0.01314807 -0.61594027 -7.10733938
v -0.01816213 -0.61837083 -7.10406113
v -0.01465267 -0.62064737 -7.10052395
v -0.01934743 -0.62485307 -7.09340000
v -0.01194602 -0.62197536 -7.09581423
v -0.01221353 -0.62409449 -7.08866644
v -0.00689358 -0.61927897 -7.09564018
v -0.00184762 -0.61432886 -7.09804726
v 0.00082111 -0.60970944 -7.10187531
v 0.00156611 -0.60609561 -7.10598898
v -0.04293931 -0.62969261 -7.09689093
v -0.03895211 -0.62953430 -7.09567165
v -0.03715760 -0.62639707 -7.09867668
v -0.04342443 -0.62731075 -7.09983969
v -0.04847324 -0.63302118 -7.09439182
v -0.05012637 -0.63145649 -7.09634495
v -0.05402726 -0.63761365 -7.08908415
v -0.05109179 -0.63689250 -7.08970499
v -0.05189157 -0.63969463 -7.08557606
v -0.05380303 -0.64209992 -7.08130455
v -0.04975986 -0.64077145 -7.08246708
v -0.04864120 -0.64164025 -7.07898521
v -0.04598653 -0.63979739 -7.08209419
v -0.04438382 -0.63984579 -7.07992220
v -0.04125851 -0.63719767 -7.08424759
v -0.03993088 -0.63773125 -7.08117485
v -0.03599054 -0.63352019 -7.08697796
v -0.03870434 -0.63377655 -7.08874512
v -0.03757054 -0.63131595 -7.09237480
v -0.03434747 -0.62903839 -7.09374046
v -0.07769537 -0.63070029 -7.10748386
v -0.07273930 -0.63013881 -7.10604382
v -0.07314533 -0.62750793 -7.10959101
v -0.07907802 -0.62598372 -7.11297989
v -0.08264971 -0.63392836 -7.10445833
v -0.08528614 -0.63847530 -7.09772682
v -0.08356917 -0.64149684 -7.09142303
v -0.07872349 -0.64258420 -7.08729696
v -0.07439834 -0.64087152 -7.08948469
v -0.06903446 -0.63497967 -7.09661579
v -0.07132751 -0.63808757 -7.09254217
v -0.06411403 -0.63083416 -7.10047531
v -0.06943315 -0.63143581 -7.10218859
v -0.06805426 -0.62771899 -7.10693884
v -0.08792710 -0.60721177 -7.13803291
v -0.08280295 -0.60402870 -7.13761616
v -0.08284563 -0.60180837 -7.13955116
v -0.09182084 -0.60521156 -7.13776541
v -0.09322768 -0.61255634 -7.13269234
v -0.09801114 -0.61436135 -7.12838650
v -0.09477693 -0.61810768 -7.12601948
v -0.09828651 -0.62107891 -7.12060070
v -0.09316760 -0.62166101 -7.12146854
v -0.09551328 -0.62511635 -7.11544037
v -0.08077031 -0.61634916 -7.12583399
v -0.08515608 -0.62081695 -7.12155008
v -0.08323115 -0.62155539 -7.11969566
v -0.07809615 -0.61633700 -7.12466002
v -0.07879150 -0.61008716 -7.13051224
v -0.07581812 -0.60760909 -7.13265610
v -0.07969743 -0.60386878 -7.13406992
v -0.07922882 -0.60233176 -7.13617992
v -0.07649809 -0.63289779 -7.10422993
v -0.07328045 -0.63285989 -7.10242605
v -0.07969958 -0.63454670 -7.10309982
v -0.08177382 -0.63713300 -7.09969044
v -0.08160299 -0.63953328 -7.09540892
v -0.07858527 -0.64066178 -7.09200478
v -0.07582068 -0.63957030 -7.09297323
v -0.07207835 -0.63627905 -7.09647655
v -0.07385999 -0.63844889 -7.09377623
v -0.07190448 -0.63429672 -7.09966707
v -0.08572912 -0.60942942 -7.13650513
v -0.08256686 -0.60769850 -7.13548326
v -0.08930629 -0.61256665 -7.13375235
v -0.09116477 -0.61603707 -7.12950706
v -0.09071231 -0.61849743 -7.12607813
v -0.08960629 -0.62278831 -7.11945009
v -0.08863169 -0.61962312 -7.12415695
v -0.08590502 -0.61903471 -7.12463379
v -0.08297706 -0.61633950 -7.12700462
v -0.08106029 -0.61177200 -7.12968397
v -0.08071828 -0.60835117 -7.13274479
v -0.04289395 -0.63178033 -7.09464169
v -0.04079324 -0.63188773 -7.09343243
v -0.04615772 -0.63328111 -7.09374666
v -0.04872751 -0.63574749 -7.09102869
v -0.04963130 -0.63777763 -7.08812332
v -0.04889733 -0.63890523 -7.08592987
v -0.04674608 -0.63874286 -7.08501720
v -0.04378504 -0.63734013 -7.08595800
v -0.04128671 -0.63507879 -7.08840942
v -0.04040092 -0.63315350 -7.09116936
v -0.00377202 -0.60933727 -7.11006975
v -0.00160980 -0.60896337 -7.10827017
v -0.00671655 -0.61121917 -7.11010742
v -0.00982207 -0.61489981 -7.10789108
v -0.01130831 -0.61781710 -7.10406733
v -0.01052624 -0.61932462 -7.10066319
v -0.00783962 -0.61859459 -7.09948301
v -0.00469148 -0.61618137 -7.10053730
v -0.00209540 -0.61301887 -7.10293102
v -0.00097495 -0.61047024 -7.10594559
v -0.07653856 -0.63685298 -7.09829998
v -0.04499948 -0.63543326 -7.09027958
v -0.08542228 -0.61461240 -7.13115835
v -0.00605476 -0.61470228 -7.10554123
v -0.07141662 -0.53807819 -7.14324808
v -0.07709473 -0.53535551 -7.13738871
v -0.06752962 -0.54093438 -7.14543915
v -0.06532496 -0.54019517 -7.14667130
v -0.06316048 -0.53352046 -7.14510822
v -0.06475115 -0.52657562 -7.14195728
v -0.06586128 -0.51673943 -7.13801193
v -0.06729275 -0.52214605 -7.14041376
v -0.06967044 -0.51188242 -7.13609505
v -0.07537544 -0.51575738 -7.13380623
v -0.06973070 -0.52529603 -7.14113569
v -0.07232058 -0.53117675 -7.14037228
v -0.07612699 -0.52781600 -7.13518429
v -0.06431526 -0.53606576 -7.14573956
v -0.06499958 -0.53834683 -7.14599419
v -0.06474370 -0.53234494 -7.14440632
v -0.06607848 -0.52862960 -7.14369106
v -0.06710792 -0.53074527 -7.14478159
v -0.06972039 -0.53351402 -7.14277029
v -0.06889039 -0.53666598 -7.14431715
v -0.06703317 -0.53609252 -7.14472628
v -0.06635672 -0.53949767 -7.14616251
v 0.00492626 -0.58888644 -7.09904146
v -0.02818936 -0.62342495 -7.09920502
v -0.05672807 -0.63326293 -7.09555340
v -0.09020871 -0.62726140 -7.11249352
v 0.29197961 -0.48766208 -7.41932154
v 0.29513961 -0.48226714 -7.42332554
v 0.28366292 -0.48084271 -7.42460012
v 0.28230160 -0.48584956 -7.42175102
v 0.27507597 -0.48385531 -7.42331648
v 0.27257377 -0.47982502 -7.42491531
v 0.26763386 -0.48430485 -7.42253113
v 0.26431936 -0.48188967 -7.42297840
v 0.26072770 -0.48652357 -7.41972256
v 0.25635660 -0.48358619 -7.41942549
v 0.25509578 -0.49097896 -7.41565323
v 0.24644929 -0.48843670 -7.41217899
v 0.25258428 -0.49542135 -7.40910816
v 0.24723697 -0.49573117 -7.40492582
v 0.25408071 -0.49931604 -7.40128851
v 0.24942237 -0.49669582 -7.39690781
v 0.25559568 -0.50318247 -7.38926649
v 0.24960512 -0.50014627 -7.38341284
v 0.25723910 -0.50533211 -7.37681198
v 0.25228673 -0.50286132 -7.37140703
v 0.25863713 -0.50453526 -7.36648321
v 0.26547605 -0.50779569 -7.37265396
v 0.27422333 -0.50972378 -7.36032820
v 0.27989513 -0.51207811 -7.36778975
v 0.27233416 -0.50857204 -7.36804867
v 0.26663727 -0.50598389 -7.36288691
v 0.29814148 -0.51485634 -7.36935759
v 0.28887337 -0.51452780 -7.36811209
v 0.28533489 -0.51352012 -7.35935450
v 0.30045819 -0.51543498 -7.36129570
v 0.30879837 -0.51363665 -7.37384510
v 0.31352961 -0.51344812 -7.37002802
v 0.31796372 -0.51389045 -7.37605143
v 0.32392174 -0.51175559 -7.37189627
v 0.32530767 -0.51047128 -7.37945461
v 0.33064193 -0.50551581 -7.37801409
v 0.32885975 -0.50461972 -7.38514280
v 0.33318955 -0.49974543 -7.38551188
v 0.32902271 -0.49801093 -7.39204073
v 0.33327037 -0.49345767 -7.39325142
v 0.32713193 -0.49518400 -7.39896345
v 0.33169359 -0.48990190 -7.40088415
v 0.32259232 -0.49234539 -7.40483284
v 0.32453376 -0.48758048 -7.40877247
v 0.31526446 -0.48741966 -7.41245127
v 0.31172115 -0.49176604 -7.40899277
v 0.30617160 -0.48556536 -7.41773748
v 0.30058897 -0.49069428 -7.41415215
v 0.31865376 -0.51723707 -7.36098719
v 0.32192546 -0.51750475 -7.35809040
v 0.32444125 -0.51522648 -7.36306000
v 0.31806159 -0.51634628 -7.36451387
v 0.31347829 -0.51527458 -7.36075163
v 0.30983490 -0.51471651 -7.36117649
v 0.30685920 -0.51680326 -7.35278559
v 0.29977161 -0.51415545 -7.34832096
v 0.30146521 -0.51987696 -7.33923864
v 0.29582900 -0.51673150 -7.33051395
v 0.30271381 -0.51964641 -7.33129644
v 0.30161631 -0.51524055 -7.32305956
v 0.30803734 -0.51960915 -7.33151102
v 0.31046373 -0.51681536 -7.32879782
v 0.31409115 -0.51994789 -7.33655930
v 0.31713158 -0.51637059 -7.33473635
v 0.31999934 -0.51868367 -7.34460592
v 0.32374495 -0.51474297 -7.34587431
v 0.32299143 -0.51674616 -7.35284138
v 0.32677394 -0.51345015 -7.35631800
v 0.27432555 -0.51016897 -7.34569550
v 0.27946067 -0.51151693 -7.34453392
v 0.28062755 -0.51215792 -7.34984684
v 0.27474725 -0.51040077 -7.35178757
v 0.26726294 -0.50884271 -7.34249020
v 0.26589710 -0.50829959 -7.34943533
v 0.25912541 -0.50519931 -7.33690643
v 0.26200420 -0.50662047 -7.33219004
v 0.25908637 -0.50494981 -7.31831074
v 0.26052207 -0.50587326 -7.32492256
v 0.25612777 -0.50301635 -7.32375336
v 0.25667697 -0.50207168 -7.31361580
v 0.26567656 -0.50436437 -7.30993557
v 0.26445442 -0.50637937 -7.31569481
v 0.27285463 -0.50987297 -7.31888580
v 0.27656174 -0.50832397 -7.31473875
v 0.28500909 -0.51357228 -7.32938242
v 0.27840823 -0.51180369 -7.32882071
v 0.28184587 -0.51102751 -7.33873034
v 0.28811640 -0.51347709 -7.34736300
v 0.23667139 -0.49962556 -7.35771370
v 0.24372530 -0.50089908 -7.35833931
v 0.24369353 -0.50118148 -7.36716127
v 0.23291790 -0.49811548 -7.36293221
v 0.22471696 -0.49507529 -7.35024691
v 0.22981352 -0.49786043 -7.35053778
v 0.22621053 -0.49608612 -7.34096241
v 0.22233295 -0.49243522 -7.33718634
v 0.22708482 -0.49517596 -7.33258104
v 0.22593099 -0.49198115 -7.32823753
v 0.23201269 -0.49550825 -7.32623625
v 0.23100054 -0.49226314 -7.32167912
v 0.23841846 -0.49606359 -7.32171106
v 0.23839366 -0.49883914 -7.32885695
v 0.24792427 -0.50170398 -7.34270477
v 0.24335843 -0.50078088 -7.33445740
v 0.24749261 -0.50085402 -7.33049917
v 0.25510818 -0.50469214 -7.34928274
v 0.24848622 -0.50198966 -7.35287380
v 0.25054878 -0.50304651 -7.36080885
v 0.23300886 -0.49361157 -7.39787865
v 0.23890787 -0.49456412 -7.39966679
v 0.24007857 -0.49394172 -7.40333223
v 0.23385495 -0.48946321 -7.40257645
v 0.22042447 -0.49496466 -7.38168478
v 0.22516102 -0.49531090 -7.38929844
v 0.22260010 -0.49139220 -7.38979959
v 0.21736306 -0.49192667 -7.37776089
v 0.21582168 -0.49247360 -7.36637354
v 0.22009635 -0.49621767 -7.37466621
v 0.23633069 -0.49764842 -7.38196468
v 0.22947818 -0.49756569 -7.37521410
v 0.23202151 -0.49739075 -7.37304640
v 0.24051696 -0.49793214 -7.38023853
v 0.23999912 -0.49595356 -7.39040279
v 0.24427122 -0.49678367 -7.39257717
v 0.24084365 -0.49414927 -7.39655161
v 0.24335629 -0.49549919 -7.39975929
v 0.23795944 -0.50026679 -7.35232401
v 0.24214000 -0.50097078 -7.35132456
v 0.23296052 -0.49916255 -7.34879923
v 0.22990710 -0.49801093 -7.34301615
v 0.22959596 -0.49731910 -7.33693790
v 0.23277831 -0.49785465 -7.33222437
v 0.23646551 -0.49919599 -7.33335304
v 0.24307901 -0.50075346 -7.34072924
v 0.23963541 -0.50011855 -7.33505440
v 0.24418908 -0.50111663 -7.34654570
v 0.23132068 -0.49482489 -7.39359283
v 0.23610812 -0.49399334 -7.39605570
v 0.22291374 -0.49738884 -7.38259697
v 0.22688532 -0.49665767 -7.38845921
v 0.22374696 -0.49779391 -7.37888956
v 0.22336882 -0.49678022 -7.37163067
v 0.22541529 -0.49803281 -7.37704611
v 0.22897357 -0.49771625 -7.37855577
v 0.23341393 -0.49728793 -7.38255358
v 0.23614639 -0.49591571 -7.38835382
v 0.23749107 -0.49464476 -7.39275026
v 0.27333248 -0.51035959 -7.33914900
v 0.27634782 -0.51067895 -7.33791828
v 0.26805836 -0.50925452 -7.33637285
v 0.26440448 -0.50783825 -7.32973909
v 0.26266938 -0.50703377 -7.32129717
v 0.26344353 -0.50762361 -7.32548714
v 0.26582664 -0.50805968 -7.32067251
v 0.26899976 -0.50906301 -7.32144213
v 0.27347893 -0.51049048 -7.32635164
v 0.27611065 -0.51073968 -7.33288145
v 0.31777245 -0.51762480 -7.35744810
v 0.31934327 -0.51824933 -7.35473537
v 0.31491685 -0.51592392 -7.35824203
v 0.31044966 -0.51743716 -7.35409927
v 0.30627352 -0.52057338 -7.34517431
v 0.30572903 -0.52145064 -7.33881426
v 0.30832237 -0.52129942 -7.33725786
v 0.31225681 -0.52097881 -7.33952713
v 0.31620759 -0.51981175 -7.34456825
v 0.31898218 -0.51809525 -7.35066319
v 0.28365725 -0.48975974 -7.41889238
v 0.29052448 -0.49265730 -7.41499186
v 0.27642184 -0.48777169 -7.42054415
v 0.27076775 -0.48748946 -7.42069817
v 0.26535600 -0.48863584 -7.41890430
v 0.26151222 -0.49115753 -7.41548109
v 0.26029259 -0.49560052 -7.41061544
v 0.26126426 -0.49985254 -7.40391684
v 0.26211447 -0.50287724 -7.39421654
v 0.26424712 -0.50513917 -7.38414288
v 0.27142739 -0.50707692 -7.38116455
v 0.28218025 -0.50983721 -7.37645578
v 0.27523667 -0.50844330 -7.37497044
v 0.29696697 -0.51240450 -7.37644148
v 0.28789407 -0.51162136 -7.37484837
v 0.30507189 -0.51058948 -7.37953472
v 0.31292254 -0.51243740 -7.38036156
v 0.31934828 -0.51066077 -7.38271284
v 0.32355255 -0.50681245 -7.38686752
v 0.32379496 -0.50136757 -7.39179897
v 0.32209498 -0.49903542 -7.39699888
v 0.31799185 -0.49649441 -7.40208912
v 0.30804759 -0.49729568 -7.40336227
v 0.29919004 -0.49472713 -7.40989971
v 0.23646098 -0.50017530 -7.34174919
v 0.26893526 -0.50996965 -7.32809019
v 0.23033637 -0.49622220 -7.38728094
v 0.31311375 -0.52035886 -7.34861088
v 0.28236997 -0.49364185 -7.41551018
v 0.28740174 -0.49639529 -7.41076994
v 0.27769428 -0.49172866 -7.41771460
v 0.27344573 -0.49075824 -7.41808939
v 0.26968491 -0.49122494 -7.41718912
v 0.26738679 -0.49324149 -7.41518641
v 0.26693279 -0.49668604 -7.41186285
v 0.27038133 -0.50024289 -7.40567160
v 0.26919419 -0.50397748 -7.39760494
v 0.26992577 -0.50500447 -7.38958073
v 0.27609211 -0.50609207 -7.38703537
v 0.28354830 -0.50833100 -7.38080215
v 0.27911013 -0.50736660 -7.38166571
v 0.29477829 -0.50962609 -7.38116550
v 0.28786641 -0.50955188 -7.38078737
v 0.30210990 -0.50810742 -7.38541365
v 0.30908114 -0.50948393 -7.38484955
v 0.31441170 -0.50917101 -7.38589144
v 0.31741446 -0.50638926 -7.38824558
v 0.31859750 -0.50353873 -7.39132643
v 0.31792605 -0.50172764 -7.39483118
v 0.31431109 -0.50022596 -7.39818287
v 0.30590105 -0.50104177 -7.39824104
v 0.29627615 -0.49986047 -7.40343142
v 0.28813916 -0.50348568 -7.39408350
v 0.27525258 -0.49547899 -7.41343880
v 0.22385561 -0.49546880 -7.36434746
v 0.34319478 -0.47178543 -7.37683058
v 0.33264804 -0.50611597 -7.36688566
v 0.33709091 -0.48906934 -7.39437103
v 0.33218640 -0.48192137 -7.41091824
v 0.31474596 -0.47740269 -7.42547989
v -0.43952304 -0.00372201 -6.59741020
v -0.33378261 0.05376488 -6.65194988
v -0.35385245 0.03745505 -6.64486074
v -0.44541365 -0.02703446 -6.60490322
v -0.45990640 -0.03199345 -6.61610603
v -0.40668780 0.00871509 -6.61279964
v -0.39221293 0.01499999 -6.62285757
v -0.34208602 0.08684832 -6.65917110
v -0.32829219 0.07548806 -6.65251732
v -0.36736959 0.06141269 -6.64841318
v -0.35739166 0.05521309 -6.63788319
v -0.42564231 0.03105026 -6.60272932
v -0.41249090 0.02621692 -6.60770559
v -0.40314108 0.03365487 -6.61336136
v -0.41287047 0.04203242 -6.61840391
v -0.44782263 0.01908547 -6.61416626
v -0.46452779 0.01873022 -6.63480711
v -0.43679863 0.02354711 -6.60830593
v -0.40645081 0.03805265 -6.62447023
v -0.46604365 0.03800121 -6.56470060
v -0.47536308 0.03857243 -6.56462479
v -0.05204308 -0.57341069 -7.13974380
v -0.05311298 -0.57952785 -7.13665915
v -0.04737854 -0.58301860 -7.13310242
v -0.04504925 -0.57606798 -7.13506889
v -0.06036186 -0.57251275 -7.14250422
v -0.06040192 -0.57705671 -7.13942194
v -0.06632251 -0.57299000 -7.14275122
v -0.06507599 -0.57551581 -7.14021969
v -0.07104880 -0.57674968 -7.14084816
v -0.06552619 -0.57845336 -7.13946390
v -0.06992269 -0.58142513 -7.13903761
v -0.06154197 -0.58210987 -7.13883591
v -0.06473929 -0.58757430 -7.13822460
v -0.05475235 -0.58586359 -7.13665962
v -0.05723906 -0.59304225 -7.13571978
v -0.05058175 -0.58938080 -7.13356113
v -0.05695486 -0.60358906 -7.13258600
v -0.05047315 -0.59615940 -7.13193798
v -0.05612916 -0.61116773 -7.12504721
v -0.05025095 -0.60160643 -7.12752676
v -0.04896957 -0.61209899 -7.12202549
v -0.04569405 -0.60232514 -7.12563372
v -0.03994310 -0.61337799 -7.11876106
v -0.03884375 -0.60536081 -7.12353039
v -0.04305798 -0.60614461 -7.12284756
v -0.04500335 -0.61374480 -7.11950397
v -0.02873558 -0.60841870 -7.11907625
v -0.03088814 -0.60013282 -7.12352371
v -0.03504246 -0.60561949 -7.12208176
v -0.03445786 -0.61189574 -7.11866474
v -0.02443838 -0.59782249 -7.12172318
v -0.02888161 -0.59284157 -7.12485218
v -0.01734871 -0.59580332 -7.12163925
v -0.02361631 -0.58917743 -7.12345314
v -0.01112336 -0.59147197 -7.12130404
v -0.01859593 -0.58551508 -7.12234449
v -0.00781375 -0.58488935 -7.12073755
v -0.01452976 -0.58320493 -7.12171364
v -0.00874227 -0.57879341 -7.12175322
v -0.01290393 -0.58045781 -7.12217093
v -0.01237339 -0.57665634 -7.12384653
v -0.01749349 -0.57985109 -7.12335491
v -0.01857781 -0.57555401 -7.12585115
v -0.02339238 -0.58052021 -7.12470627
v -0.02766848 -0.57656002 -7.12770557
v -0.03073353 -0.58247346 -7.12605858
v -0.03535455 -0.57258576 -7.13316727
v -0.03784829 -0.57995015 -7.13028860
v -0.03923321 -0.59054464 -7.12744379
v -0.23995692 0.21296109 -6.61983395
v -0.22405130 0.19329904 -6.63119555
v -0.22661144 0.21456304 -6.62322998
v 0.17051035 -0.08458889 -7.35569906
v 0.22722578 -0.04321074 -7.40622997
v 0.24097568 0.36045250 -7.26337719
v -0.05147141 -0.10474870 -7.11064911
v -0.07612443 -0.10857666 -7.08366346
v 0.38286692 0.38457179 -7.42089462
v -0.22341388 0.39803401 -6.70468616
v 0.43890485 0.09277798 -7.57994127
v 0.02578998 0.33291012 -7.00950193
v 0.48344487 0.34198621 -7.54520035
v -0.41144043 0.00504762 -6.68276072
v -0.43552178 -0.01254773 -6.66894341
v 0.07393157 -0.09657884 -7.24986458
v -0.30593699 0.13316515 -6.72909927
v 0.01285166 0.33801889 -6.99227476
v 0.51513231 0.28657594 -7.59657192
v 0.49714246 0.21531320 -7.60108852
v 0.50977159 0.24018040 -7.60674334
v 0.45640427 0.12545151 -7.58556747
v 0.29128742 0.00030148 -7.46266174
v -0.47212487 -0.03864068 -6.64669132
v 0.35283107 0.38819632 -7.38761663
v 0.32004136 0.38401002 -7.35317469
v 0.53229201 0.27051717 -7.62335110
v 0.51940632 0.27705985 -7.60464764
v 0.51486695 0.23414373 -7.61951685
v 0.53875816 0.15979514 -7.67650843
v 0.62915188 0.21628317 -7.73297882
v 0.60000134 0.07851988 -7.74989319
v 0.62648362 0.02482888 -7.78693771
v 0.76951039 -0.01106817 -7.89481306
v 0.69511831 -0.06275424 -7.85269451
v 0.75378466 -0.12413359 -7.90953159
v -0.32993716 0.38613564 -6.63051796
v -0.35978657 0.35303983 -6.62008286
v -0.42176169 -0.01957345 -6.68330383
v -0.45891744 -0.02784508 -6.65472698
v -0.47287041 -0.02645153 -6.64236259
v -0.44541961 0.17691974 -6.60446405
v 0.77609932 -0.10959375 -7.92302370
v 0.76227582 -0.12480623 -7.91605806
v -0.29298812 0.38757059 -6.65166664
v -0.28311759 0.38076442 -6.65104294
v -0.23755723 0.02593583 -6.83527231
v -0.40741795 0.25624964 -6.61264515
v -0.30028516 0.12918001 -6.72563648
v -0.28829998 0.07621282 -6.76563931
v -0.35546154 0.02778679 -6.72280407
v -0.38214499 0.29553384 -6.62035561
v -0.52331167 0.02369207 -6.58436918
v -0.52298599 0.01582479 -6.58694124
v -0.12078184 -0.10940176 -7.03167915
v -0.47981089 -0.03895870 -6.63892746
v -0.47947365 -0.03834042 -6.63901424
v -0.31127828 0.04384667 -6.75614214
v -0.29689199 0.05124956 -6.76665878
v -0.45137745 0.16437066 -6.60316277
v -0.45919877 0.14889647 -6.60117722
v -0.12878358 -0.09878463 -7.01826382
v -0.47689134 -0.00792587 -6.63221836
v -0.36783820 0.09232554 -6.69098234
v -0.38999683 0.06976777 -6.67910671
v -0.42009550 0.05030897 -6.66022491
v -0.43367368 0.04438514 -6.65140533
v -0.50675827 -0.02030298 -6.61102867
v -0.49541694 -0.03326398 -6.62427044
v -0.48873574 -0.03626108 -6.63071489
v -0.51606923 -0.00374717 -6.59842825
v -0.40026361 -0.01065668 -6.63909101
v -0.35260624 0.02029568 -6.66785049
v -0.45795411 -0.03923720 -6.62229919
v -0.34914190 0.02195317 -6.67007637
v -0.44563490 -0.03027326 -6.61676645
v -0.49882489 0.02471882 -6.56686115
v -0.52243263 0.01296246 -6.58823919
v -0.50459546 -0.00756761 -6.58977270
v -0.51042706 0.00515786 -6.58146143
v -0.50458795 0.00231573 -6.57911682
v -0.50018722 -0.00244617 -6.58128548
v -0.50286728 0.01479149 -6.57125330
v -0.47945362 -0.00012958 -6.57632446
v -0.47126752 0.00410968 -6.57312775
v -0.50943714 0.01787922 -6.57298756
v -0.51786309 0.01331604 -6.58208036
v -0.49991375 0.00521338 -6.57447243
v -0.49511915 -0.00048846 -6.57727003
v -0.49638444 0.01174659 -6.56948471
v -0.49545270 0.01690114 -6.56760645
v -0.48909205 0.01758230 -6.56639004
v -0.48871416 -0.00427330 -6.57871771
v -0.48631674 0.02195856 -6.56554556
v -0.48082572 0.02063593 -6.56566572
v -0.46531779 0.02006662 -6.56710291
v -0.46663910 0.01495475 -6.56725645
v -0.46406680 0.02488703 -6.58377934
v -0.46557206 0.02037185 -6.56468010
v -0.49092752 0.00172693 -6.57266665
v -0.49295217 0.00779909 -6.56739521
v -0.47583836 0.01434261 -6.59035778
v -0.47470897 0.01472783 -6.59234333
v -0.48470742 0.00214180 -6.57188797
v -0.47330219 0.01141450 -6.59168959
v -0.48100144 0.01775700 -6.56346035
v -0.47576267 0.02085608 -6.56527328
v -0.47018343 0.02552706 -6.58384895
v -0.47205168 0.02072543 -6.58558321
v -0.46718460 0.01092356 -6.57029390
v -0.47769743 0.00525725 -6.57012701
v -0.48776251 0.02945828 -6.56470251
v -0.48242611 0.02736157 -6.56492615
v -0.49344331 0.02236328 -6.56622505
v -0.46594507 0.02578467 -6.56613302
v -0.47181636 0.02298027 -6.56561947
v -0.46391493 0.01963201 -6.56766033
v -0.46108991 0.03255767 -6.58250141
v -0.46606737 0.02270043 -6.56499910
v -0.47074205 0.01044762 -6.56693745
v -0.48818499 0.01266205 -6.56599283
v -0.46993130 0.02105150 -6.56439114
v -0.47076732 0.01284066 -6.58939886
v -0.46979600 0.01566094 -6.58458519
v -0.47534972 0.01730365 -6.58759356
v -0.46433514 0.02964914 -6.58192492
v -0.52096802 0.00710380 -6.59117270
v -0.50264508 0.00968993 -6.57289028
v -0.45816499 0.02442393 -6.56881475
v -0.49355227 -0.00917780 -6.58515167
v -0.46428436 0.00951588 -6.57172823
v -0.47472697 0.02658847 -6.56595135
v -0.06943166 -0.53352231 -7.06277275
v -0.07353568 -0.53608829 -7.06496239
v -0.02093261 -0.53180867 -7.07202864
v -0.01893401 -0.52734190 -7.07219648
v 0.34318471 -0.47821790 -7.38792658
v 0.34201288 -0.48319811 -7.38157845
v 0.33573079 -0.46931285 -7.42320728
v 0.33047372 -0.46776021 -7.42807913
v 0.31198555 -0.45298040 -7.44514465
v 0.32453471 -0.45694309 -7.44364071
v 0.33353251 -0.44995666 -7.45045233
v 0.32484651 -0.44593132 -7.45245266
v 0.28015953 -0.41164291 -7.38162136
v 0.29066354 -0.40902752 -7.37912989
v 0.31777966 -0.40585804 -7.36925077
v 0.33393782 -0.39630777 -7.37633705
v 0.32738954 -0.38133067 -7.38088989
v 0.33854687 -0.37171847 -7.38537312
v -0.04128462 -0.59821558 -7.12546587
v -0.04566413 -0.58911580 -7.13040590
v -0.03372264 -0.59325808 -7.12549257
v -0.04519963 -0.59549838 -7.12798738
v -0.03601116 -0.59917611 -7.12526321
v -0.04224765 -0.58508748 -7.12988329
v -0.03392750 -0.58747303 -7.12605715
v -0.03753734 -0.58486408 -7.12802315
v 0.27748519 -0.50252306 -7.39565229
v 0.29388398 -0.50626105 -7.38790226
v 0.28370744 -0.50011671 -7.40385485
v 0.29875344 -0.50369990 -7.39459753
v 0.29202694 -0.50171191 -7.39881468
v 0.28599685 -0.50637066 -7.38586712
v 0.28139329 -0.50465763 -7.38931274
v 0.27836818 -0.50385541 -7.39055300
v 0.31016856 -0.50447309 -7.39206839
v 0.77582109 -0.06286621 -7.91221619
v 0.73474169 -0.10834479 -7.89171743
v 0.76929212 -0.08809197 -7.87507725
v 0.77934033 -0.07077450 -7.88625240
v 0.75037700 -0.10144797 -7.87442875
v 0.77769518 -0.08815026 -7.91938782
v 0.78109097 -0.08614242 -7.89837360
v 0.74419510 -0.11896279 -7.90116119
v 0.77052927 -0.10395259 -7.88711977
v 0.75427926 -0.11492899 -7.88829899
v 0.29952651 -0.46401381 -7.43527174
v 0.33484298 -0.49219263 -7.35746670
v 0.32808560 -0.49525321 -7.34358644
v 0.29111356 -0.48861998 -7.31347752
v 0.28013629 -0.46756989 -7.31274986
v 0.25203961 -0.47756296 -7.31446075
v 0.24379259 -0.46182930 -7.32024431
v 0.27175945 -0.46551734 -7.42815733
v 0.25726897 -0.46781015 -7.42117548
v 0.22560924 -0.46733195 -7.35525417
v 0.22131413 -0.46212918 -7.35564280
v 0.26267010 -0.46341342 -7.31691837
v 0.23148531 -0.45567292 -7.33996868
v 0.30244613 -0.47658175 -7.32152271
v 0.23096293 -0.47253627 -7.39795828
v 0.24493760 -0.46999115 -7.41148901
v 0.28613991 -0.46244097 -7.43283129
v 0.34033900 -0.48573631 -7.38805151
v 0.32520133 -0.47439182 -7.42304182
v 0.34107345 -0.47721899 -7.40126562
v 0.34064162 -0.47495759 -7.40822315
v 0.22738397 -0.45806956 -7.37820101
v 0.31746143 -0.48737222 -7.32816744
v 0.33929902 -0.48889440 -7.37251186
v 0.34128600 -0.48093295 -7.39475250
v 0.33908457 -0.47189856 -7.41545105
v 0.32373148 -0.46733892 -7.43115234
v 0.33929378 -0.49055904 -7.38155079
v 0.31241435 -0.46680534 -7.43464994
v 0.32969183 -0.47790402 -7.41695404
v -0.43397886 -0.02235436 -6.61216402
v -0.41859561 -0.01697570 -6.61893559
v -0.43583030 0.03338543 -6.61463928
v -0.45563000 0.04541185 -6.63442039
v -0.04498243 -0.54236752 -7.06228971
v -0.03952026 -0.53874773 -7.06252193
v -0.05526191 -0.49519426 -7.04217291
v -0.04822558 -0.48571843 -7.04009771
v -0.08888143 -0.53213328 -7.07959509
v -0.09066850 -0.53106791 -7.08467722
v -0.08381176 -0.49880457 -7.05990171
v -0.08704603 -0.49120694 -7.06876087
v 0.18106854 -0.03765184 -7.42121124
v 0.12651902 -0.05599687 -7.39329386
v 0.19099486 0.35902995 -7.29070234
v 0.14257884 0.34887558 -7.24313164
v 0.02353239 -0.01347658 -7.37469006
v 0.00384259 0.02348492 -7.37700462
v 0.04784793 0.03540000 -7.42639637
v 0.06623107 -0.00693014 -7.41557074
v 0.11851811 0.01881245 -7.46185970
v 0.15167284 -0.01029438 -7.44808674
v 0.09902179 -0.03177589 -7.41553211
v 0.11140460 0.30068609 -7.36920357
v 0.06492603 0.29383585 -7.32738543
v 0.09544867 0.33134171 -7.27549124
v 0.14961284 0.34089875 -7.33133507
v 0.40533793 0.25037929 -7.67520285
v 0.38695180 0.28892052 -7.65231848
v 0.43108284 0.29737458 -7.63682604
v 0.45905703 0.26352534 -7.64266920
v -0.09854174 -0.09800470 -7.12684822
v -0.08066010 -0.09396145 -7.15957594
v 0.37246725 0.37742299 -7.50597954
v 0.34486431 0.38902891 -7.45799398
v -0.12332672 0.24281636 -7.11229038
v -0.15189320 0.21963647 -7.09970760
v -0.12570709 0.28746113 -7.03043509
v -0.10564405 0.29152101 -7.05290461
v 0.29552722 0.37955022 -7.49056959
v 0.32572961 0.36413538 -7.53074598
v 0.28601444 0.34082007 -7.54356337
v 0.25615525 0.35375008 -7.51168442
v -0.04485542 0.33782542 -6.98265553
v -0.07728630 0.32195416 -7.01612568
v -0.08606821 0.32593021 -6.98079967
v -0.05716634 0.35003614 -6.94903088
v -0.19531733 -0.06607124 -7.15627718
v -0.19936198 -0.09799314 -7.17491007
v -0.19044310 -0.10204935 -7.14154387
v -0.18733650 -0.07036468 -7.12874937
v -0.12250853 -0.09784228 -7.11595345
v -0.13203520 -0.12926131 -7.13362026
v -0.11319774 -0.12485239 -7.14127588
v -0.06311244 -0.08125779 -7.18819141
v -0.08328760 -0.10825920 -7.18675947
v -0.08225256 -0.10149053 -7.21681547
v -0.06913584 -0.06033868 -7.21984720
v -0.16559237 -0.08724499 -7.23766899
v -0.18448406 -0.10550329 -7.22771358
v -0.18299001 -0.04751936 -7.21770382
v -0.15330833 -0.04266575 -7.23788929
v 0.18947011 -0.00161979 -7.58016729
v 0.20780736 -0.03925011 -7.61646032
v 0.22461945 -0.04501301 -7.58271408
v 0.23121291 -0.01561049 -7.54603624
v 0.30757433 0.00117898 -7.52984047
v 0.28673303 -0.05045220 -7.57394791
v 0.34202129 -0.04041848 -7.59778595
v 0.36981893 0.00933716 -7.56864691
v 0.28249174 -0.30301654 -7.80473137
v 0.30802202 -0.29511839 -7.81595421
v 0.29981136 -0.34624231 -7.82937431
v 0.27198488 -0.35844725 -7.81955194
v 0.27190918 -0.18146771 -7.71941519
v 0.27187407 -0.17614412 -7.75374365
v 0.27235061 -0.20067209 -7.74903059
v 0.27978897 -0.21481580 -7.72383833
v 0.30852240 -0.19291621 -7.70014620
v 0.30304348 -0.23074281 -7.71845627
v 0.33928138 -0.22235531 -7.72074604
v 0.35261893 -0.19207591 -7.71507025
v 0.38035768 -0.18388575 -7.77817726
v 0.37418860 -0.20259869 -7.78187323
v 0.37363371 -0.19573790 -7.80018187
v 0.38091734 -0.17239118 -7.79630470
v -0.16575104 -0.08359325 -7.06119347
v -0.17735118 -0.06206352 -7.04199457
v -0.19938558 -0.04390991 -7.07100391
v -0.19159168 -0.06512117 -7.10348749
v -0.14647382 0.32099923 -6.93472338
v -0.17010361 0.26342508 -7.00019312
v -0.17088228 0.28653622 -6.96468496
v -0.14615351 0.33528018 -6.90488434
v -0.10468072 0.34792843 -6.89711857
v -0.12803966 0.36760229 -6.86981773
v -0.18145114 -0.00880411 -6.98998976
v -0.19497746 0.00240529 -6.95272493
v -0.20234197 0.03808910 -6.98714781
v -0.19756883 0.00906643 -7.01585293
v -0.21900910 0.10518785 -7.00842905
v -0.21193701 0.07534158 -6.99708939
v -0.23654383 0.10300125 -6.94988060
v -0.24126011 0.13774173 -6.94751406
v -0.19173175 0.34318969 -6.84616899
v -0.20953208 0.30297041 -6.90186357
v -0.27681714 0.30815101 -6.82848358
v -0.24635667 0.35112369 -6.78700256
v -0.23224515 0.38428482 -6.75083780
v -0.17056090 0.38318396 -6.81334686
v -0.02053928 0.27193892 -7.21662331
v -0.05106151 0.22161965 -7.23999691
v -0.07102358 0.22275129 -7.19597578
v -0.05097610 0.27738917 -7.15691137
v 0.24295682 0.01683581 -7.50041103
v 0.20843196 0.02374601 -7.51438951
v 0.22330076 0.01209357 -7.53100967
v 0.26458240 0.01474935 -7.49951410
v 0.05021834 0.33415207 -7.12654018
v 0.02204597 0.31776834 -7.17689514
v -0.02095431 0.31883326 -7.09600782
v 0.01805890 0.33385518 -7.06133461
v -0.44457370 0.46654046 -6.76375628
v -0.44646078 0.44761705 -6.78049088
v -0.45946795 0.46075648 -6.76962948
v -0.45537573 0.47090995 -6.75559616
v -0.36641818 0.36431801 -6.65583229
v -0.36908704 0.36647046 -6.63124990
v -0.34444052 0.38045904 -6.64977551
v -0.34606415 0.36966756 -6.67704296
v -0.33828884 0.05313882 -6.76016140
v -0.36210185 0.05962053 -6.76293755
v -0.33470017 0.06703824 -6.77809525
v -0.31699783 0.05407104 -6.77155924
v -0.35703236 0.08391511 -6.78954697
v -0.34229547 0.07894099 -6.78768063
v -0.36027271 0.06433532 -6.76647139
v -0.37312478 0.06673917 -6.76311779
v -0.43375045 0.23324955 -6.61976624
v -0.44205481 0.20719509 -6.61602926
v 0.13389927 0.25955713 -7.44182301
v 0.08242458 0.25567389 -7.39957476
v 0.16084951 0.30828166 -7.41839933
v -0.47612387 0.00461811 -6.69479704
v -0.46535712 0.00067377 -6.69794178
v -0.48143655 -0.00751525 -6.68745804
v -0.49059218 -0.00389332 -6.68422318
v 0.38131958 0.10059391 -7.70498562
v 0.42474654 0.10274889 -7.64943027
v 0.40655389 0.07859415 -7.65304852
v 0.36956695 0.05824935 -7.70637417
v 0.40108532 0.19766620 -7.69754314
v 0.39306170 0.14789188 -7.70719385
v 0.32727247 0.16841054 -7.70532179
v 0.33534563 0.22461955 -7.68766546
v -0.19789976 -0.05607450 -7.18276310
v -0.20569044 -0.04235870 -7.14120483
v -0.20170861 -0.02308482 -7.17842293
v -0.20675665 0.16617028 -7.04848719
v -0.18719977 0.22676906 -7.01385641
v -0.18890744 0.20135649 -7.04861450
v -0.20840925 0.14553428 -7.06658316
v -0.21821743 0.25105989 -6.94875622
v -0.21746403 0.20082439 -6.98784161
v -0.27158564 0.20723063 -6.91945934
v -0.27602178 0.25582469 -6.88385916
v 0.20323324 0.26462629 -7.52788115
v 0.18519759 0.24285416 -7.50188017
v 0.20192587 0.29743889 -7.49685240
v 0.22363448 0.30266586 -7.51632309
v -0.10487360 -0.00284621 -7.24394512
v -0.11339527 0.04305911 -7.23604155
v -0.09411567 0.04703265 -7.23979044
v -0.08325607 0.00330463 -7.23876476
v -0.41090328 0.34890196 -6.77243757
v -0.44831735 0.40304312 -6.78427219
v -0.43708473 0.40854999 -6.79077673
v -0.40944296 0.36601660 -6.78585720
v -0.37642711 0.13594858 -6.80664158
v -0.39093524 0.16263014 -6.79430532
v -0.37565213 0.17534019 -6.80763674
v -0.36399943 0.15139419 -6.81887293
v 0.41064143 0.05664048 -7.60647392
v -0.07955915 0.35554647 -6.91990614
v -0.00717348 0.33306882 -7.02811956
v 0.41582936 0.36290511 -7.53150415
v 0.43262881 0.33437327 -7.58711338
v 0.37931097 -0.01777586 -7.63514471
v 0.39041242 0.01043007 -7.67450953
v 0.28454471 -0.20199734 -7.78616428
v 0.29098713 -0.16669062 -7.78567696
v 0.36651936 -0.20960695 -7.75052881
v 0.37187016 -0.18367720 -7.74761105
v 0.25110716 0.30160856 -7.56121397
v 0.31613654 0.32399240 -7.58789206
v 0.28703934 0.28070801 -7.61786175
v 0.10284024 0.16370937 -7.47010946
v 0.04792106 0.14763364 -7.43510008
v 0.06044906 0.20421886 -7.42139149
v 0.11418939 0.21524113 -7.45886517
v -0.22322375 0.01478827 -7.13157988
v -0.20822257 0.09254648 -7.12702084
v -0.18895334 0.09225003 -7.16351175
v -0.19160300 0.03646773 -7.18784428
v -0.22021157 0.15113583 -7.01206064
v -0.22033972 0.11739182 -7.04519081
v -0.22123343 0.06908280 -7.04935884
v -0.25666028 0.16571221 -6.94292593
v -0.10573107 0.16171412 -7.20349121
v -0.08454281 0.16612445 -7.22230339
v -0.09418797 0.09898831 -7.23832941
v -0.10961306 0.08956277 -7.22931194
v 0.17218488 0.11523294 -7.55968666
v 0.18336356 0.19371200 -7.53833199
v 0.21539032 0.16721353 -7.61468935
v 0.20339769 0.10806552 -7.62796688
v -0.37816089 0.08050936 -6.77342606
v -0.37401205 0.10295473 -6.79602528
v -0.40754110 0.02465510 -6.72217751
v -0.43726712 0.00185317 -6.70387077
v -0.44154745 0.00930926 -6.70699596
v -0.41082245 0.02831107 -6.72617626
v -0.43365282 0.11836043 -6.73384857
v -0.44103223 0.09369603 -6.72309351
v -0.44814283 0.11882301 -6.71460390
v -0.44054776 0.14440548 -6.72887611
v -0.41210777 0.03569332 -6.72844791
v -0.40768653 0.03223878 -6.72406387
v -0.32673424 0.08195162 -6.78470564
v -0.34357053 0.07660919 -6.77845669
v -0.42490298 0.01246333 -6.69688416
v -0.44755632 -0.00339049 -6.68487453
v 0.29880393 -0.28064281 -7.73440361
v 0.27994043 -0.26573730 -7.74216747
v 0.27390939 -0.32879347 -7.75568676
v 0.29399133 -0.32867825 -7.74399948
v 0.31846780 -0.32754540 -7.74436378
v 0.28407717 -0.37784809 -7.74601221
v 0.31603652 -0.37846571 -7.74851227
v 0.26934075 -0.32003105 -7.78228760
v 0.27589601 -0.24806559 -7.76733685
v 0.28777456 -0.24980170 -7.79636765
v 0.34772164 -0.35488695 -7.78835249
v 0.35441524 -0.28929597 -7.79010439
v 0.34416705 -0.31050384 -7.76122904
v 0.33632553 -0.35905463 -7.76072073
v 0.27405196 -0.08689654 -7.62043667
v 0.23235798 -0.07198134 -7.61732483
v 0.24674332 -0.10309705 -7.65160847
v 0.27459097 -0.12061357 -7.64646530
v 0.31777197 -0.12519351 -7.65888214
v 0.29315543 -0.15021306 -7.67311716
v 0.33384025 -0.15293953 -7.68370247
v 0.23344594 -0.05515391 -7.69891787
v 0.25181001 -0.10161939 -7.72915554
v 0.23985094 -0.10564995 -7.68708706
v 0.22180915 -0.06803989 -7.65336323
v 0.37269571 -0.10806853 -7.73575878
v 0.35468453 -0.12148383 -7.68921471
v 0.36367542 -0.15088037 -7.71334457
v 0.37678677 -0.14301160 -7.75318193
v -0.19030339 -0.47188979 -7.28742027
v -0.17627960 -0.47043681 -7.27804565
v -0.18823034 -0.49288583 -7.27978277
v -0.19958419 -0.49024445 -7.28860474
v -0.15278441 -0.39879006 -7.23147726
v -0.15537637 -0.43950027 -7.23682213
v -0.15304452 -0.42572391 -7.25555897
v -0.14937097 -0.37684840 -7.24104261
v -0.24613291 -0.50510210 -7.29682159
v -0.25588399 -0.49373120 -7.29113865
v -0.22838479 -0.47302783 -7.29024935
v -0.23116297 -0.50048840 -7.29725599
v -0.19767636 -0.32993311 -7.25013733
v -0.21002716 -0.32862073 -7.24344969
v -0.20689172 -0.29042917 -7.23966265
v -0.19323856 -0.29160029 -7.24663877
v -0.19728643 -0.14994019 -7.15700960
v -0.20716888 -0.21389490 -7.16426373
v -0.18839949 -0.20790583 -7.15187693
v -0.17889696 -0.15949118 -7.14069700
v -0.14559311 -0.31084847 -7.18454647
v -0.13488346 -0.27530861 -7.18471146
v -0.14972931 -0.28247654 -7.17066383
v -0.16347128 -0.32027447 -7.17282486
v -0.13620323 -0.19779825 -7.24432087
v -0.12004805 -0.13707635 -7.24785137
v -0.11029440 -0.15410691 -7.24311781
v -0.12250835 -0.20276779 -7.24002743
v -0.21700603 -0.28940219 -7.22650385
v -0.22299224 -0.29038370 -7.20709133
v -0.21683103 -0.25332057 -7.20413065
v -0.21053416 -0.25811452 -7.22400093
v 0.04488307 -0.07984680 -7.28470182
v -0.02345592 -0.06456545 -7.23616600
v 0.10868305 0.34051001 -7.19428444
v -0.05011958 0.06831545 -7.32105589
v -0.03006035 0.02157211 -7.33046198
v -0.06594574 0.01853690 -7.26779556
v -0.07956421 0.05944803 -7.26136303
v 0.00218654 -0.05009809 -7.30641460
v -0.04885143 -0.03959432 -7.25332737
v -0.05035448 -0.00949064 -7.27655029
v -0.01012146 -0.01304758 -7.33235264
v 0.06828785 0.32415980 -7.23529768
v -0.00888753 0.23220271 -7.30530405
v 0.03424388 0.29168457 -7.27494240
v -0.03857744 0.12857123 -7.33589697
v -0.07231659 0.12195387 -7.27289867
v -0.05578208 0.17909355 -7.27380705
v -0.02278107 0.17766464 -7.33490324
v 0.09818453 -0.07779151 -7.33945751
v 0.05883986 -0.05293208 -7.36454868
v 0.23987937 0.36628971 -7.34712982
v 0.19617248 0.34925133 -7.38374805
v 0.36602467 0.34807163 -7.56598186
v -0.15218359 0.27740720 -7.01161194
v -0.11419588 0.32744929 -6.94902229
v -0.16367561 -0.12103209 -7.12986803
v -0.15440840 -0.08929074 -7.10771751
v -0.09436011 -0.09140190 -7.24145222
v -0.11442119 -0.08249229 -7.24942923
v -0.10105658 -0.03809690 -7.24435759
v -0.07175452 -0.04116720 -7.23332214
v -0.28984636 -0.49112272 -7.22912741
v -0.28807729 -0.48639864 -7.23951912
v -0.30279917 -0.50774306 -7.24018097
v -0.30500907 -0.51289171 -7.22845984
v -0.21415550 -0.02423483 -7.10491180
v -0.23307341 0.06990662 -6.93375683
v 0.19111973 0.04350489 -7.52068329
v 0.19234723 0.02361688 -7.54146624
v -0.07128388 0.28510630 -7.11457205
v -0.04859710 0.31886378 -7.05706167
v -0.44233161 0.46681124 -6.74586010
v -0.45121175 0.46845043 -6.74101782
v 0.35166806 0.30231631 -7.63322544
v 0.38510185 0.31969336 -7.61906719
v -0.40032643 0.01831019 -6.71617699
v -0.42812878 -0.00704253 -6.69902515
v -0.30231863 0.08635159 -6.78646755
v -0.32707435 0.14321859 -6.75208378
v -0.35576552 0.12703899 -6.75993729
v -0.45472533 0.00361660 -6.69484138
v -0.43262154 0.01988113 -6.70811987
v 0.31708819 -0.45359606 -7.79186630
v 0.31476051 -0.44908309 -7.80325508
v 0.26712096 -0.15600714 -7.74125528
v 0.27320343 -0.16371536 -7.69800758
v 0.37932745 -0.14870119 -7.78880405
v 0.38272515 -0.16540489 -7.76853991
v -0.22456056 -0.33425784 -7.19024420
v -0.20673460 -0.34359312 -7.17936277
v -0.20310789 -0.29706120 -7.16766453
v -0.22085851 -0.29794139 -7.18563509
v -0.13697523 -0.30346829 -7.22792053
v -0.14446193 -0.33808202 -7.22891331
v -0.15155679 -0.33319229 -7.24530983
v -0.14362961 -0.29116577 -7.24034500
v -0.21521550 -0.25764799 -7.17760658
v -0.12990469 -0.26624900 -7.23056412
v -0.13729769 -0.24876207 -7.24103355
v -0.17126447 0.20923245 -7.07477760
v -0.14851457 0.16697676 -7.16127157
v -0.10697889 0.23670687 -7.14617491
v -0.12607008 0.16967855 -7.18332243
v -0.08542120 0.29420674 -7.07641363
v -0.06088698 0.31793374 -7.03609943
v -0.09269869 -0.12136680 -7.16524315
v -0.15593261 -0.16765407 -7.14075089
v -0.19572121 -0.09739441 -7.20560741
v -0.16305560 -0.14708784 -7.24206972
v -0.14136022 -0.09205478 -7.24328041
v -0.14153999 -0.15425542 -7.24525404
v -0.24789959 -0.52369070 -7.18521070
v -0.24247795 -0.50474304 -7.18827105
v -0.25495774 -0.50859785 -7.18864822
v -0.26059550 -0.52913135 -7.18528080
v -0.24393123 -0.46235734 -7.26820374
v -0.23891038 -0.46186239 -7.27514839
v -0.25406080 -0.47046280 -7.27344465
v -0.26127046 -0.47336048 -7.26685667
v -0.16019744 -0.00867647 -7.23279667
v -0.13256299 -0.00307125 -7.24575377
v -0.12780857 -0.03831458 -7.24618769
v -0.02930331 0.33223245 -7.00850153
v -0.16198939 0.04330963 -7.21649265
v -0.15783459 0.09908493 -7.19665289
v -0.12959546 0.10229015 -7.21563959
v -0.13458544 0.04656065 -7.23197317
v -0.19655782 0.14676410 -7.09896708
v -0.21929950 0.09051910 -7.08545446
v -0.15421754 -0.35325223 -7.19639540
v -0.14891690 -0.35884672 -7.21778584
v -0.13996953 -0.31491798 -7.20509195
v -0.21332079 -0.47145402 -7.29137850
v -0.21764618 -0.49094784 -7.29542828
v -0.22122318 -0.32788223 -7.23130083
v -0.22809178 -0.32932371 -7.21297121
v -0.20102316 -0.37390077 -7.26250601
v -0.18847328 -0.37110704 -7.26357317
v -0.19205087 -0.43598694 -7.28553915
v -0.20757669 -0.44134635 -7.28334427
v -0.17172164 -0.27390146 -7.15973949
v -0.19388300 -0.25220913 -7.15917110
v -0.18396717 -0.31518227 -7.16688824
v -0.11030859 -0.17901790 -7.16990900
v -0.12505037 -0.23161447 -7.18266487
v -0.11597514 -0.21708095 -7.19898987
v -0.09457356 -0.16400206 -7.20036936
v -0.18522960 -0.24960673 -7.24210501
v -0.16732150 -0.24849629 -7.24623156
v -0.17724890 -0.29262954 -7.24912500
v -0.21335298 -0.20674336 -7.18725443
v -0.20301574 -0.14038134 -7.18388462
v -0.19897789 -0.15537956 -7.21145964
v -0.20757395 -0.21824461 -7.21508026
v 0.47338107 0.30721915 -7.60664701
v 0.48438621 0.28542480 -7.62140942
v 0.47811344 0.24963896 -7.63720417
v 0.44911563 0.21568088 -7.65860367
v 0.50430429 0.27139854 -7.64355898
v 0.48974249 0.26283804 -7.65023327
v 0.48154816 0.26672623 -7.63863945
v 0.49596620 0.27613917 -7.62910843
v 0.60815382 0.20335576 -7.76464176
v 0.58016372 0.17275447 -7.77268934
v 0.54426503 0.21003047 -7.72805548
v 0.56581640 0.24096274 -7.71625566
v 0.65263236 0.15022954 -7.81240129
v 0.61667216 0.12422892 -7.81657171
v 0.67556882 0.09622633 -7.85276031
v 0.64565694 0.06665152 -7.85690069
v 0.70995057 0.05055377 -7.88477373
v 0.68102252 0.01581740 -7.89223337
v 0.73797739 0.00069341 -7.90565920
v 0.70996863 -0.02684724 -7.90853024
v 0.75264573 -0.04045326 -7.91955185
v 0.72610867 -0.05768394 -7.91909456
v 0.76401985 -0.09897900 -7.92946339
v 0.74869037 -0.10967904 -7.92518520
v -0.16010195 -0.28800565 -7.24792147
v -0.15251786 -0.24149942 -7.24542522
v -0.20008904 -0.25194710 -7.23404455
v -0.12653869 -0.26528019 -7.20830774
v -0.14153796 -0.23328537 -7.16340160
v -0.16465682 -0.22191346 -7.15266275
v -0.19387287 -0.20804209 -7.22999620
v -0.17602116 -0.20391661 -7.23910189
v -0.11602253 -0.22087485 -7.22619343
v -0.15652138 -0.20285887 -7.24274397
v -0.32834262 0.36186880 -6.70362282
v -0.30311984 0.34067845 -6.73977137
v -0.32941848 0.34654409 -6.73066854
v -0.33874851 0.37021410 -6.71489191
v -0.35018951 0.36674157 -6.69595385
v -0.36800510 0.34741974 -6.68010569
v -0.35545498 0.37950557 -6.75356483
v -0.34365922 0.30518973 -6.76856041
v -0.37073046 0.34929767 -6.77023649
v -0.36005574 0.39889592 -6.72599173
v -0.36592573 0.38372868 -6.70069027
v -0.38172597 0.37136972 -6.69022608
v -0.38463587 0.33210278 -6.72052574
v -0.39474231 0.35919300 -6.70990181
v -0.39156038 0.36191243 -6.72684813
v -0.37498206 0.33336258 -6.73504639
v -0.36276942 0.31963617 -6.75518274
v -0.38090616 0.34708554 -6.74943686
v -0.38271815 0.32594600 -6.76226711
v -0.36508065 0.28659397 -6.76480675
v -0.35931259 0.25597280 -6.78200674
v -0.37539190 0.26581407 -6.75776434
v -0.37326175 0.28954691 -6.75462055
v -0.39271802 0.41710806 -6.76997471
v -0.41216928 0.40346754 -6.79009962
v -0.39088506 0.43069610 -6.73610210
v -0.38694817 0.40814728 -6.70742083
v -0.40372235 0.40107709 -6.69957781
v -0.40893525 0.38763785 -6.71561241
v -0.41420561 0.39824027 -6.72793436
v -0.41312081 0.38216543 -6.74658203
v -0.42068869 0.37151933 -6.76731491
v -0.38580614 0.29734603 -6.76574039
v -0.42848390 0.43071356 -6.78619242
v -0.42337531 0.45159659 -6.76886034
v -0.42188519 0.45380625 -6.73933029
v -0.41307384 0.43627760 -6.71685314
v -0.42186934 0.42917660 -6.71025658
v -0.42681772 0.41530949 -6.71903849
v -0.43848735 0.43605989 -6.72510386
v -0.44871050 0.44687489 -6.73515701
v -0.43727142 0.42829901 -6.73321199
v -0.39597541 0.30402130 -6.73255110
v -0.38861901 0.30612355 -6.74127817
v -0.38568097 0.27625805 -6.75808811
v -0.39208502 0.27201915 -6.75410938
v -0.36766058 0.21105379 -6.79704142
v -0.38302809 0.24637386 -6.77081442
v -0.37599784 0.25481492 -6.77442265
v -0.36375183 0.23582014 -6.78744173
v -0.37413508 0.25674424 -6.76309109
v -0.37327105 0.25360358 -6.76681995
v -0.37685543 0.26837319 -6.75583076
v -0.38627321 0.29917216 -6.76238966
v -0.41701204 0.34684306 -6.76679182
v -0.44793159 0.39650509 -6.77666235
v -0.46255618 0.44795725 -6.76559305
v -0.46176916 0.46510637 -6.75238323
v -0.45493251 0.46042404 -6.73780251
v -0.44516546 0.44750798 -6.72562790
v -0.43089062 0.42622381 -6.71272850
v -0.44093388 0.45420536 -6.72436190
v -0.39686877 0.36985475 -6.69990540
v -0.38982326 0.33964670 -6.70503092
v -0.37755519 0.27353817 -6.76747084
v -0.38476664 0.30384129 -6.76228046
v -0.41244560 0.34907609 -6.76605797
v -0.44079810 0.38684180 -6.77160549
v -0.45570308 0.42940551 -6.76454210
v -0.45631367 0.44839826 -6.75024557
v 0.26526141 -0.40371096 -7.82493258
v 0.29105192 -0.39307374 -7.83737993
v 0.27859539 -0.41853422 -7.83395720
v 0.23001701 -0.43469423 -7.82024384
v 0.24525332 -0.43199658 -7.82822418
v 0.23219889 -0.46061033 -7.83126831
v 0.21679312 -0.46401453 -7.82379246
v 0.24849135 -0.40545845 -7.78886557
v 0.22023183 -0.41493398 -7.77458048
v 0.22095305 -0.41783607 -7.75760937
v 0.24766344 -0.41013557 -7.77038860
v 0.24343711 -0.42406636 -7.72834873
v 0.26902217 -0.42353708 -7.74293184
v 0.25810570 -0.41407067 -7.75403500
v 0.22824860 -0.42360026 -7.73613453
v 0.29910743 -0.44091851 -7.74740171
v 0.27645582 -0.44293201 -7.72617292
v 0.28924203 -0.45884794 -7.73418570
v 0.30229795 -0.45638174 -7.74604797
v 0.25699866 -0.37611115 -7.80050468
v 0.25834358 -0.38385838 -7.76090431
v 0.23162937 -0.00351408 -7.46928310
v 0.17057735 0.05122414 -7.50451994
v 0.10176694 0.06180447 -7.47277594
v 0.15057451 0.08282423 -7.50166750
v -0.00552267 0.07235628 -7.38320017
v 0.19514793 0.02032462 -7.49416685
v 0.03158790 0.24807581 -7.35261440
v 0.15964139 0.21970394 -7.48740625
v 0.17452914 0.27056319 -7.47587824
v 0.00091261 0.13536516 -7.38903666
v 0.01219583 0.19044144 -7.37665176
v 0.15047830 0.11988246 -7.50324154
v 0.09693319 0.10588032 -7.47290707
v 0.15274209 0.17151420 -7.49726820
v 0.19860750 0.32635009 -7.45652866
v 0.23359257 0.36451229 -7.42516041
v -0.41730219 0.09536216 -6.74781847
v -0.43055242 0.07330632 -6.72976875
v -0.38966924 0.12455702 -6.79072618
v -0.39477688 0.09810565 -6.77418184
v -0.40921491 0.12051713 -6.76844358
v -0.40625066 0.15036200 -6.77598906
v -0.43631321 0.17853130 -6.73721790
v -0.42491513 0.14087644 -6.75166607
v -0.40323621 0.19101772 -6.77658272
v -0.41373569 0.22018796 -6.75682688
v -0.39328128 0.23101200 -6.76901627
v -0.38284236 0.20231239 -6.78970623
v -0.26555151 -0.51693666 -7.29506969
v -0.27627391 -0.51433855 -7.28901911
v -0.27115458 -0.49491000 -7.28339148
v -0.27516550 -0.52437776 -7.19172001
v -0.28422529 -0.52489483 -7.19212866
v -0.28314120 -0.54560000 -7.19322205
v -0.27380866 -0.54786724 -7.19444323
v -0.29722196 -0.54073894 -7.21840715
v -0.29999584 -0.54006892 -7.21315193
v -0.29516393 -0.51535279 -7.21174240
v -0.29728335 -0.52074271 -7.21557713
v -0.28192526 -0.49444157 -7.21223116
v -0.28566998 -0.50302905 -7.21611023
v -0.29633552 -0.51001543 -7.25656414
v -0.29817468 -0.50457180 -7.24758530
v -0.28635699 -0.48736298 -7.24685812
v -0.28406590 -0.49330670 -7.25621367
v -0.25137073 -0.46470612 -7.25123596
v -0.25111371 -0.46432316 -7.24233818
v -0.29765826 -0.51657051 -7.21880198
v -0.30485719 -0.51861095 -7.22102690
v -0.30455679 -0.53805637 -7.22419977
v -0.29861611 -0.54001147 -7.22208309
v -0.30536586 -0.52798295 -7.25272655
v -0.29723388 -0.53170079 -7.25972605
v -0.26517600 -0.52204078 -7.18860149
v -0.25812835 -0.50321174 -7.19172478
v -0.26379377 -0.51061994 -7.19310379
v -0.27014989 -0.53056449 -7.18861341
v -0.26645797 -0.54535484 -7.18812418
v -0.26685721 -0.55081695 -7.19336748
v -0.29222780 -0.50572044 -7.26078176
v -0.29398257 -0.50661391 -7.26294851
v -0.29696983 -0.52273989 -7.26721048
v -0.29372400 -0.53015476 -7.26644850
v -0.44799274 0.19472690 -6.70720863
v -0.44873482 0.20858783 -6.70882940
v -0.44830376 0.20339923 -6.71351624
v -0.44796449 0.18176579 -6.71166468
v -0.45648164 0.24444637 -6.70009422
v -0.44952458 0.22561024 -6.71382046
v -0.45148975 0.22280326 -6.70704699
v -0.45705730 0.23435071 -6.69978380
v -0.44878608 0.17836088 -6.70132399
v -0.44961554 0.15906514 -6.70602512
v -0.45218688 0.15363254 -6.69519520
v -0.44937652 0.17316574 -6.69251490
v -0.45621389 0.22049478 -6.65279388
v -0.45519048 0.21132042 -6.64905071
v -0.45360357 0.21365523 -6.64104319
v -0.45221931 0.23030420 -6.64358139
v -0.53269130 0.03792828 -6.60118818
v -0.52912027 0.04886132 -6.60081196
v -0.52826697 0.05525652 -6.60868645
v -0.53203470 0.04779524 -6.61234951
v -0.52594501 0.05264497 -6.63880968
v -0.52577764 0.05634856 -6.63650990
v -0.52022201 0.06174591 -6.64376116
v -0.25935179 -0.47959274 -7.20856619
v -0.26350158 -0.48216182 -7.21654558
v -0.28279406 -0.49767137 -7.20731163
v -0.27621239 -0.49722457 -7.20084000
v -0.22953290 -0.48897839 -7.19674587
v -0.21925932 -0.47535533 -7.20392084
v -0.22614878 -0.47507006 -7.20509911
v -0.24103922 -0.49275541 -7.19686651
v -0.20907885 -0.49242598 -7.29408741
v -0.20305711 -0.47306627 -7.29293966
v -0.26982707 -0.48236483 -7.27356577
v -0.27752525 -0.48452187 -7.26499987
v -0.26220292 -0.48851073 -7.20190096
v -0.27693266 -0.50663638 -7.19630003
v -0.26704341 -0.50521797 -7.19622993
v -0.25976449 -0.49329203 -7.19929218
v -0.27379042 -0.48051208 -7.22557497
v -0.29237753 -0.49909246 -7.22192669
v -0.28406340 -0.49733573 -7.21993971
v -0.27246612 -0.48366791 -7.22214603
v -0.27131778 -0.48063052 -7.25996590
v -0.26498502 -0.47304475 -7.26083946
v -0.28385669 -0.48911178 -7.25892782
v -0.28220576 -0.49127215 -7.25915670
v -0.38475591 0.30504802 -6.75240946
v -0.38227683 0.31355149 -6.75667334
v -0.39466280 0.31832790 -6.76127577
v -0.41631776 0.39342541 -6.70852661
v -0.39575547 0.32706583 -6.76002121
v -0.44890481 0.22085027 -6.70649242
v -0.45247871 0.22521879 -6.69923639
v -0.45178443 0.22452202 -6.70340204
v -0.44853002 0.22286820 -6.70821571
v -0.44919580 0.21067274 -6.70612860
v -0.44923860 0.20648597 -6.70370054
v -0.44749910 0.20827401 -6.70489836
v -0.44713873 0.21211192 -6.70803928
v -0.44827396 0.19532546 -6.68851900
v -0.44780666 0.19279052 -6.68348026
v -0.44635564 0.19639997 -6.68520355
v -0.44685131 0.19854750 -6.69010878
v -0.45373684 0.18682176 -6.65584517
v -0.45465750 0.17283411 -6.65904474
v -0.45971233 0.16694486 -6.65001345
v -0.45796329 0.17958607 -6.64434958
v -0.45503694 0.20920844 -6.65606689
v -0.45768780 0.22021666 -6.66292620
v -0.45703632 0.22596072 -6.68338394
v -0.45544988 0.22605723 -6.69415522
v -0.45474082 0.22788565 -6.68819475
v -0.45464438 0.22724296 -6.67951488
v -0.45550960 0.23073743 -6.69901800
v -0.46063429 0.23989567 -6.68973780
v -0.45271140 0.22667895 -6.70375729
v -0.44852930 0.20719409 -6.70651817
v -0.44817883 0.19689335 -6.70266247
v -0.45955950 0.22808522 -6.67236042
v -0.45813757 0.23376620 -6.66120338
v -0.46083266 0.23899125 -6.67525911
v -0.45870990 0.23087268 -6.68670464
v 0.56990474 0.13210261 -7.75800514
v 0.53823531 0.17263457 -7.72000551
v 0.60200977 0.07980606 -7.79860878
v 0.62989461 0.02378350 -7.83453369
v 0.66615385 -0.02742827 -7.87222481
v 0.69639349 -0.05722934 -7.89148426
v 0.71635699 -0.07727727 -7.90816164
v 0.74623233 -0.11827481 -7.91452026
v 0.04357064 0.08960810 -7.43753815
v 0.27505308 0.17507108 -7.67266846
v 0.27427149 0.23295406 -7.64306545
v -0.17799002 0.15730421 -7.12602234
v 0.43825686 0.14751786 -7.65780592
v -0.39681107 0.07493365 -6.75340652
v -0.39298123 0.06465226 -6.75384426
v -0.37576133 0.11204673 -6.75949955
v -0.40217549 0.02630764 -6.71240139
v -0.22822315 0.04269785 -7.08621836
v -0.52191406 0.06229758 -6.60225821
v -0.51935035 0.07056296 -6.61460018
v -0.44867831 0.14228734 -6.71286488
v -0.44478995 0.16624360 -6.72023010
v -0.41443270 0.05907398 -6.73620987
v -0.43619162 0.02333921 -6.71186304
v -0.45798546 0.00844020 -6.69807243
v -0.45144993 0.00799838 -6.70390844
v -0.41731125 0.02981234 -6.72656345
v -0.42260891 0.03053895 -6.72303963
v -0.45381731 0.01035658 -6.70370674
v -0.42733651 0.02873185 -6.71869421
v -0.47036058 -0.01704058 -6.68571615
v -0.46794623 -0.00428039 -6.69123745
v -0.38607007 0.04904622 -6.74876976
v -0.38336760 0.04348224 -6.74314594
v -0.36970645 0.03684407 -6.73729992
v -0.45280224 -0.02870619 -6.68326950
v -0.39261967 0.05249399 -6.74563742
v -0.47962159 -0.00584257 -6.68530369
v -0.43675357 0.02571827 -6.71204996
v -0.41061145 0.04013631 -6.72684526
v -0.40950924 0.03997964 -6.72796488
v -0.43747944 0.02663603 -6.71229839
v -0.47817236 -0.03089884 -6.66253376
v -0.48067909 -0.01812726 -6.67781162
v -0.49458414 -0.01973391 -6.66968775
v -0.50003737 -0.02108192 -6.66559839
v -0.49743539 -0.01336807 -6.67440891
v -0.48794252 -0.01427400 -6.67844772
v -0.21913880 0.00981027 -7.07652950
v 0.17483288 0.08472943 -7.52186346
v 0.16923445 0.13493505 -7.51741743
v 0.17445660 0.05823624 -7.55880737
v -0.18356305 -0.00795269 -7.21014309
v 0.27176136 0.06087387 -7.71199512
v 0.25510329 0.11575939 -7.68312120
v 0.32464892 0.12071216 -7.71503782
v 0.33693951 0.07200542 -7.72741699
v 0.36317426 -0.09634322 -7.76401806
v 0.36252218 -0.05205888 -7.74562836
v 0.37136516 -0.05933201 -7.71042013
v 0.25568867 -0.13611135 -7.71470451
v 0.25989169 -0.13593176 -7.67903614
v 0.36301750 -0.16421601 -7.80514812
v 0.32827652 -0.17085493 -7.79949665
v 0.32631058 -0.14877626 -7.79116583
v 0.35923785 -0.14090589 -7.79287243
v 0.28825891 -0.14616030 -7.77474546
v 0.34099692 0.26999295 -7.66042519
v 0.22754627 0.24326083 -7.58511972
v -0.44438058 0.40440875 -6.76620674
v -0.44205970 0.42185897 -6.75178146
v -0.48764473 0.01578772 -6.69026375
v -0.50145632 0.00157034 -6.67858648
v -0.44439989 0.19461788 -6.72272062
v -0.22968251 -0.37491339 -7.22374296
v -0.22653168 -0.38409346 -7.20785904
v -0.21274763 -0.37357914 -7.25574255
v -0.21786994 -0.43223029 -7.27555323
v -0.15913755 -0.38064337 -7.25768805
v -0.16381520 -0.43439639 -7.27360535
v -0.15652770 -0.40742362 -7.21815825
v -0.16309887 -0.46448016 -7.23178720
v -0.18728310 -0.35548073 -7.17865944
v -0.21419293 -0.39796108 -7.19725037
v -0.19335991 -0.40890074 -7.19389343
v -0.23515898 -0.43534452 -7.25647020
v -0.18371528 -0.33430898 -7.25328207
v -0.13065821 -0.17552006 -7.14965487
v -0.09867561 -0.15813196 -7.22942400
v 0.49053526 0.24969777 -7.64359474
v 0.20902318 -0.01257920 -7.66047192
v 0.19590110 0.04755461 -7.64085102
v 0.22073609 -0.42445558 -7.80511522
v 0.21503770 -0.42547596 -7.78978014
v 0.23390985 -0.41956067 -7.80449438
v 0.24334610 -0.41769153 -7.81725025
v 0.28430110 0.38257533 -7.38954735
v 0.30985010 0.38762963 -7.43160391
v 0.26653618 0.37443936 -7.45420218
v -0.17062956 -0.42805469 -7.20414925
v -0.16209298 -0.41134405 -7.20711136
v -0.16681439 -0.46053976 -7.22125864
v -0.17338532 -0.46404183 -7.21449137
v -0.18371850 -0.15708226 -7.23228836
v 0.32708925 0.01314119 -7.73726702
v 0.25681800 -0.00654167 -7.72092104
v 0.37126118 0.00746956 -7.72183228
v 0.32309693 -0.04280895 -7.74775791
v 0.26952344 -0.05976927 -7.73810863
v 0.33810109 -0.08535162 -7.75937843
v 0.34892493 -0.19816005 -7.80759192
v 0.34278077 -0.24245137 -7.80799198
v 0.35845369 -0.23762029 -7.80195713
v 0.35181493 -0.28127974 -7.80762291
v 0.33614558 -0.28809822 -7.81503773
v 0.32044786 -0.38316554 -7.83696032
v 0.34215605 -0.38369721 -7.82009792
v 0.30812389 -0.40912014 -7.83477354
v 0.31267411 -0.19124341 -7.80273294
v 0.31356496 -0.23510391 -7.80487108
v 0.29678464 -0.41395050 -7.83552599
v 0.28895330 -0.41634476 -7.83484077
v -0.17854673 -0.44502479 -7.28507805
v 0.21796590 -0.43567580 -7.74850130
v 0.24777138 -0.41714925 -7.76272392
v 0.24411899 -0.41162878 -7.80456352
v 0.21173638 -0.43339843 -7.78538990
v 0.19505513 -0.47595412 -7.79026794
v 0.18713653 -0.47067416 -7.77427149
v 0.25542432 -0.44688058 -7.72940159
v 0.28048915 -0.42695528 -7.74477720
v 0.19876784 -0.48083282 -7.74855471
v 0.19792712 -0.47617495 -7.73662186
v 0.31088668 -0.46823293 -7.76621532
v 0.31923729 -0.43750805 -7.77028704
v 0.31038189 -0.44828320 -7.75759840
v 0.30415112 -0.47471380 -7.75473976
v 0.30352098 -0.42028236 -7.75222588
v 0.28511661 -0.43446738 -7.74195051
v 0.25933862 -0.43830264 -7.72317219
v 0.23313761 -0.48697644 -7.71832275
v 0.24402708 -0.48782712 -7.71516466
v -0.30016738 0.06107855 -6.78497601
v -0.31420022 0.07331866 -6.79498148
v -0.29935187 0.07729167 -6.81149197
v -0.28743297 0.06334880 -6.80176210
v -0.32678968 0.08612512 -6.80388594
v -0.34329861 0.09794007 -6.81132698
v -0.32855254 0.10840337 -6.82481098
v -0.31091982 0.09175740 -6.81968451
v -0.42579204 0.24674797 -6.73939133
v -0.43144935 0.27036375 -6.71851397
v -0.40470630 0.28278750 -6.73120165
v -0.40024763 0.25994152 -6.74829197
v -0.41673881 0.29739580 -6.67359734
v -0.40895730 0.29598129 -6.64889431
v -0.38609880 0.33383808 -6.64899921
v -0.39232236 0.32425162 -6.67804480
v -0.36176306 0.11364341 -6.81355619
v -0.34924215 0.12964927 -6.82744598
v -0.47488493 0.14064860 -6.63034678
v -0.46804720 0.14652337 -6.64625978
v -0.47946411 0.12591642 -6.64156389
v -0.48723441 0.11842287 -6.62669325
v -0.45902222 0.13907126 -6.68540478
v -0.46598154 0.13050754 -6.67386150
v -0.45584673 0.15372854 -6.67621851
v -0.45203453 0.16245905 -6.68488932
v -0.48298913 0.12667623 -6.61619234
v -0.47377247 0.14311038 -6.61777687
v -0.45709401 0.12795815 -6.69848967
v -0.48007351 0.00004852 -6.68565750
v -0.48162550 -0.00357842 -6.68509197
v -0.49338943 -0.02067631 -6.65338802
v -0.49430829 -0.01134664 -6.66853094
v -0.48926669 -0.01499093 -6.67263794
v -0.49102765 -0.02402318 -6.65688324
v -0.47372633 -0.01137787 -6.68256807
v -0.46989828 -0.01769584 -6.67430449
v -0.47590381 -0.00285649 -6.68650341
v -0.48603112 -0.01148358 -6.67251062
v -0.48480707 -0.01669210 -6.66162443
v -0.47988242 -0.00408030 -6.68464565
v -0.45688361 0.01093793 -6.70050859
v -0.39423472 0.05765253 -6.74956989
v -0.39995688 0.04586691 -6.73805189
v -0.45857602 0.00139892 -6.70096350
v -0.47571808 -0.00675890 -6.69010973
v -0.47644764 -0.00814009 -6.68936157
v -0.46082288 -0.00014120 -6.69960260
v -0.40942580 0.04490489 -6.73206615
v -0.39916593 0.05547282 -6.74161005
v -0.39985162 0.04564735 -6.73716354
v -0.48757631 -0.03425109 -6.64895725
v -0.48669273 -0.03426909 -6.64870644
v -0.48997599 -0.02713078 -6.66272211
v -0.44530624 0.00920346 -6.70908546
v -0.44214779 0.01079726 -6.70952463
v -0.42222470 0.03029853 -6.72326756
v -0.42065614 0.02680480 -6.72125769
v -0.49018186 -0.01997143 -6.67275000
v -0.48547333 -0.01556939 -6.67969036
v -0.48468357 -0.01487046 -6.68059444
v -0.49059039 -0.02102977 -6.67181730
v -0.48916322 -0.03445345 -6.64312553
v -0.49013287 -0.02835804 -6.65768719
v -0.44942290 0.01324004 -6.70817471
v -0.42878395 0.03674918 -6.72171450
v -0.39279729 0.05615759 -6.74637890
v -0.40129596 0.05418646 -6.74334955
v -0.40474743 0.04758912 -6.73697710
v -0.45655137 0.01247376 -6.70126534
v -0.47892505 -0.00068560 -6.68678856
v -0.49113160 -0.02213949 -6.65727568
v -0.49751025 -0.01835448 -6.66701174
v -0.49301487 -0.02463990 -6.65612793
v -0.48970348 -0.03117067 -6.65068817
v -0.49331111 -0.02521962 -6.66348362
v -0.47756439 -0.00362366 -6.69159222
v -0.45892960 0.00539899 -6.70237303
v -0.46474344 0.01153153 -6.70278311
v -0.48064238 0.00019598 -6.69123602
v -0.40662748 0.05091876 -6.73602247
v -0.40697223 0.04025370 -6.73114347
v -0.39889604 0.04411048 -6.73701572
v -0.49613053 -0.01263794 -6.67653418
v -0.49229091 -0.01922977 -6.67332363
v -0.42218763 0.03794628 -6.72257805
v -0.41969568 0.02966312 -6.72227573
v -0.48730665 -0.00845313 -6.68364525
v -0.48470360 -0.01351500 -6.68260050
v -0.40368253 0.04708385 -6.73782873
v -0.21504015 0.04471755 -7.03163195
v -0.23195082 0.03151450 -6.90995121
v -0.27904838 0.06532031 -6.81967640
v -0.26941437 0.05939850 -6.83153820
v -0.17662674 -0.04128456 -7.01861715
v -0.20235306 -0.01598018 -7.04209375
v -0.09025389 0.22936091 -7.17304182
v -0.16448027 -0.47451270 -7.26468229
v -0.17727679 -0.49921143 -7.26326656
v -0.16959232 -0.33585954 -7.25304699
v -0.17551130 -0.38446349 -7.26531363
v 0.37219745 -0.12312025 -7.77490616
v 0.30874735 -0.16912329 -7.68729019
v 0.34428966 -0.17452908 -7.69937086
v 0.36962846 -0.17131400 -7.73089266
v 0.36468261 -0.23264360 -7.78408718
v -0.42869478 0.20859766 -6.74493217
v -0.41883475 0.17953196 -6.75986910
v -0.44084102 0.22729875 -6.72740746
v -0.50125366 -0.02750099 -6.64831543
v -0.44244009 0.05002850 -6.71780348
v -0.45961875 0.02441132 -6.70662165
v -0.47189051 0.04458976 -6.70026588
v -0.45272142 0.06879628 -6.71283150
v -0.50569874 -0.01796234 -6.66207218
v -0.50409371 -0.01190841 -6.66981030
v -0.46451241 0.16199857 -6.63717556
v -0.45853215 0.18088919 -6.63355303
v -0.46484917 0.16105047 -6.62225103
v -0.45643681 0.17859130 -6.62134266
v -0.44725400 0.21661203 -6.62996674
v -0.44057220 0.24164061 -6.63414478
v -0.44943732 0.24822591 -6.65202045
v -0.42982489 0.26710501 -6.64310646
v -0.43984658 0.27031663 -6.66469002
v -0.45690209 0.25050533 -6.66623974
v -0.44942123 0.25625870 -6.70989847
v -0.46928173 0.11104938 -6.68230677
v -0.47741300 0.10970765 -6.66827679
v -0.49990028 0.09965362 -6.62277603
v -0.49534231 0.10634354 -6.61283922
v -0.49820322 0.09769659 -6.60108805
v -0.48521894 0.11626059 -6.60272789
v -0.52588874 0.01849115 -6.64175510
v -0.52552301 0.00836629 -6.63439083
v -0.45544511 0.19800340 -6.64552641
v -0.45457333 0.19906367 -6.65446234
v -0.47349244 0.13658188 -6.60778189
v -0.46550184 0.15228055 -6.61163950
v -0.45372301 0.19993529 -6.63499546
v -0.45167607 0.19444720 -6.62505579
v -0.44922870 0.18656491 -6.61377287
v -0.45189816 0.21487281 -6.67318201
v -0.44934732 0.20851675 -6.67408943
v -0.45336121 0.20647572 -6.66767979
v -0.45516211 0.21564235 -6.67039394
v -0.44954878 0.17404990 -6.67863321
v -0.44855195 0.18017702 -6.68582964
v -0.45811468 0.22063230 -6.67012739
v -0.45654160 0.22240059 -6.67562437
v -0.45594937 0.21226785 -6.66398096
v -0.44910043 0.20787998 -6.70577335
v -0.44916111 0.21614186 -6.70770788
v -0.44947702 0.21621569 -6.70746756
v -0.45043832 0.19981490 -6.67040777
v -0.45209771 0.19462053 -6.66422749
v -0.45413059 0.20196481 -6.66013145
v -0.45844823 0.22587128 -6.67933655
v -0.50542861 0.08867306 -6.63195324
v -0.51015002 0.08435898 -6.62076855
v -0.49263960 0.10666783 -6.63683844
v -0.48526388 0.09171578 -6.66961765
v -0.49124652 0.09490554 -6.65724325
v -0.48136717 0.10984513 -6.66012764
v -0.50874311 0.08496745 -6.60973978
v -0.44421726 0.02229440 -6.70960712
v -0.44099337 0.01488215 -6.71028519
v -0.52938682 0.02442601 -6.59317493
v -0.52725524 0.04133672 -6.59249163
v -0.50908166 0.07875392 -6.59573030
v -0.51894957 0.05947024 -6.59107924
v -0.40488094 0.28971240 -6.62826872
v -0.38863164 0.33165306 -6.62754202
v -0.45607525 0.16797692 -6.61093664
v -0.42396647 0.25849658 -6.62653637
v -0.44834596 0.19254823 -6.69239759
v -0.44888324 0.19706976 -6.69802761
v -0.44827813 0.18795668 -6.69639254
v -0.44833285 0.18539782 -6.69092989
v -0.51020271 -0.01590115 -6.65544224
v -0.40412599 0.30533919 -6.70673180
v -0.43167287 0.28267294 -6.69741583
v -0.50827509 0.01239341 -6.67147827
v -0.51072508 -0.00456703 -6.66458178
v -0.51648265 0.01131195 -6.65926790
v -0.51006013 0.02653265 -6.66726160
v -0.49896079 0.02922010 -6.68080568
v -0.48503906 0.05478173 -6.68594933
v -0.50366145 0.04555368 -6.67031956
v -0.49060303 0.06980175 -6.67509937
v -0.52266151 0.00674653 -6.64659023
v -0.52336246 0.01995838 -6.65088511
v -0.51705223 -0.00536984 -6.65143251
v -0.43446666 0.45785403 -6.73225880
v -0.45912677 0.25324893 -6.68114519
v -0.44798523 0.26933283 -6.68795395
v -0.45254749 0.22760879 -6.70222902
v -0.45122319 0.22417116 -6.70534897
v -0.44917923 0.20248464 -6.70222473
v -0.44818622 0.18944684 -6.68710470
v -0.44807488 0.18785012 -6.68219471
v -0.45695347 0.22741416 -6.68909454
v -0.44772011 0.20268106 -6.67539597
v -0.44715291 0.19756947 -6.67514896
v -0.44943076 0.19106717 -6.66950369
v -0.45339686 0.22251993 -6.67488766
v -0.44751388 0.21628316 -6.70829439
v -0.44753498 0.20181744 -6.69347620
v -0.44903761 0.19941890 -6.69396544
v -0.45203477 0.21938062 -6.70196104
v -0.45384091 0.22168808 -6.69386625
v -0.45330793 0.21834403 -6.67587662
v -0.45439512 0.22439170 -6.67814541
v -0.44914728 0.20656261 -6.67676067
v -0.44861370 0.20362797 -6.67946863
v -0.44830149 0.20016257 -6.68672848
v -0.44860452 0.20205915 -6.68905735
v -0.44950408 0.20683181 -6.69094276
v -0.44920522 0.21093307 -6.70253325
v -0.44801217 0.20547202 -6.69869041
v -0.44972068 0.21051468 -6.69845247
v -0.44907528 0.21392740 -6.70593548
v -0.44907564 0.21778618 -6.70622396
v -0.44864160 0.20189144 -6.68444872
v -0.44635981 0.19674277 -6.68221426
v -0.45047003 0.21123637 -6.67860699
v -0.45550460 0.22721307 -6.68138647
v -0.45455831 0.22341196 -6.68400669
v -0.35819679 0.28985471 -6.75875950
v -0.36585456 0.30773777 -6.74473858
v -0.37493461 0.31166583 -6.73461246
v -0.37574893 0.29506144 -6.74435902
v -0.37210160 0.26680893 -6.76199102
v -0.36758906 0.26032519 -6.77051783
v -0.36219150 0.27215105 -6.76765490
v 0.31104088 -0.43021756 -7.75924873
v 0.32872987 -0.40863144 -7.76585865
v 0.77160525 -0.10784358 -7.92715740
v 0.76252902 -0.11202675 -7.92800808
v 0.75642753 -0.12105298 -7.92152357
v -0.47117049 0.13395612 -6.65492582
v -0.48469883 0.11167970 -6.65076494
v -0.51563722 0.07621437 -6.62590837
v -0.49926072 0.09187180 -6.64424944
v -0.49354607 -0.03410870 -6.63580370
v 0.32855320 -0.26747358 -7.73413658
v 0.35235482 -0.25383782 -7.75421619
v 0.34202987 -0.40117460 -7.79203987
v 0.33046538 -0.33937275 -7.82690239
v 0.34802324 -0.32881081 -7.81210709
v -0.24483675 -0.46668464 -7.22251225
v -0.23895782 -0.46480095 -7.21621227
v -0.16917437 -0.49016476 -7.24426222
v -0.22702140 -0.44072026 -7.27253056
v -0.23326629 -0.46013594 -7.27963638
v -0.22758096 -0.46593428 -7.20786476
v -0.21385461 -0.46500582 -7.20493221
v 0.18898934 -0.47270596 -7.75376558
v 0.21297276 -0.48060870 -7.71971035
v 0.19505769 -0.46622944 -7.79807425
v -0.31939858 0.37654755 -6.66613960
v -0.17160565 -0.37637359 -7.18951035
v -0.19936448 -0.47057992 -7.20482969
v -0.18011802 -0.47002971 -7.21226072
v -0.17635006 -0.42436630 -7.20272541
v -0.32589120 0.27780864 -6.79635763
v -0.29080802 0.37927359 -6.68562603
v -0.31443483 0.14930500 -6.84948397
v -0.32939798 0.18239257 -6.83404684
v -0.30955011 0.19232409 -6.85843754
v -0.29689080 0.15218002 -6.87505054
v -0.28748399 0.07786617 -6.83038807
v -0.27903408 0.07768360 -6.84516716
v -0.29753000 0.09387377 -6.83563662
v -0.31134254 0.11516263 -6.83756638
v -0.29605037 0.11913541 -6.85226583
v -0.28540987 0.09513497 -6.84532928
v -0.35043818 0.16830774 -6.82829666
v -0.36188132 0.19285707 -6.81385326
v -0.34094983 0.21320827 -6.81576061
v -0.33300644 0.14064053 -6.83552456
v -0.35143572 0.23811384 -6.79589987
v -0.26663977 0.06558508 -6.87543392
v -0.25791818 0.04511231 -6.85865736
v -0.28321975 0.12396936 -6.88662529
v -0.27645808 0.09555450 -6.87532091
v -0.32103866 0.23432457 -6.83000660
v 0.30483991 -0.09058765 -7.62447214
v 0.35387892 -0.08655310 -7.66006422
v -0.45149976 0.18200743 -6.66357899
v -0.44990951 0.21767774 -6.70663023
v -0.44785100 0.19048719 -6.67982483
v -0.46011668 0.14870554 -6.66761303
v -0.45224744 0.16652028 -6.67369413
v -0.47288448 0.12469071 -6.66276169
v -0.50603646 0.07705981 -6.65054321
v -0.51474899 0.07503754 -6.63723564
v -0.22405082 -0.37763447 -7.24392128
v -0.52087921 -0.00459582 -6.63666582
v -0.51585132 -0.01248121 -6.62486219
v -0.52995998 0.05213588 -6.62069798
v -0.46663719 0.08678363 -6.69636822
v -0.50476271 -0.02708435 -6.63007116
v -0.52815467 0.05329365 -6.62905979
v -0.52823836 0.05081487 -6.63224602
v -0.49742526 0.07775745 -6.66188240
v -0.52548820 0.06210494 -6.62210226
v -0.47739774 0.08941649 -6.68123960
v -0.51776129 0.03520763 -6.65771246
v -0.51021641 0.05882585 -6.65827084
v -0.51252300 -0.01773578 -6.64089441
v -0.44930512 0.20333801 -6.69995499
v -0.44932884 0.18243313 -6.66938734
v -0.45269781 0.17238322 -6.66422176
v -0.44854420 0.17958687 -6.67629099
v -0.45182043 0.17017262 -6.67021370
v -0.44834548 0.18476737 -6.67499638
v -0.45926744 0.15710771 -6.65939856
v -0.28121918 -0.49896991 -7.27718782
v -0.29005438 -0.50231862 -7.26688385
v -0.26834303 -0.47994947 -7.21752214
v -0.27522975 -0.48761654 -7.21898603
v -0.26777405 -0.47424757 -7.25114107
v -0.27408153 -0.48224574 -7.25711918
v -0.24928480 -0.48894173 -7.19731855
v -0.25690871 -0.49489707 -7.19750357
v -0.29646367 -0.51871032 -7.20714903
v -0.28893596 -0.51738065 -7.19890833
v -0.26456028 -0.47352207 -7.23610973
v -0.26193076 -0.47230637 -7.24710178
v 0.28186023 -0.48748195 -7.73218822
v 0.29468912 -0.48110634 -7.74356699
v 0.31616539 -0.45838422 -7.77968121
v 0.32878989 -0.42563164 -7.78455734
v -0.18945628 -0.49567789 -7.21318483
v -0.20339781 -0.50624871 -7.20290375
v 0.26933461 -0.44839990 -7.83638763
v 0.25937909 -0.45430988 -7.83642530
v 0.30231053 -0.44660646 -7.82016563
v 0.29788196 -0.44352823 -7.82578897
v 0.28881049 -0.44075656 -7.83292484
v 0.28337997 -0.44040394 -7.83512211
v 0.32505310 -0.41175205 -7.82609177
v 0.29405475 -0.08973008 -7.75874043
v 0.17140001 0.18250705 -7.51062059
v 0.22909695 0.34492633 -7.48302794
v 0.27238083 -0.12670743 -7.75253963
v 0.34042650 -0.12136510 -7.77747440
v 0.30328429 -0.12658289 -7.77683640
v -0.44717890 0.19261663 -6.67508030
v -0.44633514 0.19422688 -6.67840481
v -0.45017868 0.42590547 -6.78436518
v -0.31021744 -0.53140801 -7.24109268
v -0.30938870 -0.53563970 -7.22945118
v -0.26020032 -0.54967064 -7.18767118
v -0.24722975 -0.54673439 -7.18596983
v -0.28933614 -0.51765633 -7.28019094
v -0.29643184 -0.51951861 -7.27072191
v -0.30056781 -0.53903961 -7.20594263
v -0.29164916 -0.54284614 -7.19545078
v 0.26365018 -0.48843628 -7.71831179
v 0.20345521 -0.46942097 -7.81383371
v -0.52438432 0.06197715 -6.63307047
v -0.45898086 0.43661612 -6.77909708
v -0.45798427 0.42331436 -6.77410793
v -0.45194393 0.41117036 -6.77213526
v -0.26176804 -0.47380078 -7.25856256
v -0.25777954 -0.47020125 -7.26128912
v -0.26224524 -0.47785836 -7.22340202
v -0.26021928 -0.47365910 -7.22727823
v -0.23224837 -0.45444471 -7.21409941
v -0.23712999 -0.47011507 -7.21120214
v -0.23199755 -0.47266537 -7.20710993
v -0.24075943 -0.44340223 -7.24803972
v -0.24597162 -0.45959294 -7.26104498
v -0.24952835 -0.46377593 -7.25691605
v -0.26244503 -0.48204219 -7.27953196
v -0.24810165 -0.47254819 -7.28021955
v -0.24350995 -0.45049798 -7.23835516
v -0.23661679 -0.44361371 -7.22433996
v -0.24701053 -0.46006769 -7.23387575
v -0.24561435 -0.46298039 -7.22682905
v -0.19073778 -0.51773876 -7.21998549
v -0.20307893 -0.53019005 -7.20887470
v -0.21943885 -0.52500588 -7.19389725
v -0.21699744 -0.54349023 -7.20034981
v -0.25197607 -0.48590082 -7.20294380
v -0.24645549 -0.48360217 -7.20241737
v -0.23754627 -0.52599198 -7.18648529
v -0.23213345 -0.54550773 -7.19104338
v -0.22602743 -0.50278157 -7.19247055
v -0.23823494 -0.51170725 -7.18757296
v -0.17691284 -0.50911146 -7.24580956
v -0.21218270 -0.47871506 -7.20243502
v -0.20626372 -0.54137379 -7.21365309
v -0.22205561 -0.55156398 -7.20227003
v -0.21021730 -0.50256211 -7.29216766
v -0.21725899 -0.50175107 -7.29474306
v -0.18876976 -0.52465343 -7.23454666
v -0.18124968 -0.51418066 -7.23478937
v -0.19532949 -0.53142798 -7.22244596
v -0.26574117 -0.52770817 -7.29463911
v -0.26809889 -0.52426529 -7.29453039
v -0.26080638 -0.52271670 -7.29657698
v -0.25916582 -0.52796930 -7.29555655
v -0.27473551 -0.55316305 -7.20240974
v -0.28522092 -0.55049783 -7.20063496
v -0.29488522 -0.54602617 -7.21477032
v -0.29011256 -0.54657614 -7.22179461
v -0.29248422 -0.54779559 -7.20449018
v -0.29625148 -0.54543006 -7.21013784
v -0.30297655 -0.54155540 -7.22986746
v -0.29589576 -0.54451346 -7.22872496
v -0.28930217 -0.53759801 -7.26051760
v -0.29857391 -0.53663898 -7.25318909
v -0.30375355 -0.53793150 -7.24473763
v -0.30503827 -0.53969175 -7.23568678
v -0.28556424 -0.52528358 -7.28420973
v -0.29383510 -0.52743155 -7.27407217
v -0.18614012 -0.51564175 -7.25870514
v -0.19105262 -0.50800115 -7.27298737
v -0.18382138 -0.51890719 -7.24540854
v -0.20138019 -0.50334746 -7.28367710
v -0.24982959 -0.55436516 -7.19023752
v -0.26048487 -0.55323094 -7.19208765
v -0.22834450 -0.50985211 -7.29691124
v -0.24848276 -0.52093118 -7.29810858
v -0.27970308 -0.52963817 -7.28644323
v -0.27555746 -0.52389234 -7.29114389
v -0.27263004 -0.52815121 -7.29168558
v -0.23804075 -0.55397904 -7.19268990
v -0.20385700 -0.52647400 -7.25819492
v -0.19799453 -0.52286762 -7.25802469
v -0.19461375 -0.52635515 -7.24820232
v -0.19939941 -0.53037810 -7.24912262
v -0.19724900 -0.53267515 -7.24063396
v -0.19563299 -0.53070235 -7.23414564
v -0.19967777 -0.53594929 -7.23191690
v -0.20000654 -0.53598452 -7.22495747
v -0.20378906 -0.54041570 -7.22627401
v -0.20603305 -0.54242390 -7.22087812
v -0.20986289 -0.54546720 -7.22681999
v -0.21538097 -0.54881090 -7.21632099
v -0.21755368 -0.54780328 -7.22670937
v -0.22437805 -0.55083793 -7.22209930
v -0.22578245 -0.54963398 -7.23234367
v -0.23258501 -0.55031854 -7.22629595
v -0.24137360 -0.55283040 -7.23079967
v -0.24736387 -0.55269796 -7.22368097
v -0.25411206 -0.55150133 -7.23053265
v -0.26058608 -0.55156034 -7.22410393
v -0.26432103 -0.54931474 -7.23014784
v -0.25810212 -0.54939318 -7.23722601
v -0.27119738 -0.54597479 -7.24466753
v -0.26311070 -0.54610848 -7.25112629
v -0.25993818 -0.54768139 -7.24506664
v -0.26800090 -0.54753613 -7.23689461
v -0.25993103 -0.54290801 -7.26567936
v -0.25984579 -0.54496694 -7.25831604
v -0.26860088 -0.54356098 -7.25649214
v -0.26363117 -0.54093772 -7.26986694
v -0.25199586 -0.54001516 -7.27468872
v -0.25480849 -0.53877258 -7.27903318
v -0.24901980 -0.53759789 -7.28321552
v -0.25220102 -0.53652465 -7.28616714
v -0.24525481 -0.53295892 -7.28985405
v -0.24777538 -0.53022325 -7.29342365
v -0.24065334 -0.52712178 -7.29303885
v -0.23932141 -0.52257818 -7.29583740
v -0.23289353 -0.52141690 -7.29275274
v -0.23027831 -0.51707017 -7.29426527
v -0.22540551 -0.51721889 -7.29040146
v -0.22100002 -0.51130766 -7.29178143
v -0.22005564 -0.51748252 -7.28469944
v -0.21364480 -0.51262331 -7.28428125
v -0.20723432 -0.51404136 -7.27614498
v -0.21421760 -0.51943725 -7.27463245
v -0.20180064 -0.51814049 -7.26689863
v -0.20760423 -0.52183837 -7.26683283
v -0.25749093 -0.53608960 -7.28939724
v -0.25875026 -0.53279698 -7.29325533
v -0.25492913 -0.53081173 -7.29402924
v -0.25517541 -0.53580165 -7.28812647
v -0.26008767 -0.53829825 -7.28413630
v -0.25968081 -0.53900212 -7.28074837
v -0.26680571 -0.53993416 -7.27885914
v -0.27027756 -0.53967220 -7.27341223
v -0.27478153 -0.53881389 -7.27640963
v -0.28228670 -0.53723156 -7.27078390
v -0.27940518 -0.53649265 -7.27853251
v -0.28600556 -0.53320390 -7.27740383
v -0.27826577 -0.53421432 -7.28366470
v -0.27372211 -0.53203577 -7.28917551
v -0.26810569 -0.53115022 -7.29245996
v -0.26274949 -0.53126574 -7.29381418
v -0.28040594 -0.54400355 -7.24748611
v -0.28162843 -0.54291534 -7.25132418
v -0.27751762 -0.54258972 -7.25358009
v -0.27659458 -0.54427588 -7.24743462
v -0.28386277 -0.54494780 -7.24156094
v -0.28119880 -0.54518604 -7.24020338
v -0.29021460 -0.54491353 -7.23525524
v -0.28960127 -0.54470015 -7.23827219
v -0.29441231 -0.54398090 -7.23690128
v -0.29893380 -0.54291415 -7.23443127
v -0.29763824 -0.54258317 -7.23863554
v -0.30088156 -0.54081619 -7.23933411
v -0.29766876 -0.54147923 -7.24239111
v -0.29945797 -0.53998244 -7.24375010
v -0.29486781 -0.54086339 -7.24744320
v -0.29760975 -0.53912097 -7.24840975
v -0.29097706 -0.53982961 -7.25314617
v -0.28956491 -0.54131526 -7.25062609
v -0.28538531 -0.54193407 -7.25225878
v -0.28320748 -0.54107451 -7.25571680
v -0.26952451 -0.55318981 -7.21404314
v -0.27074164 -0.55162126 -7.21884012
v -0.26633555 -0.55211449 -7.21894312
v -0.26217932 -0.55351192 -7.21348572
v -0.27335995 -0.55368239 -7.20864296
v -0.28104049 -0.55254239 -7.20508575
v -0.28786021 -0.55041689 -7.20597315
v -0.29213470 -0.54823816 -7.21029377
v -0.28986543 -0.54831082 -7.21490574
v -0.28128618 -0.54863727 -7.22128010
v -0.28609818 -0.54823375 -7.21841764
v -0.27621895 -0.54803920 -7.22678089
v -0.27479011 -0.54983586 -7.22165060
v -0.26897198 -0.55028504 -7.22370720
v -0.23015314 -0.55718195 -7.20841932
v -0.22829705 -0.55487031 -7.21432018
v -0.22553080 -0.55440491 -7.21440744
v -0.22858101 -0.55565685 -7.20459461
v -0.23717839 -0.55755788 -7.20218754
v -0.24099833 -0.55613142 -7.19689083
v -0.24561805 -0.55715513 -7.19966698
v -0.25117904 -0.55578238 -7.19545984
v -0.25151271 -0.55661362 -7.20060730
v -0.25797445 -0.55514002 -7.19746733
v -0.24601799 -0.55534983 -7.21377134
v -0.25177318 -0.55576015 -7.20861387
v -0.25383514 -0.55497348 -7.21029234
v -0.24717957 -0.55442381 -7.21627903
v -0.23809618 -0.55433184 -7.21715498
v -0.23531610 -0.55369413 -7.22029638
v -0.23062009 -0.55266339 -7.21763849
v -0.22834593 -0.55269223 -7.21809435
v -0.27351195 -0.55254906 -7.21477842
v -0.27515513 -0.55118030 -7.21778440
v -0.27509469 -0.55310696 -7.21139812
v -0.27909464 -0.55276394 -7.20884848
v -0.28385192 -0.55161160 -7.20844555
v -0.28742617 -0.55001909 -7.21102571
v -0.28629023 -0.54977626 -7.21392775
v -0.28192967 -0.54960567 -7.21817827
v -0.28516465 -0.54942816 -7.21601534
v -0.27828687 -0.55031145 -7.21878767
v -0.23302037 -0.55768299 -7.21031952
v -0.23252434 -0.55599087 -7.21395016
v -0.23685151 -0.55814344 -7.20619392
v -0.24208230 -0.55787355 -7.20372677
v -0.24629194 -0.55733407 -7.20369101
v -0.25414008 -0.55594140 -7.20387411
v -0.24868280 -0.55678010 -7.20549774
v -0.24824101 -0.55657345 -7.20828533
v -0.24491054 -0.55622375 -7.21171045
v -0.23963100 -0.55507833 -7.21468019
v -0.23485738 -0.55484068 -7.21583986
v -0.28346080 -0.54400587 -7.24718952
v -0.28464609 -0.54318768 -7.24914217
v -0.28476530 -0.54461694 -7.24377918
v -0.28812629 -0.54467362 -7.24081707
v -0.29151314 -0.54422265 -7.23951101
v -0.29395312 -0.54353380 -7.23995161
v -0.29474550 -0.54271770 -7.24199915
v -0.29344040 -0.54222047 -7.24510860
v -0.29040438 -0.54213583 -7.24796152
v -0.28719205 -0.54256558 -7.24922895
v -0.26134914 -0.53660816 -7.28883171
v -0.26267093 -0.53503257 -7.29077482
v -0.26228136 -0.53812200 -7.28580570
v -0.26606935 -0.53942549 -7.28227234
v -0.27066034 -0.53902286 -7.28024673
v -0.27424294 -0.53778905 -7.28058767
v -0.27490431 -0.53635556 -7.28316689
v -0.27285236 -0.53518766 -7.28652382
v -0.26925808 -0.53439939 -7.28951216
v -0.26546437 -0.53453630 -7.29107046
v -0.28049773 -0.55142540 -7.21391392
v -0.28887266 -0.54379958 -7.24445534
v -0.24054700 -0.55775189 -7.20968580
v -0.26806217 -0.53754914 -7.28577423
v -0.17927843 -0.50859272 -7.23106337
v -0.18185180 -0.50348699 -7.22408009
v -0.17947489 -0.51157510 -7.23564434
v -0.17695719 -0.51031780 -7.23944664
v -0.17456168 -0.50375026 -7.24084568
v -0.17324406 -0.49735689 -7.23786926
v -0.17039233 -0.48787862 -7.23562860
v -0.17211169 -0.49432385 -7.23431253
v -0.16868502 -0.48426718 -7.23126745
v -0.17236644 -0.48623163 -7.22517872
v -0.17367059 -0.49779123 -7.23161077
v -0.17720133 -0.50160384 -7.22949409
v -0.17866963 -0.49611217 -7.22489738
v -0.17620784 -0.50721532 -7.23915386
v -0.17743438 -0.50935692 -7.23848009
v -0.17505366 -0.50366145 -7.23826027
v -0.17401832 -0.50142545 -7.23584127
v -0.17487770 -0.50419509 -7.23448706
v -0.17694122 -0.50454038 -7.23263979
v -0.17809397 -0.50805646 -7.23343420
v -0.17684966 -0.50708348 -7.23616505
v -0.17855209 -0.51104051 -7.23644876
v -0.25650269 -0.51380718 -7.29726267
v -0.27611667 -0.54044467 -7.26268911
v -0.28226358 -0.54621226 -7.23347378
v -0.26216012 -0.55452096 -7.20231724
v 0.30497640 -0.46525753 -7.79733753
v 0.30906826 -0.45899385 -7.79792404
v 0.31147087 -0.46298283 -7.78757238
v 0.30853283 -0.46807671 -7.78855944
v 0.31025881 -0.46992928 -7.78107834
v 0.31167114 -0.46767622 -7.77664948
v 0.30905414 -0.47396362 -7.77391863
v 0.30927372 -0.47332197 -7.76940155
v 0.30590594 -0.47900283 -7.76804161
v 0.30546069 -0.47816247 -7.76225424
v 0.30111063 -0.48519641 -7.76401520
v 0.29761904 -0.48619378 -7.75423861
v 0.29447800 -0.49005586 -7.76332378
v 0.28978795 -0.49206907 -7.75758982
v 0.28621626 -0.49247169 -7.76567173
v 0.28237939 -0.49205625 -7.76010942
v 0.27234590 -0.49354029 -7.76622915
v 0.26710421 -0.49295837 -7.75910091
v 0.25893241 -0.49306220 -7.76682186
v 0.25405085 -0.49245447 -7.76090050
v 0.24876064 -0.49092913 -7.76698685
v 0.25425011 -0.49153060 -7.77501297
v 0.24145073 -0.48854250 -7.78274012
v 0.24836880 -0.48893911 -7.78944302
v 0.24958116 -0.48923284 -7.78145552
v 0.24497598 -0.48891026 -7.77483225
v 0.24946922 -0.48430818 -7.80782700
v 0.24814147 -0.48749417 -7.79869556
v 0.23970395 -0.48732084 -7.79437733
v 0.24133521 -0.48323953 -7.80955076
v 0.25464225 -0.47933406 -7.81829929
v 0.25073385 -0.47686821 -7.82224941
v 0.25578278 -0.47559249 -7.82623672
v 0.25167555 -0.47078866 -7.83043957
v 0.25907427 -0.46959913 -7.83158445
v 0.25799918 -0.46270204 -7.83427668
v 0.26553112 -0.46314180 -7.83311272
v 0.26623589 -0.45685720 -7.83502436
v 0.27526194 -0.45626718 -7.83288670
v 0.27643162 -0.45014924 -7.83457947
v 0.28300643 -0.45417249 -7.83088350
v 0.28474027 -0.44725317 -7.83241653
v 0.28889221 -0.45423454 -7.82570505
v 0.29288143 -0.44907969 -7.82542944
v 0.29677343 -0.45384628 -7.81722355
v 0.29329878 -0.45936453 -7.81585121
v 0.30268222 -0.45660043 -7.80875635
v 0.29915881 -0.46378696 -7.80594015
v 0.24007410 -0.47707075 -7.82670450
v 0.23657936 -0.47547615 -7.82909393
v 0.24174446 -0.47282231 -7.83091450
v 0.24377292 -0.47682351 -7.82615566
v 0.24154949 -0.47809994 -7.82246494
v 0.24186188 -0.47908843 -7.81866789
v 0.23267049 -0.48124498 -7.81543016
v 0.22867668 -0.48147154 -7.80744076
v 0.21751505 -0.48351747 -7.80903721
v 0.20936036 -0.48185331 -7.80181694
v 0.20929760 -0.48145109 -7.80906153
v 0.20176178 -0.47691989 -7.80565548
v 0.20933706 -0.47930998 -7.81393337
v 0.20695019 -0.47548586 -7.81484652
v 0.21419233 -0.47790462 -7.82013035
v 0.21273237 -0.47317791 -7.82133055
v 0.22257900 -0.47569275 -7.82616568
v 0.22410589 -0.47061729 -7.82801771
v 0.23139918 -0.47386360 -7.82931280
v 0.23496395 -0.46953243 -7.83156395
v 0.22661364 -0.48726612 -7.78155136
v 0.22514749 -0.48629975 -7.78671122
v 0.23038107 -0.48697799 -7.78854752
v 0.23267668 -0.48793268 -7.78258610
v 0.22340548 -0.48787713 -7.77380943
v 0.23044211 -0.48869383 -7.77295065
v 0.21832299 -0.48663032 -7.76412201
v 0.21334881 -0.48620951 -7.76690435
v 0.19974375 -0.48377448 -7.76220894
v 0.20617676 -0.48497850 -7.76450253
v 0.20554805 -0.48401666 -7.75927448
v 0.19556099 -0.48157060 -7.75849628
v 0.19132954 -0.47968531 -7.76734734
v 0.19679433 -0.48265862 -7.76747751
v 0.19923002 -0.48291177 -7.77681780
v 0.19522250 -0.47956741 -7.77928162
v 0.20900226 -0.48321015 -7.79057884
v 0.20887297 -0.48415983 -7.78377533
v 0.21941817 -0.48445284 -7.78828621
v 0.22757763 -0.48495024 -7.79579258
v 0.24055552 -0.49316096 -7.74326897
v 0.24104804 -0.49208540 -7.75059843
v 0.24981874 -0.49329728 -7.75145912
v 0.24607247 -0.49389815 -7.73969603
v 0.23386091 -0.49229425 -7.72957087
v 0.23360556 -0.49280334 -7.73534012
v 0.22438669 -0.49126762 -7.73044300
v 0.22126448 -0.48904651 -7.72515869
v 0.21618342 -0.48913473 -7.73020458
v 0.21235377 -0.48618579 -7.72755098
v 0.20970529 -0.48676968 -7.73433876
v 0.20566666 -0.48369479 -7.73177814
v 0.20495355 -0.48423022 -7.74006557
v 0.21165121 -0.48758096 -7.74170351
v 0.22498894 -0.48883003 -7.75309658
v 0.21682990 -0.48818743 -7.74754095
v 0.21278036 -0.48619920 -7.75105095
v 0.23092067 -0.48940498 -7.76142263
v 0.23533988 -0.49062550 -7.75495005
v 0.24306458 -0.49159688 -7.75796032
v 0.28232950 -0.49465191 -7.74197865
v 0.28469104 -0.49406743 -7.74883318
v 0.28787327 -0.49281883 -7.74942064
v 0.28714526 -0.49058300 -7.74111509
v 0.26507372 -0.49722135 -7.72806692
v 0.27275020 -0.49706560 -7.73355055
v 0.27376270 -0.49444371 -7.72961426
v 0.26168698 -0.49520677 -7.72374725
v 0.25039113 -0.49505359 -7.72162437
v 0.25797486 -0.49772924 -7.72769356
v 0.26591742 -0.49558651 -7.74534321
v 0.25864691 -0.49644369 -7.73758507
v 0.25649530 -0.49514955 -7.73973560
v 0.26411986 -0.49408245 -7.74923992
v 0.27535802 -0.49432278 -7.74974108
v 0.27741063 -0.49348158 -7.75427246
v 0.28246540 -0.49347740 -7.75111485
v 0.28484768 -0.49326551 -7.75360298
v 0.23498827 -0.49243003 -7.74413681
v 0.23391718 -0.49163181 -7.74834299
v 0.23159766 -0.49250996 -7.73857498
v 0.22604883 -0.49180621 -7.73475647
v 0.22012860 -0.49059016 -7.73369789
v 0.21529096 -0.48928541 -7.73644161
v 0.21611494 -0.48918492 -7.74044180
v 0.22323048 -0.48948997 -7.74802160
v 0.21761280 -0.48908591 -7.74389887
v 0.22908223 -0.49042505 -7.74987268
v 0.27801347 -0.49613369 -7.74061489
v 0.28144211 -0.49471289 -7.74596262
v 0.26568514 -0.49875671 -7.73150206
v 0.27190375 -0.49784863 -7.73583698
v 0.26196510 -0.49844915 -7.73216057
v 0.25499052 -0.49703598 -7.73091078
v 0.26023751 -0.49814767 -7.73385000
v 0.26203215 -0.49723744 -7.73753881
v 0.26656896 -0.49641997 -7.74250174
v 0.27315873 -0.49546915 -7.74573660
v 0.27824003 -0.49470961 -7.74744606
v 0.21978623 -0.48662704 -7.77979183
v 0.21856517 -0.48583555 -7.78274059
v 0.21711934 -0.48701161 -7.77402973
v 0.21066356 -0.48604107 -7.76935482
v 0.20231211 -0.48461384 -7.76655817
v 0.20639300 -0.48542869 -7.76788902
v 0.20145321 -0.48421681 -7.76979828
v 0.20199925 -0.48401803 -7.77318716
v 0.20668089 -0.48449415 -7.77844858
v 0.21336627 -0.48509938 -7.78189707
v 0.23669696 -0.47759330 -7.82592869
v 0.23345155 -0.47704679 -7.82697296
v 0.23872977 -0.47782028 -7.82364368
v 0.23388970 -0.48045164 -7.81917048
v 0.22342110 -0.48311615 -7.81448269
v 0.21652746 -0.48290515 -7.81327868
v 0.21489251 -0.48152167 -7.81543493
v 0.21721673 -0.48009479 -7.81927204
v 0.22268504 -0.47840524 -7.82331276
v 0.22937375 -0.47667223 -7.82618904
v 0.30538887 -0.47090876 -7.79134607
v 0.30047935 -0.47034729 -7.79804230
v 0.30786020 -0.47255373 -7.78444147
v 0.30773413 -0.47520250 -7.77879429
v 0.30575961 -0.47881103 -7.77402210
v 0.30220002 -0.48279321 -7.77132177
v 0.29641187 -0.48706728 -7.77119970
v 0.28864557 -0.48994058 -7.77273178
v 0.27777201 -0.49130982 -7.77313614
v 0.26687056 -0.49136066 -7.77463579
v 0.26336664 -0.48976737 -7.78164434
v 0.25792658 -0.48727268 -7.79210329
v 0.25674731 -0.48878342 -7.78499317
v 0.25750679 -0.48345149 -7.80699253
v 0.25592971 -0.48632699 -7.79790258
v 0.26195586 -0.47879243 -7.81523609
v 0.26108354 -0.47683609 -7.82203579
v 0.26318955 -0.47255337 -7.82713604
v 0.26776904 -0.46744239 -7.82984734
v 0.27537268 -0.46167362 -7.83000946
v 0.28107744 -0.46022981 -7.82805967
v 0.28631622 -0.46012074 -7.82347202
v 0.28759378 -0.46596950 -7.81474113
v 0.29477984 -0.46799201 -7.80624914
v 0.22435427 -0.49121243 -7.74158382
v 0.20854670 -0.48584521 -7.77413368
v 0.27141303 -0.49701768 -7.73955345
v 0.22701800 -0.48079795 -7.82133055
v 0.30173212 -0.47503114 -7.79162645
v 0.29624075 -0.47511095 -7.79669285
v 0.30449325 -0.47554356 -7.78695488
v 0.30512094 -0.47674859 -7.78275490
v 0.30401981 -0.47902244 -7.77923489
v 0.30134386 -0.48188859 -7.77734375
v 0.29706281 -0.48500806 -7.77752447
v 0.29045141 -0.48638391 -7.78169346
v 0.28138834 -0.48968613 -7.78088713
v 0.27274889 -0.48958987 -7.78083515
v 0.26978660 -0.48767138 -7.78658724
v 0.26299745 -0.48600745 -7.79370689
v 0.26404148 -0.48708063 -7.78927088
v 0.26341259 -0.48249876 -7.80503702
v 0.26271164 -0.48522884 -7.79814339
v 0.26860923 -0.47817463 -7.81237888
v 0.26687926 -0.47616619 -7.81849480
v 0.26749164 -0.47352868 -7.82302570
v 0.27079391 -0.46959049 -7.82545710
v 0.27537858 -0.46601218 -7.82665491
v 0.27890933 -0.46476936 -7.82539654
v 0.28246468 -0.46524006 -7.82170105
v 0.28239578 -0.47026223 -7.81418419
v 0.28820795 -0.47386914 -7.80555534
v 0.27876830 -0.48082799 -7.79899502
v 0.29943138 -0.48014194 -7.78555727
v 0.24795449 -0.49492592 -7.73027849
v 0.25981510 -0.42659229 -7.83144569
v 0.24632734 -0.46145713 -7.83500957
v 0.27815086 -0.44352233 -7.83641958
v 0.29498273 -0.43982518 -7.82973289
v 0.31074482 -0.44453621 -7.81337833
v -0.50020558 0.01756757 -6.67022228
v -0.40973228 0.08078364 -6.73890400
v -0.42498571 0.06271905 -6.72676468
v -0.50086349 -0.00758040 -6.67143393
v -0.49490291 -0.01971468 -6.65808964
v -0.47480649 0.03268272 -6.69375944
v -0.46033126 0.03901690 -6.70326424
v -0.39477259 0.10583912 -6.71990204
v -0.40173286 0.10163191 -6.73640156
v -0.41690642 0.07940930 -6.70521593
v -0.42721945 0.07996303 -6.71884871
v -0.48264116 0.05104893 -6.67110538
v -0.47627813 0.04861647 -6.68401098
v -0.46680862 0.05602580 -6.68937302
v -0.46198851 0.05928057 -6.67716312
v -0.48009044 0.03040630 -6.65288258
v -0.48193556 0.03938299 -6.66246319
v -0.45476991 0.05513197 -6.68102264
v -0.52523476 0.05876756 -6.63572359
v -0.52719599 0.05675727 -6.62681866
v -0.20541340 -0.53173345 -7.25112200
v -0.21076781 -0.53473455 -7.25053406
v -0.21626276 -0.53460634 -7.25578213
v -0.21126169 -0.53005636 -7.25757170
v -0.20219082 -0.53379953 -7.24287987
v -0.20633477 -0.53541225 -7.24367046
v -0.20164949 -0.53502691 -7.23703098
v -0.20429665 -0.53529626 -7.23909283
v -0.20434147 -0.53743750 -7.23283911
v -0.20742744 -0.53723556 -7.23770809
v -0.20941144 -0.53981441 -7.23302507
v -0.21162373 -0.53919798 -7.24046469
v -0.21619159 -0.54318756 -7.23608780
v -0.21699923 -0.54001260 -7.24620485
v -0.22327060 -0.54491740 -7.24214888
v -0.22233373 -0.54034758 -7.24957561
v -0.23417050 -0.55016434 -7.23989010
v -0.22897965 -0.54429781 -7.24819613
v -0.24545985 -0.55034286 -7.23884678
v -0.23627681 -0.54540873 -7.24725962
v -0.24907845 -0.54869211 -7.24559498
v -0.23875409 -0.54436624 -7.25141478
v -0.25361103 -0.54688174 -7.25379944
v -0.24385744 -0.54455531 -7.25694561
v -0.24424607 -0.54499644 -7.25286007
v -0.25272161 -0.54787451 -7.24887848
v -0.25103158 -0.54309195 -7.26548195
v -0.24106461 -0.54023731 -7.26524639
v -0.24563664 -0.54353660 -7.26039886
v -0.25330871 -0.54550207 -7.25928164
v -0.24138993 -0.53694242 -7.27171612
v -0.23465425 -0.53553784 -7.26855803
v -0.24113840 -0.53495508 -7.27852345
v -0.23351032 -0.53139681 -7.27409363
v -0.23908907 -0.53110278 -7.28492069
v -0.23183316 -0.52724618 -7.27973890
v -0.23492080 -0.52531004 -7.28899050
v -0.23093253 -0.52450639 -7.28406525
v -0.22940642 -0.52098930 -7.28904819
v -0.22920603 -0.52260786 -7.28552151
v -0.22602731 -0.52099681 -7.28577709
v -0.22712153 -0.52317935 -7.28147078
v -0.22298366 -0.52189589 -7.28006506
v -0.22545964 -0.52498347 -7.27628803
v -0.22034127 -0.52429014 -7.27230120
v -0.22421020 -0.52797824 -7.26996851
v -0.21224135 -0.52516931 -7.26609659
v -0.21811527 -0.52929980 -7.26407719
v -0.22836465 -0.53631282 -7.26064730
v -0.37682468 0.26083457 -6.77197218
v -0.36867219 0.24657379 -6.77594042
v -0.36888534 0.26691249 -6.76529503
v -0.30958277 0.13257988 -6.73542690
v -0.45528072 0.01135868 -6.70260477
v -0.40810949 0.04003510 -6.73145914
v -0.49062055 -0.02777356 -6.66146088
v -0.40490764 0.04282719 -6.73264456
v -0.49217612 -0.01132822 -6.67087555
v -0.53404742 0.03707615 -6.60912418
v -0.52270037 -0.00121576 -6.61149645
v -0.52827936 0.01142114 -6.60288239
v -0.52997082 0.01122093 -6.60957336
v -0.52827746 0.00740892 -6.61499071
v -0.53354043 0.02555269 -6.60805750
v -0.52773529 0.01680937 -6.63425684
v -0.52777034 0.02393284 -6.64092445
v -0.53251380 0.02597535 -6.60067701
v -0.52709919 0.01655641 -6.59316254
v -0.53249961 0.01664564 -6.61357212
v -0.53038841 0.01188523 -6.61958885
v -0.53460628 0.02515614 -6.61534691
v -0.53474933 0.03068781 -6.61475801
v -0.53430480 0.03344452 -6.62064028
v -0.52866226 0.00974193 -6.62665129
v -0.53328830 0.03843784 -6.62190580
v -0.53233200 0.03870618 -6.62746716
v -0.52773613 0.04196519 -6.64199829
v -0.52928239 0.03693217 -6.64242125
v -0.51052600 0.04118657 -6.63952541
v -0.52997369 0.04296654 -6.64195156
v -0.53317195 0.01654777 -6.62335491
v -0.53689009 0.02321404 -6.62011576
v -0.50983816 0.02627099 -6.63115406
v -0.50762552 0.02627614 -6.63183975
v -0.53242141 0.01888162 -6.62913942
v -0.50883144 0.02387959 -6.63431883
v -0.53522378 0.03678006 -6.62852097
v -0.53152710 0.04042023 -6.63218451
v -0.51162881 0.04006761 -6.63357925
v -0.51173002 0.03464597 -6.63319302
v -0.52766150 0.03214103 -6.64285946
v -0.53167778 0.02419549 -6.63489771
v -0.53234178 0.04509825 -6.61819267
v -0.53153473 0.04459059 -6.62385082
v -0.53410584 0.03662920 -6.61501598
v -0.52721661 0.04728091 -6.63965225
v -0.52975470 0.04330707 -6.63513899
v -0.52702516 0.04177332 -6.64338541
v -0.50896531 0.04935426 -6.63994455
v -0.52914983 0.04483199 -6.64069080
v -0.53171617 0.03183952 -6.64009953
v -0.53582484 0.02937582 -6.62315559
v -0.53101903 0.04248327 -6.63768959
v -0.51002926 0.02661538 -6.63650608
v -0.51355571 0.03101343 -6.63709211
v -0.51150864 0.02998948 -6.63098049
v -0.51101786 0.04602712 -6.63793898
v -0.53335577 0.02046430 -6.60973930
v -0.52336949 0.04730004 -6.64705276
v -0.52504295 0.00187027 -6.62293720
v -0.52606708 0.03119141 -6.64586020
v -0.52909523 0.04566282 -6.63118744
v -0.23784059 -0.45585871 -7.22177887
v -0.23723990 -0.45926315 -7.21814013
v -0.23629409 -0.45375311 -7.26944923
v -0.23343104 -0.45014149 -7.27156496
v 0.27097517 -0.43194765 -7.83555794
v 0.26364827 -0.43764126 -7.83572769
v 0.30740029 -0.42634887 -7.82756853
v 0.31267190 -0.42761892 -7.82261515
v 0.33116466 -0.42242175 -7.80025959
v 0.32869416 -0.41937977 -7.81292868
v 0.33448780 -0.40751511 -7.81715536
v 0.33717209 -0.40856665 -7.80782938
v 0.26937765 -0.40659720 -7.74705839
v 0.26642090 -0.39806849 -7.75475931
v 0.25294089 -0.38393217 -7.77465868
v 0.25806642 -0.36676061 -7.78347588
v 0.26234394 -0.35754508 -7.76993561
v 0.26533413 -0.34310037 -7.77433872
v -0.23590165 -0.54102850 -7.25675583
v -0.22421128 -0.53772688 -7.25502920
v -0.23332530 -0.53665030 -7.26451349
v -0.23132998 -0.54098850 -7.25380945
v -0.23809296 -0.54107171 -7.26096773
v -0.22096699 -0.53369933 -7.25997877
v -0.22765452 -0.53244710 -7.26613903
v -0.22283024 -0.53178084 -7.26428270
v 0.28066152 -0.48496550 -7.78894997
v 0.27165592 -0.48042148 -7.80444241
v 0.28932697 -0.48009300 -7.79461050
v 0.27901340 -0.47598815 -7.80882072
v 0.28372061 -0.47747970 -7.80229282
v 0.26926655 -0.48390979 -7.79659653
v 0.27332175 -0.48469537 -7.79225397
v 0.27473241 -0.48539734 -7.78926277
v 0.27589667 -0.47117585 -7.81914711
v 0.73402238 -0.07744426 -7.92214298
v 0.75109786 -0.06224829 -7.92394066
v 0.72487020 -0.09374765 -7.90846634
v 0.75958902 -0.07969290 -7.92699099
v 0.74220657 -0.09545714 -7.92481518
v 0.73611051 -0.10947928 -7.91248035
v 0.32204229 -0.43968886 -7.79440975
v 0.23825896 -0.44688940 -7.83033180
v 0.22406954 -0.45067090 -7.82395077
v 0.19621199 -0.45569927 -7.78488541
v 0.19869715 -0.44074994 -7.76657772
v 0.19989645 -0.46135318 -7.74483824
v 0.20800996 -0.45073426 -7.73159790
v 0.31488401 -0.45543474 -7.76881409
v 0.30802268 -0.46332520 -7.75588036
v 0.24257481 -0.46763927 -7.72009182
v 0.24370527 -0.46391010 -7.71397161
v 0.20392483 -0.44433862 -7.74927092
v 0.22875589 -0.45222592 -7.71952343
v 0.20547366 -0.44114095 -7.79127216
v 0.28415054 -0.47498310 -7.73065042
v 0.29808348 -0.46932870 -7.74425507
v 0.32058787 -0.44489962 -7.78185129
v 0.27065921 -0.44033915 -7.83638811
v 0.30776662 -0.43656975 -7.82089186
v 0.28489482 -0.43104565 -7.83446550
v 0.29193830 -0.42913759 -7.83349323
v 0.26641071 -0.46037006 -7.71981335
v 0.21012241 -0.44579524 -7.80978632
v 0.25373614 -0.44349682 -7.83457088
v 0.27831155 -0.43430024 -7.83601475
v 0.29934269 -0.42711085 -7.83117342
v 0.31622559 -0.43054509 -7.81678200
v 0.26289999 -0.44560272 -7.83629513
v 0.32049233 -0.43579119 -7.80694723
v 0.30131179 -0.43740153 -7.82606697
v -0.49016196 -0.00262845 -6.67941093
v -0.47875434 0.00418681 -6.69048405
v -0.47309905 0.04646075 -6.65935564
v -0.24785239 -0.45924282 -7.24431610
v -0.24615139 -0.45602500 -7.24953604
v -0.23637968 -0.41788870 -7.22681713
v -0.23376960 -0.40734679 -7.23210001
v -0.22158438 -0.46876949 -7.20550680
v -0.21690828 -0.46916991 -7.20419264
v -0.22053343 -0.43560481 -7.20288754
v -0.20902234 -0.43374187 -7.20022249
f 1797 1798 34
f 1797 2013 1798
f 34 35 1797
f 2013 1797 2014
f 38 37 36
f 38 2015 2016
f 36 1799 38
f 2015 38 1799
f 41 40 39
f 2019 2017 2018
f 39 42 41
f 2017 2019 2020
f 45 44 43
f 2023 2021 2022
f 43 42 45
f 2021 2023 2020
f 48 47 46
f 2026 2024 2025
f 46 49 48
f 2024 2026 2027
f 52 51 50
f 2030 2028 2029
f 50 53 52
f 2028 2030 2031
f 54 1801 1800
f 2032 1800 1801
f 1800 55 54
f 1800 2032 2033
f 58 57 56
f 2035 56 2034
f 56 1802 58
f 56 2035 1802
f 61 60 59
f 2038 2036 2037
f 59 62 61
f 2036 2038 2039
f 65 64 63
f 2042 2040 2041
f 63 66 65
f 2040 2042 2043
f 69 68 67
f 2046 2044 2045
f 67 70 69
f 2044 2046 2047
f 73 72 71
f 2050 2048 2049
f 71 74 73
f 2048 2050 2051
f 77 76 75
f 2054 2052 2053
f 75 54 77
f 2052 2054 2032
f 80 79 78
f 2057 2055 2056
f 78 81 80
f 2055 2057 2058
f 84 83 82
f 2061 2059 2060
f 82 85 84
f 2059 2061 2062
f 88 87 86
f 2065 2063 2064
f 86 89 88
f 2063 2065 2066
f 92 91 90
f 2069 2067 2068
f 90 93 92
f 2067 2069 2070
f 96 95 94
f 2073 2071 2072
f 94 97 96
f 2071 2073 2074
f 100 99 98
f 2077 2075 2076
f 98 101 100
f 2075 2077 2078
f 104 103 102
f 2081 2079 2080
f 102 105 104
f 2079 2081 2082
f 108 107 106
f 2085 2083 2084
f 106 109 108
f 2083 2085 2086
f 112 111 110
f 2089 2087 2088
f 110 113 112
f 2087 2089 2090
f 116 115 114
f 2093 2091 2092
f 114 117 116
f 2091 2093 2094
f 120 119 118
f 120 2095 2096
f 118 121 120
f 2095 120 121
f 124 123 122
f 2099 2097 2098
f 122 125 124
f 2097 2099 2100
f 128 127 126
f 2103 2101 2102
f 126 129 128
f 2101 2103 2104
f 132 131 130
f 2107 2105 2106
f 130 133 132
f 2105 2107 2108
f 2 1803 134
f 2 2109 1803
f 134 135 2
f 2109 2 2110
f 138 137 136
f 2113 2111 2112
f 136 139 138
f 2111 2113 2114
f 142 141 140
f 2117 2115 2116
f 140 143 142
f 2115 2117 2118
f 146 145 144
f 2121 2119 2120
f 144 147 146
f 2119 2121 2122
f 150 149 148
f 2125 2123 2124
f 148 151 150
f 2123 2125 2126
f 154 153 152
f 2129 2127 2128
f 152 155 154
f 2127 2129 2130
f 158 157 156
f 2133 2131 2132
f 156 159 158
f 2131 2133 2134
f 162 161 160
f 2137 2135 2136
f 160 163 162
f 2135 2137 2138
f 166 165 164
f 2140 164 2139
f 164 16 166
f 164 2140 16
f 46 168 167
f 2024 2141 2142
f 167 169 46
f 2141 2024 2143
f 172 171 170
f 2146 2144 2145
f 170 173 172
f 2144 2146 2147
f 176 175 174
f 2150 2148 2149
f 174 177 176
f 2148 2150 2151
f 180 179 178
f 2154 2152 2153
f 178 181 180
f 2152 2154 2155
f 183 71 182
f 2157 2156 2048
f 182 184 183
f 2156 2157 2158
f 187 186 185
f 2161 2159 2160
f 185 188 187
f 2159 2161 2162
f 191 190 189
f 2165 2163 2164
f 189 192 191
f 2163 2165 2166
f 195 194 193
f 2169 2167 2168
f 193 196 195
f 2167 2169 2170
f 199 198 197
f 2173 2171 2172
f 197 200 199
f 2171 2173 2174
f 201 204 203
f 2175 2177 2178
f 203 202 201
f 2177 2175 2176
f 207 206 205
f 2181 2179 2180
f 205 208 207
f 2179 2181 2182
f 1804 176 209
f 1804 2183 2150
f 209 210 1804
f 2183 1804 210
f 70 212 211
f 2047 211 212
f 211 213 70
f 211 2047 2184
f 123 7 17
f 2098 17 7
f 17 122 123
f 17 2098 2097
f 215 147 214
f 2185 214 2122
f 214 1805 215
f 214 2185 1805
f 1806 217 216
f 1806 2186 217
f 216 218 1806
f 2186 1806 2187
f 220 219 209
f 2189 2183 2188
f 209 176 220
f 2183 2189 2150
f 99 100 221
f 2076 2190 2077
f 221 222 99
f 2190 2076 2191
f 106 107 223
f 2083 2192 2084
f 223 224 106
f 2192 2083 2193
f 226 65 225
f 2195 2194 2042
f 225 227 226
f 2194 2195 2196
f 228 18 93
f 228 2070 18
f 93 90 228
f 2070 228 2067
f 231 230 229
f 2199 2197 2198
f 229 232 231
f 2197 2199 2200
f 235 234 233
f 2203 2201 2202
f 233 236 235
f 2201 2203 2204
f 238 237 126
f 2206 2101 2205
f 126 239 238
f 2101 2206 2207
f 129 126 237
f 2104 2205 2101
f 237 240 129
f 2205 2104 2208
f 243 242 241
f 2211 2209 2210
f 241 244 243
f 2209 2211 2212
f 247 246 245
f 2215 2213 2214
f 245 248 247
f 2213 2215 2216
f 249 163 160
f 2217 2135 2138
f 160 250 249
f 2135 2217 2218
f 253 252 251
f 2221 2219 2220
f 251 254 253
f 2219 2221 2222
f 257 256 255
f 2225 2223 2224
f 255 258 257
f 2223 2225 2226
f 261 260 259
f 2229 2227 2228
f 259 262 261
f 2227 2229 2230
f 1808 264 263
f 1808 2231 2232
f 263 1807 1808
f 2231 1808 1807
f 267 266 265
f 2235 2233 2234
f 265 268 267
f 2233 2235 2236
f 270 268 269
f 2238 2237 2236
f 269 271 270
f 2237 2238 2239
f 273 272 94
f 2241 2071 2240
f 94 274 273
f 2071 2241 2242
f 277 276 275
f 2245 2243 2244
f 275 278 277
f 2243 2245 2246
f 281 280 279
f 2249 2247 2248
f 279 282 281
f 2247 2249 2250
f 284 282 283
f 2252 2251 2250
f 283 285 284
f 2251 2252 2253
f 288 287 286
f 2256 2254 2255
f 286 289 288
f 2254 2256 2257
f 292 291 290
f 2260 2258 2259
f 290 293 292
f 2258 2260 2261
f 296 295 294
f 2264 2262 2263
f 294 297 296
f 2262 2264 2265
f 300 299 298
f 2268 2266 2267
f 298 301 300
f 2266 2268 2269
f 304 303 302
f 2272 2270 2271
f 302 305 304
f 2270 2272 2273
f 308 307 306
f 2276 2274 2275
f 306 309 308
f 2274 2276 2277
f 312 311 310
f 2280 2278 2279
f 310 313 312
f 2278 2280 2281
f 316 315 314
f 2284 2282 2283
f 314 317 316
f 2282 2284 2285
f 320 319 318
f 2288 2286 2287
f 318 321 320
f 2286 2288 2289
f 324 323 322
f 2292 2290 2291
f 322 325 324
f 2290 2292 2293
f 327 1809 326
f 327 2294 1809
f 326 328 327
f 2294 327 2295
f 329 20 19
f 2296 19 20
f 19 144 329
f 19 2296 2119
f 332 331 330
f 2299 2297 2298
f 330 333 332
f 2297 2299 2300
f 336 335 334
f 2303 2301 2302
f 334 337 336
f 2301 2303 2304
f 145 338 329
f 2120 2296 2305
f 329 144 145
f 2296 2120 2119
f 136 137 339
f 2111 2306 2112
f 339 340 136
f 2306 2111 2307
f 343 342 341
f 2310 2308 2309
f 341 344 343
f 2308 2310 2311
f 346 345 35
f 2313 2014 2312
f 35 45 346
f 2014 2313 2023
f 348 347 36
f 2315 2015 2314
f 36 49 348
f 2015 2315 2027
f 64 65 226
f 2041 2195 2042
f 226 349 64
f 2195 2041 2316
f 351 350 61
f 2318 2038 2317
f 61 69 351
f 2038 2318 2046
f 353 352 73
f 2320 2050 2319
f 73 74 353
f 2050 2320 2051
f 356 355 354
f 2323 2321 2322
f 354 357 356
f 2321 2323 2324
f 360 359 358
f 2327 2325 2326
f 358 361 360
f 2325 2327 2328
f 362 112 113
f 2329 2090 2089
f 113 183 362
f 2090 2329 2157
f 363 124 127
f 2330 2102 2099
f 127 128 363
f 2102 2330 2103
f 364 141 142
f 2331 2117 2116
f 142 365 364
f 2117 2331 2332
f 146 367 366
f 2121 2333 2334
f 366 139 146
f 2333 2121 2114
f 151 148 368
f 2126 2335 2123
f 368 369 151
f 2335 2126 2336
f 162 157 158
f 2137 2133 2132
f 158 161 162
f 2133 2137 2136
f 371 370 51
f 2338 2029 2337
f 51 52 371
f 2029 2338 2030
f 372 251 252
f 2339 2220 2219
f 252 373 372
f 2220 2339 2340
f 375 374 261
f 2342 2229 2341
f 261 376 375
f 2229 2342 2343
f 263 264 377
f 2231 2344 2232
f 377 378 263
f 2344 2231 2345
f 98 99 381
f 2075 2348 2076
f 381 382 98
f 2348 2075 2349
f 384 383 109
f 2351 2086 2350
f 109 106 384
f 2086 2351 2083
f 387 386 385
f 2354 2352 2353
f 385 388 387
f 2352 2354 2355
f 391 390 389
f 2358 2356 2357
f 389 392 391
f 2356 2358 2359
f 323 324 393
f 2291 2360 2292
f 393 388 323
f 2360 2291 2355
f 392 389 394
f 2359 2361 2356
f 394 395 392
f 2361 2359 2362
f 328 326 334
f 2295 2301 2294
f 334 335 328
f 2301 2295 2302
f 340 338 145
f 2307 2120 2305
f 145 136 340
f 2120 2307 2111
f 1800 396 78
f 1800 2055 396
f 78 55 1800
f 2055 1800 2033
f 115 187 397
f 2092 2363 2161
f 397 350 115
f 2363 2092 2317
f 399 59 398
f 2365 2364 2036
f 398 400 399
f 2364 2365 2366
f 351 213 118
f 2318 2095 2184
f 118 114 351
f 2095 2318 2091
f 68 62 401
f 2045 2367 2039
f 401 402 68
f 2367 2045 2368
f 79 403 55
f 2056 2033 2369
f 55 78 79
f 2033 2056 2055
f 352 76 404
f 2319 2370 2053
f 404 313 352
f 2370 2319 2281
f 182 71 72
f 2156 2049 2048
f 72 405 182
f 2049 2156 2371
f 407 82 406
f 2373 2372 2059
f 406 408 407
f 2372 2373 2374
f 411 410 409
f 2377 2375 2376
f 409 412 411
f 2375 2377 2378
f 415 414 413
f 2381 2379 2380
f 413 416 415
f 2379 2381 2382
f 418 417 85
f 2384 2062 2383
f 85 419 418
f 2062 2384 2385
f 420 1811 21
f 2386 21 1811
f 21 67 420
f 21 2386 2044
f 423 422 421
f 2389 2387 2388
f 421 424 423
f 2387 2389 2390
f 426 234 425
f 2392 2391 2202
f 425 188 426
f 2391 2392 2162
f 429 428 427
f 2395 2393 2394
f 427 314 429
f 2393 2395 2282
f 431 430 304
f 2397 2272 2396
f 304 305 431
f 2272 2397 2273
f 432 322 323
f 2398 2291 2290
f 323 433 432
f 2291 2398 2399
f 436 435 434
f 2402 2400 2401
f 434 437 436
f 2400 2402 2403
f 387 439 438
f 2354 2404 2405
f 438 440 387
f 2404 2354 2406
f 443 442 441
f 2409 2407 2408
f 441 444 443
f 2407 2409 2410
f 447 446 445
f 2413 2411 2412
f 445 309 447
f 2411 2413 2277
f 450 449 448
f 2416 2414 2415
f 448 451 450
f 2414 2416 2417
f 350 351 114
f 2317 2091 2318
f 114 115 350
f 2091 2317 2092
f 1812 453 452
f 1812 2418 453
f 452 454 1812
f 2418 1812 2419
f 1813 1814 455
f 1813 2420 1814
f 455 456 1813
f 2420 1813 2421
f 459 458 457
f 2424 2422 2423
f 457 460 459
f 2422 2424 2425
f 463 462 461
f 2428 2426 2427
f 461 464 463
f 2426 2428 2429
f 462 466 465
f 2427 2430 2431
f 465 461 462
f 2430 2427 2426
f 466 468 467
f 2431 2432 2433
f 467 465 466
f 2432 2431 2430
f 468 470 469
f 2433 2434 2435
f 469 467 468
f 2434 2433 2432
f 470 472 471
f 2435 2436 2437
f 471 469 470
f 2436 2435 2434
f 472 474 473
f 2437 2438 2439
f 473 471 472
f 2438 2437 2436
f 475 1967 1969
f 2440 3847 3846
f 1969 476 475
f 3847 2440 2441
f 387 388 393
f 2354 2360 2355
f 393 439 387
f 2360 2354 2405
f 438 316 317
f 2404 2285 2284
f 317 440 438
f 2285 2404 2406
f 477 392 395
f 2442 2362 2359
f 395 478 477
f 2362 2442 2443
f 479 308 309
f 2444 2277 2276
f 309 445 479
f 2277 2444 2411
f 429 314 315
f 2395 2283 2282
f 315 480 429
f 2283 2395 2445
f 446 447 477
f 2412 2442 2413
f 477 478 446
f 2442 2412 2443
f 481 316 438
f 2446 2404 2284
f 438 482 481
f 2404 2446 2447
f 483 479 445
f 2448 2411 2444
f 445 484 483
f 2411 2448 2449
f 448 311 393
f 2414 2360 2279
f 393 324 448
f 2360 2414 2292
f 485 394 480
f 2450 2445 2361
f 480 443 485
f 2445 2450 2409
f 482 438 439
f 2447 2405 2404
f 439 312 482
f 2405 2447 2280
f 486 446 478
f 2451 2443 2412
f 478 318 486
f 2443 2451 2286
f 489 488 487
f 2454 2452 2453
f 487 490 489
f 2452 2454 2455
f 492 491 155
f 2457 2130 2456
f 155 152 492
f 2130 2457 2127
f 494 489 493
f 2459 2458 2454
f 493 495 494
f 2458 2459 2460
f 496 493 489
f 2461 2454 2458
f 489 490 496
f 2454 2461 2455
f 497 491 492
f 2462 2457 2456
f 492 498 497
f 2457 2462 2463
f 501 500 499
f 2466 2464 2465
f 499 502 501
f 2464 2466 2467
f 505 504 503
f 2470 2468 2469
f 503 506 505
f 2468 2470 2471
f 494 509 1796
f 2459 3747 2474
f 1796 507 494
f 3747 2459 2472
f 495 493 510
f 2460 2475 2458
f 510 511 495
f 2475 2460 2476
f 512 510 493
f 2477 2458 2475
f 493 496 512
f 2458 2477 2461
f 513 497 498
f 2478 2463 2462
f 498 514 513
f 2463 2478 2479
f 515 500 501
f 2480 2466 2465
f 501 516 515
f 2466 2480 2481
f 518 517 504
f 2483 2469 2482
f 504 505 518
f 2469 2483 2470
f 510 521 520
f 2475 2485 2486
f 520 511 510
f 2485 2475 2476
f 512 522 521
f 2477 2486 2487
f 521 510 512
f 2486 2477 2475
f 514 524 523
f 2479 2488 2489
f 523 513 514
f 2488 2479 2478
f 528 527 526
f 2493 2491 2492
f 526 525 528
f 2491 2493 2490
f 531 530 529
f 2496 2494 2495
f 529 532 531
f 2494 2496 2497
f 535 534 533
f 2500 2498 2499
f 533 536 535
f 2498 2500 2501
f 508 539 537
f 2473 2502 2504
f 537 538 508
f 2502 2473 2503
f 539 508 519
f 2504 2484 2473
f 519 540 539
f 2484 2504 2505
f 541 201 202
f 2506 2176 2175
f 202 542 541
f 2176 2506 2507
f 544 543 150
f 2509 2125 2508
f 150 151 544
f 2125 2509 2126
f 544 151 369
f 2509 2336 2126
f 369 545 544
f 2336 2509 2510
f 548 524 547
f 2513 2512 2489
f 547 546 548
f 2512 2513 2511
f 550 549 498
f 2515 2463 2514
f 498 492 550
f 2463 2515 2457
f 537 539 551
f 2502 2516 2504
f 551 1794 537
f 2516 2502 3745
f 551 539 540
f 2516 2505 2504
f 540 552 551
f 2505 2516 2517
f 541 542 554
f 2506 2519 2507
f 554 553 541
f 2519 2506 2518
f 556 555 543
f 2521 2508 2520
f 543 544 556
f 2508 2521 2509
f 556 544 545
f 2521 2510 2509
f 545 527 556
f 2510 2521 2492
f 526 546 547
f 2491 2512 2511
f 547 525 526
f 2512 2491 2490
f 500 549 550
f 2465 2515 2514
f 550 499 500
f 2515 2465 2464
f 557 1719 559
f 2522 2524 3671
f 559 558 557
f 2524 2522 2523
f 560 1973 1972
f 2525 3850 3851
f 1972 561 560
f 3850 2525 2526
f 566 565 564
f 2531 2529 2530
f 564 567 566
f 2529 2531 2532
f 570 569 568
f 2535 2533 2534
f 568 571 570
f 2533 2535 2536
f 574 573 572
f 2539 2537 2538
f 572 575 574
f 2537 2539 2540
f 1942 267 577
f 3824 2542 2235
f 577 1940 1942
f 2542 3824 3822
f 3 345 326
f 3 2294 2312
f 326 1809 3
f 2294 3 1809
f 578 34 1798
f 2543 1798 2013
f 1798 579 578
f 1798 2543 579
f 581 43 580
f 2545 2544 2021
f 580 582 581
f 2544 2545 2546
f 331 40 583
f 2298 2547 2018
f 583 330 331
f 2547 2298 2297
f 334 346 39
f 2301 2017 2313
f 39 337 334
f 2017 2301 2304
f 43 44 584
f 2021 2548 2022
f 584 580 43
f 2548 2021 2544
f 340 47 48
f 2307 2026 2025
f 48 338 340
f 2026 2307 2305
f 340 339 585
f 2307 2549 2306
f 585 47 340
f 2549 2307 2025
f 167 232 586
f 2141 2550 2200
f 586 587 167
f 2550 2141 2551
f 344 341 588
f 2311 2552 2308
f 588 589 344
f 2552 2311 2553
f 229 591 590
f 2197 2554 2555
f 590 592 229
f 2554 2197 2556
f 578 584 44
f 2543 2022 2548
f 44 34 578
f 2022 2543 2013
f 326 345 346
f 2294 2313 2312
f 346 334 326
f 2313 2294 2301
f 48 37 329
f 2026 2296 2016
f 329 338 48
f 2296 2026 2305
f 348 169 593
f 2315 2557 2143
f 593 594 348
f 2557 2315 2558
f 595 255 256
f 2559 2224 2223
f 256 596 595
f 2224 2559 2560
f 599 598 597
f 2563 2561 2562
f 597 600 599
f 2561 2563 2564
f 602 601 258
f 2566 2226 2565
f 258 255 602
f 2226 2566 2223
f 605 604 603
f 2569 2567 2568
f 603 606 605
f 2567 2569 2570
f 531 532 534
f 2496 2499 2497
f 534 535 531
f 2499 2496 2500
f 608 607 303
f 2572 2271 2571
f 303 609 608
f 2271 2572 2573
f 612 611 610
f 2576 2574 2575
f 610 613 612
f 2574 2576 2577
f 616 615 614
f 2580 2578 2579
f 614 617 616
f 2578 2580 2581
f 619 618 616
f 2583 2580 2582
f 616 617 619
f 2580 2583 2581
f 622 621 620
f 2586 2584 2585
f 620 623 622
f 2584 2586 2587
f 624 2006 2005
f 2588 3882 3883
f 2005 625 624
f 3882 2588 2589
f 628 627 626
f 2592 2590 2591
f 626 629 628
f 2590 2592 2593
f 620 621 630
f 2584 2594 2585
f 630 631 620
f 2594 2584 2595
f 634 633 632
f 2598 2596 2597
f 632 635 634
f 2596 2598 2599
f 635 632 636
f 2599 2600 2596
f 636 637 635
f 2600 2599 2601
f 640 639 638
f 2604 2602 2603
f 638 641 640
f 2602 2604 2605
f 644 643 642
f 2608 2606 2607
f 642 645 644
f 2606 2608 2609
f 648 647 646
f 2612 2610 2611
f 646 649 648
f 2610 2612 2613
f 652 651 650
f 2616 2614 2615
f 650 653 652
f 2614 2616 2617
f 656 655 654
f 2620 2618 2619
f 654 657 656
f 2618 2620 2621
f 658 661 660
f 2622 2624 2625
f 660 659 658
f 2624 2622 2623
f 662 1922 664
f 2626 2628 3804
f 664 663 662
f 2628 2626 2627
f 131 116 117
f 2106 2094 2093
f 117 130 131
f 2094 2106 2105
f 120 2 135
f 120 2110 2
f 135 119 120
f 2110 120 2096
f 189 186 116
f 2163 2093 2160
f 116 131 189
f 2093 2163 2106
f 237 238 185
f 2205 2159 2206
f 185 190 237
f 2159 2205 2164
f 130 117 119
f 2105 2096 2094
f 119 135 130
f 2096 2105 2110
f 667 666 665
f 2631 2629 2630
f 665 668 667
f 2629 2631 2632
f 671 670 669
f 2635 2633 2634
f 669 672 671
f 2633 2635 2636
f 674 673 297
f 2638 2265 2637
f 297 294 674
f 2265 2638 2262
f 416 676 675
f 2382 2639 2640
f 675 415 416
f 2639 2382 2381
f 679 678 677
f 2643 2641 2642
f 677 680 679
f 2641 2643 2644
f 683 682 681
f 2647 2645 2646
f 681 684 683
f 2645 2647 2648
f 687 686 685
f 2651 2649 2650
f 685 688 687
f 2649 2651 2652
f 496 497 513
f 2461 2478 2462
f 513 512 496
f 2478 2461 2477
f 501 504 517
f 2466 2482 2469
f 517 516 501
f 2482 2466 2481
f 689 519 509
f 2653 2474 2484
f 509 690 689
f 2474 2653 2654
f 540 519 689
f 2505 2653 2484
f 689 691 540
f 2653 2505 2655
f 514 498 549
f 2479 2514 2463
f 549 692 514
f 2514 2479 2656
f 552 540 691
f 2517 2655 2505
f 691 693 552
f 2655 2517 2657
f 692 549 500
f 2656 2465 2514
f 500 515 692
f 2465 2656 2480
f 696 695 694
f 2660 2658 2659
f 694 697 696
f 2658 2660 2661
f 700 699 698
f 2664 2662 2663
f 698 701 700
f 2662 2664 2665
f 704 703 702
f 2668 2666 2667
f 702 705 704
f 2666 2668 2669
f 708 707 706
f 2672 2670 2671
f 706 709 708
f 2670 2672 2673
f 654 655 710
f 2618 2674 2619
f 710 711 654
f 2674 2618 2675
f 714 713 712
f 2678 2676 2677
f 712 715 714
f 2676 2678 2679
f 649 717 716
f 2613 2680 2681
f 716 718 649
f 2680 2613 2682
f 642 643 719
f 2606 2683 2607
f 719 720 642
f 2683 2606 2684
f 723 722 721
f 2687 2685 2686
f 721 724 723
f 2685 2687 2688
f 726 725 462
f 2690 2427 2689
f 462 463 726
f 2427 2690 2428
f 725 727 466
f 2689 2431 2691
f 466 462 725
f 2431 2689 2427
f 727 728 468
f 2691 2433 2692
f 468 466 727
f 2433 2691 2431
f 728 729 470
f 2692 2435 2693
f 470 468 728
f 2435 2692 2433
f 729 730 472
f 2693 2437 2694
f 472 470 729
f 2437 2693 2435
f 730 731 474
f 2694 2439 2695
f 474 472 730
f 2439 2694 2437
f 476 1969 1970
f 2441 3848 3847
f 1970 732 476
f 3848 2441 2696
f 230 733 591
f 2198 2555 2697
f 591 229 230
f 2555 2198 2197
f 181 735 734
f 2155 2698 2699
f 734 180 181
f 2698 2155 2154
f 736 425 234
f 2700 2202 2391
f 234 235 736
f 2202 2700 2203
f 243 199 333
f 2211 2300 2173
f 333 342 243
f 2300 2211 2309
f 737 1815 1813
f 2701 1813 1815
f 1813 456 737
f 1813 2701 2421
f 249 598 738
f 2217 2702 2562
f 738 739 249
f 2702 2217 2703
f 262 740 376
f 2230 2343 2704
f 376 261 262
f 2343 2230 2229
f 342 333 330
f 2309 2297 2300
f 330 341 342
f 2297 2309 2308
f 178 179 737
f 2152 2701 2153
f 737 456 178
f 2701 2152 2421
f 374 741 260
f 2341 2228 2705
f 260 261 374
f 2228 2341 2229
f 400 398 422
f 2366 2388 2364
f 422 423 400
f 2388 2366 2389
f 426 742 233
f 2392 2201 2706
f 233 234 426
f 2201 2392 2202
f 341 330 583
f 2308 2547 2297
f 583 588 341
f 2547 2308 2552
f 232 229 592
f 2200 2556 2197
f 592 586 232
f 2556 2200 2550
f 660 744 743
f 2624 2707 2708
f 743 659 660
f 2707 2624 2623
f 645 642 650
f 2609 2614 2606
f 650 651 645
f 2614 2609 2615
f 258 746 745
f 2226 2709 2710
f 745 257 258
f 2709 2226 2225
f 747 738 595
f 2711 2559 2702
f 595 596 747
f 2559 2711 2560
f 748 378 377
f 2712 2344 2345
f 377 749 748
f 2344 2712 2713
f 254 751 750
f 2222 2714 2715
f 750 253 254
f 2714 2222 2221
f 1865 753 752
f 3749 2716 2717
f 752 754 1865
f 2716 3749 2718
f 756 755 252
f 2720 2220 2719
f 252 253 756
f 2220 2720 2221
f 758 757 254
f 2722 2222 2721
f 254 251 758
f 2222 2722 2219
f 759 758 251
f 2723 2219 2722
f 251 372 759
f 2219 2723 2339
f 755 760 373
f 2719 2340 2724
f 373 252 755
f 2340 2719 2220
f 378 260 741
f 2345 2705 2228
f 741 263 378
f 2705 2345 2231
f 748 259 260
f 2712 2228 2227
f 260 378 748
f 2228 2712 2345
f 757 761 751
f 2721 2715 2725
f 751 254 757
f 2715 2721 2222
f 756 253 750
f 2720 2714 2221
f 750 762 756
f 2714 2720 2726
f 765 764 763
f 2729 2727 2728
f 763 766 765
f 2727 2729 2730
f 755 768 767
f 2719 2731 2732
f 767 760 755
f 2731 2719 2724
f 768 755 756
f 2732 2720 2719
f 756 762 768
f 2720 2732 2726
f 771 770 769
f 2735 2733 2734
f 769 772 771
f 2733 2735 2736
f 41 733 583
f 2019 2547 2697
f 583 40 41
f 2547 2019 2018
f 1804 4 175
f 1804 2149 4
f 175 176 1804
f 2149 1804 2150
f 233 742 773
f 2201 2737 2706
f 773 362 233
f 2737 2201 2329
f 245 775 774
f 2213 2738 2739
f 774 776 245
f 2738 2213 2740
f 163 761 757
f 2138 2721 2725
f 757 162 163
f 2721 2138 2137
f 236 233 184
f 2204 2158 2201
f 184 777 236
f 2158 2204 2741
f 357 336 332
f 2324 2299 2303
f 332 200 357
f 2299 2324 2174
f 780 779 778
f 2744 2742 2743
f 778 781 780
f 2742 2744 2745
f 336 337 331
f 2303 2298 2304
f 331 332 336
f 2298 2303 2299
f 424 421 417
f 2390 2383 2387
f 417 418 424
f 2383 2390 2384
f 591 581 582
f 2555 2546 2545
f 582 590 591
f 2546 2555 2554
f 337 39 40
f 2304 2018 2017
f 40 331 337
f 2018 2304 2298
f 281 288 289
f 2249 2257 2256
f 289 280 281
f 2257 2249 2248
f 783 782 290
f 2747 2258 2746
f 290 784 783
f 2258 2747 2748
f 786 785 288
f 2750 2256 2749
f 288 281 786
f 2256 2750 2249
f 789 788 787
f 2753 2751 2752
f 787 790 789
f 2751 2753 2754
f 222 791 381
f 2191 2348 2755
f 381 99 222
f 2348 2191 2076
f 50 178 456
f 2028 2421 2152
f 456 53 50
f 2421 2028 2031
f 60 736 398
f 2037 2364 2700
f 398 59 60
f 2364 2037 2036
f 242 343 137
f 2210 2112 2310
f 137 138 242
f 2112 2210 2113
f 168 231 232
f 2142 2200 2199
f 232 167 168
f 2200 2142 2141
f 370 226 227
f 2337 2196 2195
f 227 792 370
f 2196 2337 2756
f 115 116 186
f 2092 2160 2093
f 186 187 115
f 2160 2092 2161
f 735 793 247
f 2699 2215 2757
f 247 734 735
f 2215 2699 2698
f 343 344 339
f 2310 2306 2311
f 339 137 343
f 2306 2310 2112
f 187 188 425
f 2161 2391 2162
f 425 397 187
f 2391 2161 2363
f 401 62 59
f 2367 2036 2039
f 59 399 401
f 2036 2367 2365
f 53 456 455
f 2031 2420 2421
f 455 459 53
f 2420 2031 2424
f 794 795 517
f 2758 2482 2759
f 517 518 794
f 2482 2758 2483
f 339 344 589
f 2306 2553 2311
f 589 585 339
f 2553 2306 2549
f 169 167 587
f 2143 2551 2141
f 587 593 169
f 2551 2143 2557
f 173 170 796
f 2147 2760 2144
f 796 797 173
f 2760 2147 2761
f 601 798 746
f 2565 2710 2762
f 746 258 601
f 2710 2565 2226
f 190 185 186
f 2164 2160 2159
f 186 189 190
f 2160 2164 2163
f 799 433 385
f 2763 2352 2399
f 385 800 799
f 2352 2763 2764
f 437 434 801
f 2403 2765 2400
f 801 802 437
f 2765 2403 2766
f 439 393 311
f 2405 2279 2360
f 311 312 439
f 2279 2405 2280
f 485 321 395
f 2450 2362 2289
f 395 394 485
f 2362 2450 2361
f 300 301 803
f 2268 2767 2269
f 803 804 300
f 2767 2268 2768
f 299 806 805
f 2267 2769 2770
f 805 298 299
f 2769 2267 2266
f 808 386 807
f 2772 2771 2353
f 807 809 808
f 2771 2772 2773
f 1170 799 810
f 3128 2774 2763
f 810 1126 1170
f 2774 3128 3084
f 435 811 306
f 2401 2274 2775
f 306 434 435
f 2274 2401 2400
f 480 315 442
f 2445 2408 2283
f 442 443 480
f 2408 2445 2409
f 451 448 324
f 2417 2292 2414
f 324 325 451
f 2292 2417 2293
f 481 812 441
f 2446 2407 2776
f 441 442 481
f 2407 2446 2408
f 448 449 310
f 2414 2278 2415
f 310 311 448
f 2278 2414 2279
f 321 485 813
f 2289 2777 2450
f 813 320 321
f 2777 2289 2288
f 312 313 404
f 2280 2370 2281
f 404 482 312
f 2370 2280 2447
f 486 408 406
f 2451 2372 2374
f 406 484 486
f 2372 2451 2449
f 458 459 455
f 2423 2420 2424
f 455 814 458
f 2420 2423 2778
f 458 463 464
f 2423 2429 2428
f 464 457 458
f 2429 2423 2422
f 814 726 463
f 2778 2428 2690
f 463 458 814
f 2428 2778 2423
f 776 774 364
f 2740 2331 2738
f 364 365 776
f 2331 2740 2332
f 86 87 815
f 2063 2779 2064
f 815 816 86
f 2779 2063 2780
f 819 818 817
f 2783 2781 2782
f 817 820 819
f 2781 2783 2784
f 89 86 365
f 2066 2332 2063
f 365 142 89
f 2332 2066 2117
f 90 143 8
f 2067 8 2118
f 8 228 90
f 8 2067 228
f 222 788 789
f 2191 2753 2752
f 789 791 222
f 2753 2191 2755
f 345 3 1797
f 2312 1797 3
f 1797 35 345
f 1797 2312 2014
f 43 581 41
f 2021 2019 2545
f 41 42 43
f 2019 2021 2020
f 42 39 346
f 2020 2313 2017
f 346 45 42
f 2313 2020 2023
f 49 46 169
f 2027 2143 2024
f 169 348 49
f 2143 2027 2315
f 47 585 168
f 2025 2142 2549
f 168 46 47
f 2142 2025 2024
f 589 588 230
f 2553 2198 2552
f 230 231 589
f 2198 2553 2199
f 44 45 35
f 2022 2014 2023
f 35 34 44
f 2014 2022 2013
f 823 822 821
f 2787 2785 2786
f 821 594 823
f 2785 2787 2558
f 588 583 733
f 2552 2697 2547
f 733 230 588
f 2697 2552 2198
f 581 591 733
f 2545 2697 2555
f 733 41 581
f 2697 2545 2019
f 585 589 231
f 2549 2199 2553
f 231 168 585
f 2199 2549 2142
f 54 75 22
f 2032 22 2052
f 22 1801 54
f 22 2032 1801
f 350 397 60
f 2317 2037 2363
f 60 61 350
f 2037 2317 2038
f 77 403 441
f 2054 2407 2369
f 441 812 77
f 2407 2054 2776
f 84 85 417
f 2061 2383 2062
f 417 777 84
f 2383 2061 2741
f 70 67 21
f 2047 21 2044
f 21 212 70
f 21 2047 212
f 236 421 422
f 2204 2388 2387
f 422 235 236
f 2388 2204 2203
f 68 69 61
f 2045 2038 2046
f 61 62 68
f 2038 2045 2039
f 481 442 315
f 2446 2283 2408
f 315 316 481
f 2283 2446 2284
f 235 422 398
f 2203 2364 2388
f 398 736 235
f 2364 2203 2700
f 777 417 421
f 2741 2387 2383
f 421 236 777
f 2387 2741 2204
f 397 425 736
f 2363 2700 2391
f 736 60 397
f 2700 2363 2037
f 824 825 826
f 2788 2790 2789
f 826 827 824
f 2790 2788 2791
f 482 404 812
f 2447 2776 2370
f 812 481 482
f 2776 2447 2446
f 484 406 828
f 2449 2792 2372
f 828 483 484
f 2792 2449 2448
f 779 734 247
f 2743 2215 2698
f 247 248 779
f 2215 2743 2216
f 829 781 778
f 2793 2742 2745
f 778 830 829
f 2742 2793 2794
f 831 783 784
f 2795 2748 2747
f 784 220 831
f 2748 2795 2189
f 831 220 176
f 2795 2150 2189
f 176 177 831
f 2150 2795 2151
f 832 829 830
f 2796 2794 2793
f 830 833 832
f 2794 2796 2797
f 245 776 816
f 2213 2780 2740
f 816 248 245
f 2780 2213 2216
f 143 140 1816
f 2118 1816 2115
f 1816 8 143
f 1816 2118 8
f 180 734 779
f 2154 2743 2698
f 779 780 180
f 2743 2154 2744
f 216 217 56
f 2186 56 217
f 56 57 216
f 56 2186 2034
f 816 778 779
f 2780 2743 2742
f 779 248 816
f 2743 2780 2216
f 452 453 1806
f 2418 1806 453
f 1806 218 452
f 1806 2418 2187
f 226 370 371
f 2195 2338 2337
f 371 349 226
f 2338 2195 2316
f 792 50 51
f 2756 2029 2028
f 51 370 792
f 2029 2756 2337
f 816 815 830
f 2780 2794 2779
f 830 778 816
f 2794 2780 2742
f 781 177 174
f 2745 2148 2151
f 174 780 781
f 2148 2745 2744
f 177 781 829
f 2151 2793 2745
f 829 831 177
f 2793 2151 2795
f 834 782 783
f 2798 2747 2746
f 783 832 834
f 2747 2798 2796
f 108 109 787
f 2085 2751 2086
f 787 835 108
f 2751 2085 2799
f 838 837 836
f 2802 2800 2801
f 836 839 838
f 2800 2802 2803
f 840 842 1220
f 2804 3173 2806
f 1220 841 840
f 3173 2804 2805
f 835 787 788
f 2799 2752 2751
f 788 843 835
f 2752 2799 2807
f 844 95 839
f 2808 2803 2072
f 839 836 844
f 2803 2808 2800
f 846 845 558
f 2810 2523 2809
f 558 559 846
f 2523 2810 2524
f 74 71 183
f 2051 2157 2048
f 183 113 74
f 2157 2051 2090
f 353 74 113
f 2320 2090 2051
f 113 110 353
f 2090 2320 2087
f 84 777 184
f 2061 2158 2741
f 184 182 84
f 2158 2061 2156
f 405 83 84
f 2371 2061 2060
f 84 182 405
f 2061 2371 2156
f 483 828 450
f 2448 2416 2792
f 450 451 483
f 2416 2448 2417
f 479 483 451
f 2444 2417 2448
f 451 325 479
f 2417 2444 2293
f 308 479 325
f 2276 2293 2444
f 325 322 308
f 2293 2276 2290
f 307 308 322
f 2275 2290 2276
f 322 432 307
f 2290 2275 2398
f 674 436 437
f 2638 2403 2402
f 437 430 674
f 2403 2638 2396
f 295 804 847
f 2263 2811 2768
f 847 294 295
f 2811 2263 2262
f 567 849 848
f 2532 2812 2813
f 848 566 567
f 2812 2532 2531
f 565 851 850
f 2530 2814 2815
f 850 564 565
f 2814 2530 2529
f 851 565 1975
f 2815 3853 2530
f 1975 1974 851
f 3853 2815 3852
f 569 855 854
f 2534 2818 2819
f 854 568 569
f 2818 2534 2533
f 571 848 849
f 2536 2813 2812
f 849 570 571
f 2813 2536 2535
f 848 571 1977
f 2812 3855 2536
f 1977 1976 848
f 3855 2812 3854
f 819 850 851
f 2783 2815 2814
f 851 818 819
f 2815 2783 2782
f 820 557 850
f 2784 2814 2522
f 850 819 820
f 2814 2784 2783
f 858 861 1979
f 2822 3857 2825
f 1979 1978 858
f 3857 2822 3856
f 863 855 862
f 2827 2826 2819
f 862 572 863
f 2826 2827 2537
f 864 854 855
f 2828 2819 2818
f 855 863 864
f 2819 2828 2827
f 854 864 1981
f 2818 3859 2828
f 1981 1980 854
f 3859 2818 3858
f 869 868 867
f 2833 2831 2832
f 867 870 869
f 2831 2833 2834
f 873 872 871
f 2837 2835 2836
f 871 874 873
f 2835 2837 2838
f 877 876 875
f 2841 2839 2840
f 875 878 877
f 2839 2841 2842
f 874 871 868
f 2838 2832 2835
f 868 869 874
f 2832 2838 2833
f 881 880 879
f 2845 2843 2844
f 879 882 881
f 2843 2845 2846
f 884 883 872
f 2848 2836 2847
f 872 873 884
f 2836 2848 2837
f 887 886 885
f 2851 2849 2850
f 885 888 887
f 2849 2851 2852
f 891 890 889
f 2855 2853 2854
f 889 892 891
f 2853 2855 2856
f 885 894 893
f 2849 2857 2858
f 893 888 885
f 2857 2849 2852
f 651 652 895
f 2615 2859 2616
f 895 745 651
f 2859 2615 2709
f 753 1865 896
f 2717 2860 3749
f 896 897 753
f 2860 2717 2861
f 900 899 898
f 2864 2862 2863
f 898 901 900
f 2862 2864 2865
f 897 896 899
f 2861 2863 2860
f 899 900 897
f 2863 2861 2864
f 264 903 902
f 2232 2866 2867
f 902 377 264
f 2866 2232 2344
f 377 902 904
f 2344 2868 2866
f 904 749 377
f 2868 2344 2713
f 905 902 903
f 2869 2867 2866
f 903 906 905
f 2867 2869 2870
f 907 904 902
f 2871 2866 2868
f 902 905 907
f 2866 2871 2869
f 908 749 904
f 2872 2868 2713
f 904 907 908
f 2868 2872 2871
f 763 748 749
f 2727 2713 2712
f 749 908 763
f 2713 2727 2872
f 764 259 748
f 2728 2712 2227
f 748 763 764
f 2712 2728 2727
f 909 262 259
f 2873 2227 2230
f 259 764 909
f 2227 2873 2728
f 752 751 761
f 2716 2725 2715
f 761 910 752
f 2725 2716 2874
f 753 750 751
f 2717 2715 2714
f 751 752 753
f 2715 2717 2716
f 897 762 750
f 2861 2714 2726
f 750 753 897
f 2714 2861 2717
f 900 768 762
f 2864 2726 2732
f 762 897 900
f 2726 2864 2861
f 901 767 768
f 2865 2732 2731
f 768 900 901
f 2732 2865 2864
f 911 1817 767
f 911 2731 1817
f 767 901 911
f 2731 911 2865
f 914 913 912
f 2877 2875 2876
f 912 915 914
f 2875 2877 2878
f 918 917 916
f 2881 2879 2880
f 916 1866 918
f 2879 2881 3750
f 920 919 1867
f 2883 3751 2882
f 1867 921 920
f 3751 2883 2884
f 923 922 915
f 2886 2878 2885
f 915 912 923
f 2878 2886 2875
f 925 924 922
f 2888 2885 2887
f 922 923 925
f 2885 2888 2886
f 928 927 926
f 2891 2889 2890
f 926 929 928
f 2889 2891 2892
f 931 930 920
f 2894 2883 2893
f 920 921 931
f 2883 2894 2884
f 927 772 769
f 2890 2733 2736
f 769 926 927
f 2733 2890 2889
f 172 772 927
f 2146 2890 2736
f 927 914 172
f 2890 2146 2877
f 922 932 171
f 2885 2145 2895
f 171 915 922
f 2145 2885 2878
f 924 933 932
f 2887 2895 2896
f 932 922 924
f 2895 2887 2885
f 917 738 747
f 2880 2711 2702
f 747 916 917
f 2711 2880 2879
f 934 740 262
f 2897 2230 2704
f 262 909 934
f 2230 2897 2873
f 935 910 761
f 2898 2725 2874
f 761 739 935
f 2725 2898 2703
f 1868 910 935
f 3752 2898 2874
f 935 936 1868
f 2898 3752 2899
f 918 936 935
f 2881 2898 2899
f 935 917 918
f 2898 2881 2880
f 917 935 739
f 2880 2703 2898
f 739 738 917
f 2703 2880 2702
f 766 763 908
f 2730 2872 2727
f 908 937 766
f 2872 2730 2900
f 754 752 910
f 2718 2874 2716
f 910 1868 754
f 2874 2718 3752
f 937 908 907
f 2900 2871 2872
f 907 938 937
f 2871 2900 2901
f 1869 905 906
f 3753 2870 2869
f 906 939 1869
f 2870 3753 2902
f 938 907 905
f 2901 2869 2871
f 905 1869 938
f 2869 2901 3753
f 942 941 940
f 2905 2903 2904
f 940 943 942
f 2903 2905 2906
f 946 945 944
f 2909 2907 2908
f 944 947 946
f 2907 2909 2910
f 949 948 934
f 2912 2897 2911
f 934 950 949
f 2897 2912 2913
f 943 940 951
f 2906 2914 2903
f 951 952 943
f 2914 2906 2915
f 954 953 948
f 2917 2911 2916
f 948 949 954
f 2911 2917 2912
f 952 951 955
f 2915 2918 2914
f 955 956 952
f 2918 2915 2919
f 957 909 764
f 2920 2728 2873
f 764 765 957
f 2728 2920 2729
f 934 909 957
f 2897 2920 2873
f 957 950 934
f 2920 2897 2913
f 126 127 958
f 2101 2921 2102
f 958 239 126
f 2921 2101 2207
f 959 123 124
f 2922 2099 2098
f 124 363 959
f 2099 2922 2330
f 124 125 958
f 2099 2921 2100
f 958 127 124
f 2921 2099 2102
f 962 961 960
f 2924 960 2923
f 960 23 962
f 960 2924 23
f 125 122 963
f 2100 2925 2097
f 963 964 125
f 2925 2100 2926
f 122 17 9
f 2097 9 17
f 9 963 122
f 9 2097 2925
f 958 125 964
f 2921 2926 2100
f 964 773 958
f 2926 2921 2737
f 773 742 239
f 2737 2207 2706
f 239 958 773
f 2207 2737 2921
f 426 238 239
f 2392 2207 2206
f 239 742 426
f 2207 2392 2706
f 188 185 238
f 2162 2206 2159
f 238 426 188
f 2206 2162 2392
f 964 963 111
f 2926 2088 2925
f 111 112 964
f 2088 2926 2089
f 963 9 965
f 2925 965 9
f 965 111 963
f 965 2925 2088
f 773 964 112
f 2737 2089 2926
f 112 362 773
f 2089 2737 2329
f 233 362 183
f 2201 2157 2329
f 183 184 233
f 2157 2201 2158
f 966 138 139
f 2927 2114 2113
f 139 366 966
f 2114 2927 2333
f 146 147 215
f 2121 2185 2122
f 215 367 146
f 2185 2121 2334
f 333 199 200
f 2300 2174 2173
f 200 332 333
f 2174 2300 2299
f 19 214 147
f 19 2122 214
f 147 144 19
f 2122 19 2119
f 342 343 242
f 2309 2210 2310
f 242 243 342
f 2210 2309 2211
f 145 146 139
f 2120 2114 2121
f 139 136 145
f 2114 2120 2111
f 199 243 244
f 2173 2212 2211
f 244 198 199
f 2212 2173 2172
f 356 357 200
f 2323 2174 2324
f 200 197 356
f 2174 2323 2171
f 241 242 138
f 2209 2113 2210
f 138 966 241
f 2113 2209 2927
f 968 967 295
f 2929 2263 2928
f 295 296 968
f 2263 2929 2264
f 477 969 391
f 2442 2358 2930
f 391 392 477
f 2358 2442 2359
f 395 321 318
f 2362 2286 2289
f 318 478 395
f 2286 2362 2443
f 804 803 970
f 2768 2931 2767
f 970 847 804
f 2931 2768 2811
f 813 80 354
f 2777 2321 2057
f 354 320 813
f 2321 2777 2288
f 357 81 335
f 2324 2302 2058
f 335 336 357
f 2302 2324 2303
f 293 971 383
f 2261 2350 2932
f 383 384 293
f 2350 2261 2351
f 382 972 102
f 2349 2079 2933
f 102 98 382
f 2079 2349 2075
f 102 972 973
f 2079 2934 2933
f 973 105 102
f 2934 2079 2082
f 224 974 384
f 2193 2351 2935
f 384 106 224
f 2351 2193 2083
f 383 790 787
f 2350 2751 2754
f 787 109 383
f 2751 2350 2086
f 222 221 843
f 2191 2807 2190
f 843 788 222
f 2807 2191 2752
f 837 838 276
f 2801 2244 2802
f 276 975 837
f 2244 2801 2936
f 38 20 329
f 38 2296 20
f 329 37 38
f 2296 38 2016
f 347 24 1799
f 2314 1799 24
f 1799 36 347
f 1799 2314 2015
f 821 822 1818
f 2785 1818 2786
f 1818 1819 821
f 1818 2785 1819
f 1820 1821 460
f 1820 2425 1821
f 460 457 1820
f 2425 1820 2422
f 1814 1822 814
f 1814 2778 1822
f 814 455 1814
f 2778 1814 2420
f 976 1820 457
f 976 2422 1820
f 457 464 976
f 2422 976 2429
f 814 1822 1823
f 2778 1823 1822
f 1823 726 814
f 1823 2778 2690
f 1824 976 464
f 1824 2429 976
f 464 461 1824
f 2429 1824 2426
f 726 1823 5
f 2690 5 1823
f 5 725 726
f 5 2690 2689
f 1 1824 461
f 1 2426 1824
f 461 465 1
f 2426 1 2430
f 725 5 1825
f 2689 1825 5
f 1825 727 725
f 1825 2689 2691
f 977 1 465
f 977 2430 1
f 465 467 977
f 2430 977 2432
f 727 1825 1826
f 2691 1826 1825
f 1826 728 727
f 1826 2691 2692
f 469 10 977
f 2434 977 10
f 977 467 469
f 977 2434 2432
f 728 1826 978
f 2692 978 1826
f 978 729 728
f 978 2692 2693
f 471 1827 10
f 2436 10 1827
f 10 469 471
f 10 2436 2434
f 729 978 1828
f 2693 1828 978
f 1828 730 729
f 1828 2693 2694
f 473 11 1827
f 2438 1827 11
f 1827 471 473
f 1827 2438 2436
f 730 1828 25
f 2694 25 1828
f 25 731 730
f 25 2694 2695
f 473 1964 1961
f 2438 1961 3844
f 1961 11 473
f 1961 2438 11
f 732 1970 1968
f 2696 1968 3848
f 1968 1829 732
f 1968 2696 1829
f 201 689 690
f 2175 2654 2653
f 690 204 201
f 2654 2175 2178
f 541 691 689
f 2506 2653 2655
f 689 201 541
f 2653 2506 2175
f 693 691 541
f 2657 2506 2655
f 541 553 693
f 2506 2657 2518
f 490 491 497
f 2455 2462 2456
f 497 496 490
f 2462 2455 2461
f 502 503 504
f 2467 2469 2468
f 504 501 502
f 2469 2467 2466
f 157 758 759
f 2132 2723 2722
f 759 156 157
f 2723 2132 2131
f 739 761 163
f 2703 2138 2725
f 163 249 739
f 2138 2703 2217
f 757 758 157
f 2721 2132 2722
f 157 162 757
f 2132 2721 2137
f 595 738 598
f 2559 2562 2702
f 598 599 595
f 2562 2559 2563
f 980 979 601
f 2938 2565 2937
f 601 602 980
f 2565 2938 2566
f 644 647 648
f 2608 2612 2611
f 648 643 644
f 2612 2608 2607
f 250 597 598
f 2218 2562 2561
f 598 249 250
f 2562 2218 2217
f 601 979 981
f 2565 2939 2937
f 981 798 601
f 2939 2565 2762
f 878 875 604
f 2842 2568 2839
f 604 605 878
f 2568 2842 2569
f 606 603 206
f 2570 2180 2567
f 206 207 606
f 2180 2570 2181
f 931 769 770
f 2894 2734 2733
f 770 982 931
f 2734 2894 2940
f 602 599 600
f 2566 2564 2563
f 600 980 602
f 2564 2566 2938
f 985 984 983
f 2943 2941 2942
f 983 986 985
f 2941 2943 2944
f 988 987 770
f 2946 2734 2945
f 770 771 988
f 2734 2946 2735
f 602 255 595
f 2566 2559 2223
f 595 599 602
f 2559 2566 2563
f 709 990 989
f 2673 2947 2948
f 989 708 709
f 2947 2673 2672
f 990 992 991
f 2948 2949 2950
f 991 989 990
f 2949 2948 2947
f 657 994 993
f 2621 2951 2952
f 993 656 657
f 2951 2621 2620
f 997 996 995
f 2955 2953 2954
f 995 998 997
f 2953 2955 2956
f 647 981 999
f 2611 2957 2939
f 999 646 647
f 2957 2611 2610
f 798 981 647
f 2762 2611 2939
f 647 644 798
f 2611 2762 2608
f 645 746 798
f 2609 2762 2710
f 798 644 645
f 2762 2609 2608
f 746 645 651
f 2710 2615 2609
f 651 745 746
f 2615 2710 2709
f 1000 889 890
f 2958 2854 2853
f 890 1001 1000
f 2854 2958 2959
f 1003 1002 888
f 2961 2852 2960
f 888 893 1003
f 2852 2961 2857
f 1005 1004 1003
f 2963 2961 2962
f 1003 893 1005
f 2961 2963 2857
f 1008 709 706
f 2966 2670 2673
f 706 1009 1008
f 2670 2966 2967
f 1011 1010 894
f 2969 2858 2968
f 894 991 1011
f 2858 2969 2949
f 1008 1012 990
f 2966 2948 2970
f 990 709 1008
f 2948 2966 2673
f 989 885 886
f 2947 2850 2849
f 886 708 989
f 2850 2947 2672
f 990 1012 1013
f 2948 2971 2970
f 1013 992 990
f 2971 2948 2950
f 991 894 885
f 2949 2849 2858
f 885 989 991
f 2849 2949 2947
f 166 1014 1013
f 2140 2971 2972
f 1013 993 166
f 2971 2140 2951
f 656 1012 1008
f 2620 2966 2970
f 1008 655 656
f 2966 2620 2619
f 722 995 657
f 2686 2621 2953
f 657 654 722
f 2621 2686 2618
f 722 654 711
f 2686 2675 2618
f 711 721 722
f 2675 2686 2685
f 1017 1016 1015
f 2975 2973 2974
f 1015 1018 1017
f 2973 2975 2976
f 710 655 1008
f 2674 2966 2619
f 1008 1009 710
f 2966 2674 2967
f 995 996 994
f 2953 2952 2954
f 994 657 995
f 2952 2953 2621
f 993 1013 1012
f 2951 2970 2971
f 1012 656 993
f 2970 2951 2620
f 1019 891 892
f 2977 2856 2855
f 892 1020 1019
f 2856 2977 2978
f 1018 1022 1021
f 2976 2979 2980
f 1021 1023 1018
f 2979 2976 2981
f 1025 698 1024
f 2983 2982 2662
f 1024 1026 1025
f 2982 2983 2984
f 1028 1027 1017
f 2986 2975 2985
f 1017 1029 1028
f 2975 2986 2987
f 1022 712 1030
f 2980 2988 2676
f 1030 1021 1022
f 2988 2980 2979
f 1002 1032 1031
f 2960 2989 2990
f 1031 1033 1002
f 2989 2960 2991
f 1035 1034 1001
f 2993 2959 2992
f 1001 1036 1035
f 2959 2993 2994
f 1002 1003 1037
f 2960 2995 2961
f 1037 1032 1002
f 2995 2960 2990
f 984 932 933
f 2942 2896 2895
f 933 983 984
f 2896 2942 2941
f 1866 916 924
f 3750 2887 2879
f 924 925 1866
f 2887 3750 2888
f 916 747 933
f 2879 2896 2711
f 933 924 916
f 2896 2879 2887
f 1039 1038 953
f 2997 2916 2996
f 953 954 1039
f 2916 2997 2917
f 596 256 986
f 2560 2944 2224
f 986 983 596
f 2944 2560 2941
f 1870 661 658
f 3754 2622 2625
f 658 1879 1870
f 2622 3754 3762
f 796 170 984
f 2760 2942 2144
f 984 985 796
f 2942 2760 2943
f 945 946 1038
f 2908 2996 2909
f 1038 1039 945
f 2996 2908 2997
f 170 171 932
f 2144 2895 2145
f 932 984 170
f 2895 2144 2942
f 1830 1831 153
f 1830 2128 1831
f 153 154 1830
f 2128 1830 2129
f 993 994 165
f 2951 2139 2952
f 165 166 993
f 2139 2951 2140
f 6 372 373
f 6 2340 2339
f 373 1832 6
f 2340 6 1832
f 658 659 1041
f 2622 2999 2623
f 1041 1040 658
f 2999 2622 2998
f 1832 373 760
f 1832 2724 2340
f 760 27 1832
f 2724 1832 27
f 1879 658 1040
f 3762 2998 2622
f 1040 1880 1879
f 2998 3762 3763
f 1042 1043 743
f 3000 2707 3001
f 743 1037 1042
f 2707 3000 2995
f 1045 1044 880
f 3003 2844 3002
f 880 881 1045
f 2844 3003 2845
f 893 894 1010
f 2857 2968 2858
f 1010 1005 893
f 2968 2857 2963
f 1834 906 903
f 1834 2867 2870
f 903 1833 1834
f 2867 1834 1833
f 1834 12 939
f 1834 2902 12
f 939 906 1834
f 2902 1834 2870
f 991 992 1046
f 2949 3004 2950
f 1046 1011 991
f 3004 2949 2969
f 1005 13 28
f 2963 28 13
f 28 1004 1005
f 28 2963 2962
f 992 1013 1014
f 2950 2972 2971
f 1014 1046 992
f 2972 2950 3004
f 994 996 1047
f 2952 3005 2954
f 1047 165 994
f 3005 2952 2139
f 16 1835 1014
f 16 2972 1835
f 1014 166 16
f 2972 16 2140
f 1037 1003 1004
f 2995 2962 2961
f 1004 1042 1037
f 2962 2995 3000
f 1050 1049 1048
f 3008 3006 3007
f 1048 1051 1050
f 3006 3008 3009
f 929 926 921
f 2892 2884 2889
f 921 1867 929
f 2884 2892 3751
f 921 926 769
f 2884 2733 2889
f 769 931 921
f 2733 2884 2894
f 987 1052 982
f 2945 2940 3010
f 982 770 987
f 2940 2945 2734
f 876 877 1053
f 2840 3011 2841
f 1053 1054 876
f 3011 2840 3012
f 1057 1056 1055
f 3015 3013 3014
f 1055 1058 1057
f 3013 3015 3016
f 797 796 1059
f 2761 3017 2760
f 1059 1055 797
f 3017 2761 3013
f 1059 796 985
f 3017 2943 2760
f 985 1060 1059
f 2943 3017 3018
f 1061 1059 1060
f 3019 3018 3017
f 1060 1062 1061
f 3018 3019 3020
f 1057 1064 1063
f 3015 3021 3022
f 1063 1065 1057
f 3021 3015 3023
f 400 241 966
f 2366 2927 2209
f 966 399 400
f 2927 2366 2365
f 367 215 420
f 2334 2386 2185
f 420 402 367
f 2386 2334 2368
f 319 355 407
f 2287 2373 2322
f 407 408 319
f 2373 2287 2374
f 419 356 197
f 2385 2171 2323
f 197 418 419
f 2171 2385 2384
f 424 198 244
f 2390 2212 2172
f 244 423 424
f 2212 2390 2389
f 436 847 970
f 2402 2931 2811
f 970 435 436
f 2931 2402 2401
f 367 402 401
f 2334 2367 2368
f 401 366 367
f 2367 2334 2333
f 484 445 446
f 2449 2412 2411
f 446 486 484
f 2412 2449 2451
f 423 244 241
f 2389 2209 2212
f 241 400 423
f 2209 2389 2366
f 418 197 198
f 2384 2172 2171
f 198 424 418
f 2172 2384 2390
f 399 966 366
f 2365 2333 2927
f 366 401 399
f 2333 2365 2367
f 355 356 419
f 2322 2385 2323
f 419 407 355
f 2385 2322 2373
f 969 477 447
f 2930 2413 2442
f 447 811 969
f 2413 2930 2775
f 318 319 408
f 2286 2374 2287
f 408 486 318
f 2374 2286 2451
f 57 64 349
f 2034 2316 2041
f 349 216 57
f 2316 2034 2186
f 133 130 135
f 2108 2110 2105
f 135 134 133
f 2110 2108 2109
f 822 823 63
f 2786 2040 2787
f 63 58 822
f 2040 2786 2035
f 1066 548 369
f 3024 2336 2513
f 369 368 1066
f 2336 3024 2335
f 218 371 52
f 2187 2030 2338
f 52 452 218
f 2030 2187 2418
f 491 490 487
f 2456 2452 2455
f 487 155 491
f 2452 2456 2130
f 499 550 529
f 2464 2494 2515
f 529 530 499
f 2494 2464 2495
f 548 546 545
f 2513 2510 2511
f 545 369 548
f 2510 2513 2336
f 546 526 527
f 2511 2492 2491
f 527 545 546
f 2492 2511 2510
f 722 723 998
f 2686 2956 2687
f 998 995 722
f 2956 2686 2953
f 64 57 58
f 2041 2035 2034
f 58 63 64
f 2035 2041 2040
f 37 48 49
f 2016 2027 2026
f 49 36 37
f 2027 2016 2015
f 349 371 218
f 2316 2187 2338
f 218 216 349
f 2187 2316 2186
f 1068 1067 646
f 3026 2610 3025
f 646 999 1068
f 2610 3026 2957
f 1069 696 697
f 3027 2661 2660
f 697 1070 1069
f 2661 3027 3028
f 699 1071 1024
f 2663 2982 3029
f 1024 698 699
f 2982 2663 2662
f 1072 702 703
f 3030 2667 2666
f 703 1073 1072
f 2667 3030 3031
f 1074 1030 712
f 3032 2676 2988
f 712 713 1074
f 2676 3032 2677
f 1023 1029 1017
f 2981 2975 2987
f 1017 1018 1023
f 2975 2981 2976
f 1076 1075 1027
f 3034 2985 3033
f 1027 1077 1076
f 2985 3034 3035
f 1018 1015 1078
f 2976 3036 2973
f 1078 1022 1018
f 3036 2976 2980
f 1025 1079 701
f 2983 2665 3037
f 701 698 1025
f 2665 2983 2662
f 1027 1075 1016
f 2985 2974 3033
f 1016 1017 1027
f 2974 2985 2975
f 1022 1078 715
f 2980 2679 3036
f 715 712 1022
f 2679 2980 2676
f 1081 1080 705
f 3039 2669 3038
f 705 702 1081
f 2669 3039 2666
f 695 1083 1082
f 2659 3040 3041
f 1082 694 695
f 3040 2659 2658
f 1078 1015 1084
f 3036 3042 2973
f 1084 1085 1078
f 3042 3036 3043
f 1087 1086 1075
f 3045 3033 3044
f 1075 1076 1087
f 3033 3045 3034
f 705 1089 1088
f 2669 3046 3047
f 1088 704 705
f 3046 2669 2668
f 1080 1090 1089
f 3038 3047 3048
f 1089 705 1080
f 3047 3038 2669
f 1092 700 1091
f 3050 3049 2664
f 1091 1093 1092
f 3049 3050 3051
f 1079 1095 1094
f 3037 3052 3053
f 1094 701 1079
f 3052 3037 2665
f 694 1082 1095
f 2658 3053 3040
f 1095 1079 694
f 3053 2658 3037
f 704 1088 1096
f 2668 3054 3046
f 1096 1097 704
f 3054 2668 3055
f 1086 1098 1016
f 3044 2974 3056
f 1016 1075 1086
f 2974 3044 3033
f 1016 1098 1084
f 2974 3042 3056
f 1084 1015 1016
f 3042 2974 2973
f 1085 1099 715
f 3043 2679 3057
f 715 1078 1085
f 2679 3043 3036
f 714 715 1099
f 2678 3057 2679
f 1099 1100 714
f 3057 2678 3058
f 1102 1101 503
f 3060 2468 3059
f 503 502 1102
f 2468 3060 2467
f 1103 1102 502
f 3061 2467 3060
f 502 499 1103
f 2467 3061 2464
f 1104 1103 499
f 3062 2464 3061
f 499 530 1104
f 2464 3062 2495
f 1105 1104 530
f 3063 2495 3062
f 530 531 1105
f 2495 3063 2496
f 535 1106 1105
f 2500 3063 3064
f 1105 531 535
f 3063 2500 2496
f 551 552 506
f 2516 2471 2517
f 506 1106 551
f 2471 2516 3064
f 1101 1107 506
f 3059 2471 3065
f 506 503 1101
f 2471 3059 2468
f 219 92 93
f 2188 2070 2069
f 93 209 219
f 2070 2188 2183
f 223 104 105
f 2192 2082 2081
f 105 224 223
f 2082 2192 2193
f 269 277 278
f 2237 2246 2245
f 278 271 269
f 2246 2237 2239
f 291 292 285
f 2259 2253 2260
f 285 283 291
f 2253 2259 2251
f 1108 572 862
f 3066 2826 2537
f 862 1109 1108
f 2826 3066 3067
f 974 224 105
f 2935 2082 2193
f 105 973 974
f 2082 2935 2934
f 18 210 209
f 18 2183 210
f 209 93 18
f 2183 18 2070
f 1111 1110 475
f 3069 2440 3068
f 475 476 1111
f 2440 3069 2441
f 1112 1111 476
f 3070 2441 3069
f 476 732 1112
f 2441 3070 2696
f 1110 1836 26
f 3068 26 1836
f 26 475 1110
f 26 3068 2440
f 1112 732 1829
f 3070 1829 2696
f 1829 1837 1112
f 1829 3070 1837
f 29 1111 1112
f 29 3070 3069
f 1112 1837 29
f 3070 29 1837
f 29 1836 1110
f 29 3068 1836
f 1110 1111 29
f 3068 29 3069
f 1058 1055 1059
f 3016 3017 3013
f 1059 1061 1058
f 3017 3016 3019
f 1114 1113 887
f 3072 2851 3071
f 887 1033 1114
f 2851 3072 2991
f 1115 1031 1032
f 3073 2990 2989
f 1032 744 1115
f 2990 3073 2708
f 1033 1031 1116
f 2991 3074 2989
f 1116 1114 1033
f 3074 2991 3072
f 1033 887 888
f 2991 2852 2851
f 888 1002 1033
f 2852 2991 2960
f 930 931 982
f 2893 2940 2894
f 982 1117 930
f 2940 2893 3075
f 1053 882 879
f 3011 2843 2846
f 879 1054 1053
f 2843 3011 3012
f 1067 1068 997
f 3025 2955 3026
f 997 998 1067
f 2955 3025 2956
f 723 717 1067
f 2687 3025 2681
f 1067 998 723
f 3025 2687 2956
f 717 649 646
f 2681 2610 2613
f 646 1067 717
f 2610 2681 3025
f 724 1074 1069
f 2688 3027 3032
f 1069 716 724
f 3027 2688 2680
f 713 714 695
f 2677 2659 2678
f 695 696 713
f 2659 2677 2660
f 714 1100 1083
f 2678 3041 3058
f 1083 695 714
f 3041 2678 2659
f 844 843 221
f 2808 2190 2807
f 221 274 844
f 2190 2808 2242
f 97 557 558
f 2074 2523 2522
f 558 96 97
f 2523 2074 2073
f 103 265 266
f 2080 2234 2233
f 266 101 103
f 2234 2080 2078
f 103 104 1118
f 2080 3076 2081
f 1118 265 103
f 3076 2080 2233
f 862 855 270
f 2826 2238 2819
f 270 271 862
f 2238 2826 2239
f 576 850 557
f 2541 2522 2814
f 557 97 576
f 2522 2541 2074
f 221 100 273
f 2190 2241 2077
f 273 274 221
f 2241 2190 2242
f 223 107 975
f 2192 2936 2084
f 975 1119 223
f 2936 2192 3077
f 275 1120 1109
f 2243 3067 3078
f 1109 278 275
f 3067 2243 2246
f 101 266 273
f 2078 2241 2234
f 273 100 101
f 2241 2078 2077
f 1940 567 564
f 3822 2529 2532
f 564 1941 1940
f 2529 3822 3823
f 841 1122 1121
f 2805 3079 3080
f 1121 840 841
f 3079 2805 2804
f 835 836 837
f 2799 2801 2800
f 837 108 835
f 2801 2799 2085
f 96 558 840
f 2073 2804 2523
f 840 1121 96
f 2804 2073 3079
f 835 843 844
f 2799 2808 2807
f 844 836 835
f 2808 2799 2800
f 275 1122 841
f 2243 2805 3080
f 841 1120 275
f 2805 2243 3078
f 975 107 108
f 2936 2085 2084
f 108 837 975
f 2085 2936 2801
f 1938 270 855
f 3820 2819 2238
f 855 569 1938
f 2819 3820 2534
f 104 223 1119
f 2081 3077 2192
f 1119 1118 104
f 3077 2081 3076
f 1109 862 271
f 3067 2239 2826
f 271 278 1109
f 2239 3067 2246
f 310 449 72
f 2278 2049 2415
f 72 73 310
f 2049 2278 2050
f 812 404 76
f 2776 2053 2370
f 76 77 812
f 2053 2776 2054
f 80 813 444
f 2057 2410 2777
f 444 79 80
f 2410 2057 2056
f 83 828 406
f 2060 2372 2792
f 406 82 83
f 2372 2060 2059
f 352 313 310
f 2319 2278 2281
f 310 73 352
f 2278 2319 2050
f 319 320 354
f 2287 2321 2288
f 354 355 319
f 2321 2287 2322
f 444 441 403
f 2410 2369 2407
f 403 79 444
f 2369 2410 2056
f 449 450 405
f 2415 2371 2416
f 405 72 449
f 2371 2415 2049
f 352 353 75
f 2319 2052 2320
f 75 76 352
f 2052 2319 2053
f 407 419 85
f 2373 2062 2385
f 85 82 407
f 2062 2373 2059
f 54 55 403
f 2032 2369 2033
f 403 77 54
f 2369 2032 2054
f 450 828 83
f 2416 2060 2792
f 83 405 450
f 2060 2416 2371
f 81 357 354
f 2058 2321 2324
f 354 80 81
f 2321 2058 2057
f 1249 1927 1926
f 3201 3808 3809
f 1926 1258 1249
f 3808 3201 3210
f 967 300 804
f 2928 2768 2268
f 804 295 967
f 2768 2928 2263
f 414 1929 1928
f 2380 3810 3811
f 1928 413 414
f 3810 2380 2379
f 304 430 437
f 2272 2403 2396
f 437 802 304
f 2403 2272 2766
f 299 300 967
f 2267 2928 2268
f 967 1125 299
f 2928 2267 3083
f 294 847 436
f 2262 2402 2811
f 436 674 294
f 2402 2262 2638
f 304 802 1126
f 2272 3084 2766
f 1126 1127 304
f 3084 2272 3085
f 1128 1129 2010
f 3086 3887 3087
f 2010 2009 1128
f 3887 3086 3886
f 95 844 274
f 2072 2242 2808
f 274 94 95
f 2242 2072 2071
f 267 268 270
f 2235 2238 2236
f 270 577 267
f 2238 2235 2542
f 265 1118 269
f 2233 2237 3076
f 269 268 265
f 2237 2233 2236
f 272 576 97
f 2240 2074 2541
f 97 94 272
f 2074 2240 2071
f 1119 975 276
f 3077 2244 2936
f 276 277 1119
f 2244 3077 2245
f 266 267 272
f 2234 2240 2235
f 272 273 266
f 2240 2234 2241
f 1122 838 839
f 3080 2803 2802
f 839 1121 1122
f 2803 3080 3079
f 95 96 1121
f 2072 3079 2073
f 1121 839 95
f 3079 2072 2803
f 1122 275 276
f 3080 2244 2243
f 276 838 1122
f 2244 3080 2802
f 1118 1119 277
f 3076 2245 3077
f 277 269 1118
f 2245 3076 2237
f 848 1976 1982
f 2812 3860 3854
f 1982 566 848
f 3860 2812 2531
f 854 1980 1983
f 2818 3861 3858
f 1983 568 854
f 3861 2818 2533
f 851 1974 1984
f 2815 3862 3852
f 1984 818 851
f 3862 2815 2782
f 1830 154 1133
f 1830 3091 2129
f 1133 1838 1830
f 3091 1830 1838
f 155 487 1133
f 2130 3091 2452
f 1133 154 155
f 3091 2130 2129
f 807 440 317
f 2771 2285 2406
f 317 1134 807
f 2285 2771 3092
f 427 1134 317
f 2393 2285 3092
f 317 314 427
f 2285 2393 2282
f 1136 1135 809
f 3094 2773 3093
f 809 1137 1136
f 2773 3094 3095
f 494 1138 488
f 2459 2453 3096
f 488 489 494
f 2453 2459 2454
f 487 488 1139
f 2452 3097 2453
f 1139 1133 487
f 3097 2452 3091
f 937 1865 754
f 2900 2718 3749
f 754 766 937
f 2718 2900 2730
f 1868 765 766
f 3752 2730 2729
f 766 754 1868
f 2730 3752 2718
f 938 896 1865
f 2901 3749 2860
f 1865 937 938
f 3749 2901 2900
f 939 898 899
f 2902 2863 2862
f 899 1869 939
f 2863 2902 3753
f 1869 899 896
f 3753 2860 2863
f 896 938 1869
f 2860 3753 2901
f 913 944 945
f 2876 2908 2907
f 945 912 913
f 2908 2876 2875
f 950 918 1866
f 2913 3750 2881
f 1866 949 950
f 3750 2913 2912
f 1039 923 912
f 2997 2875 2886
f 912 945 1039
f 2875 2997 2908
f 954 925 923
f 2917 2886 2888
f 923 1039 954
f 2886 2917 2997
f 956 928 929
f 2919 2892 2891
f 929 952 956
f 2892 2919 2915
f 765 1868 936
f 2729 2899 3752
f 936 957 765
f 2899 2729 2920
f 957 936 918
f 2920 2881 2899
f 918 950 957
f 2881 2920 2913
f 919 942 943
f 2882 2906 2905
f 943 1867 919
f 2906 2882 3751
f 1867 943 952
f 3751 2915 2906
f 952 929 1867
f 2915 3751 2892
f 925 954 949
f 2888 2912 2917
f 949 1866 925
f 2912 2888 3750
f 12 30 898
f 12 2862 30
f 898 939 12
f 2862 12 2902
f 208 205 883
f 2182 2847 2179
f 883 884 208
f 2847 2182 2848
f 1142 1141 1140
f 3100 3098 3099
f 1140 1143 1142
f 3098 3100 3101
f 1145 1144 961
f 3103 2923 3102
f 961 962 1145
f 2923 3103 2924
f 1148 1147 1146
f 3106 3104 3105
f 1146 1149 1148
f 3104 3106 3107
f 1152 1151 1150
f 3110 3108 3109
f 1150 1141 1152
f 3108 3110 3099
f 1149 1146 1144
f 3107 3102 3104
f 1144 1145 1149
f 3102 3107 3103
f 1140 1153 1147
f 3098 3105 3111
f 1147 1148 1140
f 3105 3098 3106
f 1141 1150 1153
f 3099 3111 3108
f 1153 1140 1141
f 3111 3099 3098
f 1154 507 536
f 3112 2501 2472
f 536 533 1154
f 2501 3112 2498
f 962 1156 1155
f 2924 3113 3114
f 1155 1145 962
f 3113 2924 3103
f 1158 1157 1148
f 3116 3106 3115
f 1148 1149 1158
f 3106 3116 3107
f 1141 1142 1159
f 3099 3117 3100
f 1159 1152 1141
f 3117 3099 3110
f 1148 1157 1143
f 3106 3101 3115
f 1143 1140 1148
f 3101 3106 3098
f 1145 1155 1158
f 3103 3116 3113
f 1158 1149 1145
f 3116 3103 3107
f 191 1142 1143
f 2165 3101 3100
f 1143 240 191
f 3101 2165 2208
f 1154 1138 494
f 3112 2459 3096
f 494 507 1154
f 2459 3112 2472
f 87 88 280
f 2064 2248 2065
f 280 289 87
f 2248 2064 2257
f 1160 279 91
f 3118 2068 2247
f 91 92 1160
f 2068 3118 2069
f 220 784 1161
f 2189 3119 2748
f 1161 219 220
f 3119 2189 2188
f 280 88 91
f 2248 2068 2065
f 91 279 280
f 2068 2248 2247
f 830 815 286
f 2794 2254 2779
f 286 833 830
f 2254 2794 2797
f 831 829 832
f 2795 2796 2793
f 832 783 831
f 2796 2795 2747
f 1161 1160 92
f 3119 2069 3118
f 92 219 1161
f 2069 3119 2188
f 225 65 66
f 2194 2043 2042
f 66 196 225
f 2043 2194 2170
f 117 114 118
f 2094 2095 2091
f 118 119 117
f 2095 2094 2096
f 68 402 420
f 2045 2386 2368
f 420 67 68
f 2386 2045 2044
f 351 69 70
f 2318 2047 2046
f 70 213 351
f 2047 2318 2184
f 179 180 780
f 2153 2744 2154
f 780 174 179
f 2744 2153 2148
f 175 737 179
f 2149 2153 2701
f 179 174 175
f 2153 2149 2148
f 1815 737 175
f 1815 2149 2701
f 175 4 1815
f 2149 1815 4
f 181 178 50
f 2155 2028 2152
f 50 792 181
f 2028 2155 2756
f 735 181 792
f 2699 2756 2155
f 792 227 735
f 2756 2699 2196
f 793 735 227
f 2757 2196 2699
f 227 225 793
f 2196 2757 2194
f 772 172 173
f 2736 2147 2146
f 173 771 772
f 2147 2736 2735
f 771 173 797
f 2735 2761 2147
f 797 988 771
f 2761 2735 2946
f 171 172 914
f 2145 2877 2146
f 914 915 171
f 2877 2145 2878
f 928 913 914
f 2891 2877 2876
f 914 927 928
f 2877 2891 2890
f 956 944 913
f 2919 2876 2907
f 913 928 956
f 2876 2919 2891
f 955 947 944
f 2918 2907 2910
f 944 956 955
f 2907 2918 2919
f 1154 533 1151
f 3112 3109 2498
f 1151 1152 1154
f 3109 3112 3110
f 1138 1154 1152
f 3096 3110 3112
f 1152 1159 1138
f 3110 3096 3117
f 706 707 1162
f 2670 3120 2671
f 1162 1028 706
f 3120 2670 2986
f 1163 718 1070
f 3121 3028 2682
f 1070 1026 1163
f 3028 3121 2984
f 694 1079 1025
f 2658 2983 3037
f 1025 697 694
f 2983 2658 2661
f 1164 703 704
f 3122 2668 2667
f 704 1097 1164
f 2668 3122 3055
f 1166 1165 891
f 3124 2855 3123
f 891 1019 1166
f 2855 3124 2977
f 1001 890 1167
f 2959 3125 2854
f 1167 1036 1001
f 3125 2959 2994
f 1168 1035 1116
f 3126 3074 2993
f 1116 1169 1168
f 3074 3126 3127
f 1170 1126 802
f 3128 2766 3084
f 802 801 1170
f 2766 3128 2765
f 1171 1007 1923
f 3129 3805 2965
f 1923 1172 1171
f 3805 3129 3130
f 132 1138 1159
f 2107 3117 3096
f 1159 192 132
f 3117 2107 2166
f 91 88 89
f 2068 2066 2065
f 89 90 91
f 2066 2068 2067
f 101 98 102
f 2078 2079 2075
f 102 103 101
f 2079 2078 2080
f 480 394 389
f 2445 2356 2361
f 389 429 480
f 2356 2445 2395
f 428 390 301
f 2394 2269 2357
f 301 298 428
f 2269 2394 2266
f 444 813 485
f 2410 2450 2777
f 485 443 444
f 2450 2410 2409
f 328 335 81
f 2295 2058 2302
f 81 78 328
f 2058 2295 2055
f 89 142 143
f 2066 2118 2117
f 143 90 89
f 2118 2066 2067
f 1821 1812 454
f 1821 2419 1812
f 454 460 1821
f 2419 1821 2425
f 460 454 53
f 2425 2031 2419
f 53 459 460
f 2031 2425 2424
f 52 53 454
f 2030 2419 2031
f 454 452 52
f 2419 2030 2418
f 825 805 806
f 2789 2770 2769
f 806 826 825
f 2770 2789 2790
f 1136 1137 824
f 3094 2788 3095
f 824 827 1136
f 2788 3094 2791
f 1158 128 129
f 3116 2104 2103
f 129 1157 1158
f 2104 3116 3115
f 132 133 488
f 2107 2453 2108
f 488 1138 132
f 2453 2107 3096
f 1803 1839 1139
f 1803 3097 1839
f 1139 134 1803
f 3097 1803 2109
f 1142 191 192
f 3100 2166 2165
f 192 1159 1142
f 2166 3100 3117
f 1840 1173 959
f 1840 2922 1173
f 959 1156 1840
f 2922 1840 3114
f 1157 129 240
f 3115 2208 2104
f 240 1143 1157
f 2208 3115 3101
f 1155 363 128
f 3113 2103 2330
f 128 1158 1155
f 2103 3113 3116
f 1156 959 363
f 3114 2330 2922
f 363 1155 1156
f 2330 3114 3113
f 488 133 134
f 2453 2109 2108
f 134 1139 488
f 2109 2453 3097
f 190 191 240
f 2164 2208 2165
f 240 237 190
f 2208 2164 2205
f 131 132 192
f 2106 2166 2107
f 192 189 131
f 2166 2106 2163
f 1151 207 208
f 3109 2182 2181
f 208 1150 1151
f 2182 3109 3108
f 597 205 206
f 2561 2180 2179
f 206 600 597
f 2180 2561 2564
f 534 605 606
f 2499 2570 2569
f 606 533 534
f 2570 2499 2498
f 980 603 604
f 2938 2568 2567
f 604 979 980
f 2568 2938 2937
f 1144 869 870
f 3102 2834 2833
f 870 961 1144
f 2834 3102 2923
f 159 867 868
f 2134 2832 2831
f 868 158 159
f 2832 2134 2133
f 1147 873 874
f 3105 2838 2837
f 874 1146 1147
f 2838 3105 3104
f 161 871 872
f 2136 2836 2835
f 872 160 161
f 2836 2136 2135
f 529 877 878
f 2494 2842 2841
f 878 532 529
f 2842 2494 2497
f 981 875 876
f 2939 2840 2839
f 876 999 981
f 2840 2939 2957
f 1831 31 1045
f 1831 3003 31
f 1045 153 1831
f 3003 1831 2128
f 1146 874 869
f 3104 2833 2838
f 869 1144 1146
f 2833 3104 3102
f 158 868 871
f 2133 2835 2832
f 871 161 158
f 2835 2133 2136
f 881 882 492
f 2845 2457 2846
f 492 152 881
f 2457 2845 2127
f 997 879 880
f 2955 2844 2843
f 880 996 997
f 2844 2955 2954
f 1153 884 873
f 3111 2837 2848
f 873 1147 1153
f 2837 3111 3105
f 160 872 883
f 2135 2847 2836
f 883 250 160
f 2847 2135 2218
f 532 878 605
f 2497 2569 2842
f 605 534 532
f 2569 2497 2499
f 979 604 875
f 2937 2839 2568
f 875 981 979
f 2839 2937 2939
f 533 606 207
f 2498 2181 2570
f 207 1151 533
f 2181 2498 3109
f 600 206 603
f 2564 2567 2180
f 603 980 600
f 2567 2564 2938
f 153 1045 881
f 2128 2845 3003
f 881 152 153
f 2845 2128 2127
f 996 880 1044
f 2954 3002 2844
f 1044 1047 996
f 3002 2954 3005
f 999 876 1054
f 2957 3012 2840
f 1054 1068 999
f 3012 2957 3026
f 1053 877 529
f 3011 2494 2841
f 529 550 1053
f 2494 3011 2515
f 1068 1054 879
f 3026 2843 3012
f 879 997 1068
f 2843 3026 2955
f 882 1053 550
f 2846 2515 3011
f 550 492 882
f 2515 2846 2457
f 1150 208 884
f 3108 2848 2182
f 884 1153 1150
f 2848 3108 3111
f 250 883 205
f 2218 2179 2847
f 205 597 250
f 2179 2218 2561
f 661 1870 1905
f 2625 3788 3754
f 1905 1174 661
f 3788 2625 3131
f 256 257 1175
f 2224 3132 2225
f 1175 986 256
f 3132 2224 2944
f 747 596 983
f 2711 2941 2560
f 983 933 747
f 2941 2711 2896
f 257 745 895
f 2225 2859 2709
f 895 1175 257
f 2859 2225 3132
f 28 1176 1042
f 28 3000 1176
f 1042 1004 28
f 3000 28 2962
f 123 959 1173
f 2098 1173 2922
f 1173 7 123
f 1173 2098 7
f 211 121 118
f 211 2095 121
f 118 213 211
f 2095 211 2184
f 165 1047 1841
f 2139 1841 3005
f 1841 164 165
f 1841 2139 164
f 1807 263 741
f 1807 2705 2231
f 741 1177 1807
f 2705 1807 1177
f 911 901 898
f 911 2862 2865
f 898 30 911
f 2862 911 30
f 1808 1833 903
f 1808 2867 1833
f 903 264 1808
f 2867 1808 2232
f 1843 374 375
f 1843 2342 2341
f 375 1842 1843
f 2342 1843 3748
f 32 156 759
f 32 2723 2131
f 759 1844 32
f 2723 32 1844
f 1841 1047 1044
f 1841 3002 3005
f 1044 1845 1841
f 3002 1841 1845
f 960 961 870
f 960 2834 2923
f 870 14 960
f 2834 960 14
f 1040 1041 1846
f 2998 1846 2999
f 1846 1847 1040
f 1846 2998 1847
f 1847 1871 1880
f 1847 3763 1871
f 1880 1040 1847
f 3763 1847 2998
f 327 328 78
f 327 2055 2295
f 78 396 327
f 2055 327 396
f 741 374 1843
f 2705 1843 2341
f 1843 1177 741
f 1843 2705 1177
f 22 75 353
f 22 2320 2052
f 353 1848 22
f 2320 22 1848
f 759 372 6
f 2723 6 2339
f 6 1844 759
f 6 2723 1844
f 1811 420 215
f 1811 2185 2386
f 215 1805 1811
f 2185 1811 1805
f 1849 919 920
f 1849 2883 2882
f 920 15 1849
f 2883 1849 15
f 1178 1172 1861
f 3133 1861 3130
f 1861 1862 1178
f 1861 3133 1862
f 1156 962 23
f 3114 23 2924
f 23 1840 1156
f 23 3114 1840
f 1906 1181 1180
f 3789 3134 3135
f 1180 1905 1906
f 3134 3789 3788
f 1872 1864 1861
f 3755 1861 1864
f 1861 1172 1872
f 1861 3755 3130
f 1923 1875 1872
f 3805 3755 3758
f 1872 1172 1923
f 3755 3805 3130
f 987 988 1056
f 2945 3014 2946
f 1056 1052 987
f 3014 2945 3010
f 1031 1115 1169
f 2989 3127 3073
f 1169 1116 1031
f 3127 2989 3074
f 1035 1168 1182
f 2993 3136 3126
f 1182 1034 1035
f 3136 2993 2992
f 1037 743 744
f 2995 2708 2707
f 744 1032 1037
f 2708 2995 2990
f 1183 1115 744
f 3137 2708 3073
f 744 660 1183
f 2708 3137 2624
f 1175 1060 985
f 3132 2943 3018
f 985 986 1175
f 2943 3132 2944
f 1062 1060 1175
f 3020 3132 3018
f 1175 1184 1062
f 3132 3020 3138
f 1185 1922 1924
f 3139 3806 3804
f 1924 1064 1185
f 3806 3139 3022
f 1006 1063 1064
f 2964 3022 3021
f 1064 1924 1006
f 3022 2964 3806
f 1007 1171 1063
f 2965 3021 3129
f 1063 1006 1007
f 3021 2965 2964
f 1061 1186 1185
f 3019 3139 3140
f 1185 1058 1061
f 3139 3019 3016
f 1187 982 1052
f 3141 3010 2940
f 1052 1065 1187
f 3010 3141 3023
f 1056 988 797
f 3014 2761 2946
f 797 1055 1056
f 2761 3014 3013
f 1056 1057 1065
f 3014 3023 3015
f 1065 1052 1056
f 3023 3014 3010
f 1171 1187 1065
f 3129 3023 3141
f 1065 1063 1171
f 3023 3129 3021
f 1057 1058 1185
f 3015 3139 3016
f 1185 1064 1057
f 3139 3015 3022
f 1186 1061 1062
f 3140 3020 3019
f 1062 1182 1186
f 3020 3140 3136
f 1000 1184 1175
f 2958 3132 3138
f 1175 895 1000
f 3132 2958 2859
f 892 889 652
f 2856 2616 2853
f 652 653 892
f 2616 2856 2617
f 889 1000 895
f 2853 2859 2958
f 895 652 889
f 2859 2853 2616
f 1023 1021 711
f 2981 2675 2979
f 711 710 1023
f 2675 2981 2674
f 1026 1024 719
f 2984 2683 2982
f 719 1163 1026
f 2683 2984 3121
f 706 1028 1029
f 2670 2987 2986
f 1029 1009 706
f 2987 2670 2967
f 1021 1030 721
f 2979 2685 2988
f 721 711 1021
f 2685 2979 2675
f 1049 1188 1081
f 3007 3039 3142
f 1081 1048 1049
f 3039 3007 3006
f 716 1069 1070
f 2680 3028 3027
f 1070 718 716
f 3028 2680 2682
f 1049 1050 720
f 3007 2684 3008
f 720 1071 1049
f 2684 3007 3029
f 1020 1072 1073
f 2978 3031 3030
f 1073 1019 1020
f 3031 2978 2977
f 1030 1074 724
f 2988 2688 3032
f 724 721 1030
f 2688 2988 2685
f 1029 1023 710
f 2987 2674 2981
f 710 1009 1029
f 2674 2987 2967
f 713 696 1069
f 2677 3027 2660
f 1069 1074 713
f 3027 2677 3032
f 1162 1190 1189
f 3120 3143 3144
f 1189 1077 1162
f 3143 3120 3035
f 1026 1070 697
f 2984 2661 3028
f 697 1025 1026
f 2661 2984 2983
f 1191 1166 1019
f 3145 2977 3124
f 1019 1073 1191
f 2977 3145 3031
f 1035 1036 1114
f 2993 3072 2994
f 1114 1116 1035
f 3072 2993 3074
f 1189 1190 1192
f 3143 3146 3144
f 1192 1193 1189
f 3146 3143 3147
f 1114 1036 1167
f 3072 3125 2994
f 1167 1113 1114
f 3125 3072 3071
f 1113 1167 1165
f 3071 3123 3125
f 1165 1194 1113
f 3123 3071 3148
f 1000 1001 1034
f 2958 2992 2959
f 1034 1184 1000
f 2992 2958 3138
f 1034 1182 1062
f 2992 3020 3136
f 1062 1184 1034
f 3020 2992 3138
f 1195 941 942
f 1195 2905 2904
f 942 1850 1195
f 2905 1195 1850
f 1850 942 919
f 1850 2882 2905
f 919 1849 1850
f 2882 1850 1849
f 1196 675 676
f 3149 2640 2639
f 676 1197 1196
f 2640 3149 3150
f 619 1199 1198
f 2583 3151 3152
f 1198 618 619
f 3151 2583 2582
f 623 1201 1200
f 2587 3153 3154
f 1200 622 623
f 3153 2587 2586
f 634 1203 1202
f 2598 3155 3156
f 1202 633 634
f 3155 2598 2597
f 1205 1204 667
f 3158 2631 3157
f 667 668 1205
f 2631 3158 2632
f 610 611 678
f 2574 2642 2575
f 678 679 610
f 2642 2574 2643
f 626 627 682
f 2590 2646 2591
f 682 683 626
f 2646 2590 2647
f 359 1207 1206
f 2326 3159 3160
f 1206 358 359
f 3159 2326 2325
f 672 669 410
f 2636 2376 2633
f 410 411 672
f 2376 2636 2377
f 638 639 687
f 2602 2651 2603
f 687 688 638
f 2651 2602 2652
f 574 575 1986
f 2539 3864 2540
f 1986 1985 574
f 3864 2539 3863
f 859 1211 1987
f 2823 3865 3164
f 1987 1978 859
f 3865 2823 3856
f 1135 1136 1212
f 3093 3165 3094
f 1212 1213 1135
f 3165 3093 3166
f 573 864 863
f 2538 2827 2828
f 863 572 573
f 2827 2538 2537
f 1719 1931 1930
f 3671 3812 3813
f 1930 559 1719
f 3812 3671 2524
f 1216 1989 2000
f 3169 3878 3867
f 2000 1217 1216
f 3878 3169 3170
f 1218 1991 1990
f 3171 3868 3869
f 1990 1219 1218
f 3868 3171 3172
f 841 1936 1937
f 2805 3819 3818
f 1937 1120 841
f 3819 2805 3078
f 1109 1120 1211
f 3067 3164 3078
f 1211 859 1109
f 3164 3067 2823
f 560 561 820
f 2525 2784 2526
f 820 817 560
f 2784 2525 2781
f 1108 1109 859
f 3066 2823 3067
f 859 860 1108
f 2823 3066 2824
f 1221 834 832
f 3174 2796 2798
f 832 833 1221
f 2796 3174 2797
f 287 1221 833
f 2255 2797 3174
f 833 286 287
f 2797 2255 2254
f 1222 775 245
f 3175 2213 2739
f 245 246 1222
f 2213 3175 2214
f 1816 140 578
f 1816 2543 2115
f 578 579 1816
f 2543 1816 579
f 580 364 774
f 2544 2738 2331
f 774 582 580
f 2738 2544 2546
f 141 364 580
f 2116 2544 2331
f 580 584 141
f 2544 2116 2548
f 194 195 587
f 2168 2551 2169
f 587 586 194
f 2551 2168 2550
f 775 1222 592
f 2739 2556 3175
f 592 590 775
f 2556 2739 2554
f 140 141 584
f 2115 2548 2116
f 584 578 140
f 2548 2115 2543
f 1223 823 594
f 3176 2558 2787
f 594 593 1223
f 2558 3176 2557
f 1222 194 586
f 3175 2550 2168
f 586 592 1222
f 2550 3175 2556
f 774 775 590
f 2738 2554 2739
f 590 582 774
f 2554 2738 2546
f 195 1223 593
f 2169 2557 3176
f 593 587 195
f 2557 2169 2551
f 347 348 594
f 2314 2558 2315
f 594 821 347
f 2558 2314 2785
f 24 347 821
f 24 2785 2314
f 821 1819 24
f 2785 24 1819
f 225 196 193
f 2194 2167 2170
f 193 793 225
f 2167 2194 2757
f 793 193 246
f 2757 2214 2167
f 246 247 793
f 2214 2757 2215
f 86 816 776
f 2063 2740 2780
f 776 365 86
f 2740 2063 2332
f 58 1802 1818
f 2035 1818 1802
f 1818 822 58
f 1818 2035 2786
f 66 63 823
f 2043 2787 2040
f 823 1223 66
f 2787 2043 3176
f 246 193 194
f 2214 2168 2167
f 194 1222 246
f 2168 2214 3175
f 196 66 1223
f 2170 3176 2043
f 1223 195 196
f 3176 2170 2169
f 815 87 289
f 2779 2257 2064
f 289 286 815
f 2257 2779 2254
f 282 284 786
f 2250 2750 2252
f 786 281 282
f 2750 2250 2249
f 282 279 1160
f 2250 3118 2247
f 1160 283 282
f 3118 2250 2251
f 785 1224 287
f 2749 2255 3177
f 287 288 785
f 2255 2749 2256
f 291 1161 784
f 2259 2748 3119
f 784 290 291
f 2748 2259 2258
f 971 293 290
f 2932 2258 2261
f 290 782 971
f 2258 2932 2746
f 1225 971 782
f 3178 2746 2932
f 782 834 1225
f 2746 3178 2798
f 283 1160 1161
f 2251 3119 3118
f 1161 291 283
f 3119 2251 2259
f 1221 1226 1225
f 3174 3178 3179
f 1225 834 1221
f 3178 3174 2798
f 1224 1226 1221
f 3177 3174 3179
f 1221 287 1224
f 3174 3177 2255
f 382 381 785
f 2349 2749 2348
f 785 786 382
f 2749 2349 2750
f 285 973 972
f 2253 2933 2934
f 972 284 285
f 2933 2253 2252
f 293 384 974
f 2261 2935 2351
f 974 292 293
f 2935 2261 2260
f 381 791 1224
f 2348 3177 2755
f 1224 785 381
f 3177 2348 2749
f 789 790 1225
f 2753 3178 2754
f 1225 1226 789
f 3178 2753 3179
f 790 383 971
f 2754 2932 2350
f 971 1225 790
f 2932 2754 3178
f 292 974 973
f 2260 2934 2935
f 973 285 292
f 2934 2260 2253
f 284 972 382
f 2252 2349 2933
f 382 786 284
f 2349 2252 2750
f 791 789 1226
f 2755 3179 2753
f 1226 1224 791
f 3179 2755 3177
f 1194 707 708
f 3148 2672 2671
f 708 886 1194
f 2672 3148 2850
f 1190 1162 707
f 3144 2671 3120
f 707 1194 1190
f 2671 3144 3148
f 1113 1194 886
f 3071 2850 3148
f 886 887 1113
f 2850 3071 2851
f 890 891 1165
f 2854 3123 2855
f 1165 1167 890
f 3123 2854 3125
f 1192 1190 1194
f 3146 3148 3144
f 1194 1165 1192
f 3148 3146 3123
f 1227 1189 1193
f 3180 3147 3143
f 1193 1228 1227
f 3147 3180 3181
f 1191 1164 1193
f 3145 3147 3122
f 1193 1192 1191
f 3147 3145 3146
f 1227 1076 1077
f 3180 3035 3034
f 1077 1189 1227
f 3035 3180 3143
f 1228 1087 1076
f 3181 3034 3045
f 1076 1227 1228
f 3034 3181 3180
f 1028 1162 1077
f 2986 3035 3120
f 1077 1027 1028
f 3035 2986 2985
f 512 513 523
f 2477 2488 2478
f 523 522 512
f 2488 2477 2487
f 795 528 516
f 2759 2481 2493
f 516 517 795
f 2481 2759 2482
f 203 520 149
f 2177 2124 2485
f 149 1229 203
f 2124 2177 3182
f 1101 1104 1105
f 3059 3063 3062
f 1105 1107 1101
f 3063 3059 3065
f 1104 1101 1102
f 3062 3060 3059
f 1102 1103 1104
f 3060 3062 3061
f 767 1817 27
f 2731 27 1817
f 27 760 767
f 27 2731 2724
f 1045 31 1845
f 3003 1845 31
f 1845 1044 1045
f 1845 3003 3002
f 1164 1097 1228
f 3122 3181 3055
f 1228 1193 1164
f 3181 3122 3147
f 1166 1191 1192
f 3124 3146 3145
f 1192 1165 1166
f 3146 3124 3123
f 1164 1191 1073
f 3122 3031 3145
f 1073 703 1164
f 3031 3122 2667
f 361 1231 1230
f 2328 3183 3184
f 1230 360 361
f 3183 2328 2327
f 1233 1232 412
f 3186 2378 3185
f 412 409 1233
f 2378 3186 2375
f 1234 1196 1197
f 3187 3150 3149
f 1197 1235 1234
f 3150 3187 3188
f 1236 1204 1205
f 3189 3158 3157
f 1205 1237 1236
f 3158 3189 3190
f 1992 1981 864
f 3870 2828 3859
f 864 573 1992
f 2828 3870 2538
f 1993 1984 1132
f 3871 3090 3862
f 1132 1239 1993
f 3090 3871 3192
f 566 1982 1975
f 2531 3853 3860
f 1975 565 566
f 3853 2531 2530
f 571 568 1983
f 2536 3861 2533
f 1983 1977 571
f 3861 2536 3855
f 1183 1240 1169
f 3137 3127 3193
f 1169 1115 1183
f 3127 3137 3073
f 664 1168 1169
f 2628 3127 3126
f 1169 1240 664
f 3127 2628 3193
f 1186 1182 1168
f 3140 3126 3136
f 1168 664 1186
f 3126 3140 2628
f 1186 664 1922
f 3140 3804 2628
f 1922 1185 1186
f 3804 3140 3139
f 538 537 1794
f 2503 3745 2502
f 1794 1795 538
f 3745 2503 3746
f 507 1796 1795
f 2472 3746 3747
f 1795 536 507
f 3746 2472 2501
f 552 693 505
f 2517 2470 2657
f 505 506 552
f 2470 2517 2471
f 553 518 505
f 2518 2470 2483
f 505 693 553
f 2470 2518 2657
f 495 511 204
f 2460 2178 2476
f 204 690 495
f 2178 2460 2654
f 1229 1241 202
f 3182 2176 3194
f 202 203 1229
f 2176 3182 2177
f 202 1241 1242
f 2176 3195 3194
f 1242 542 202
f 3195 2176 2507
f 542 1242 1243
f 2507 3196 3195
f 1243 554 542
f 3196 2507 2519
f 1241 1229 149
f 3194 2124 3182
f 149 150 1241
f 2124 3194 2125
f 543 1242 1241
f 2508 3194 3195
f 1241 150 543
f 3194 2508 2125
f 555 1243 1242
f 2520 3195 3196
f 1242 543 555
f 3195 2520 2508
f 523 524 548
f 2488 2513 2489
f 548 1066 523
f 2513 2488 3024
f 514 692 547
f 2479 2512 2656
f 547 524 514
f 2512 2479 2489
f 692 515 525
f 2656 2490 2480
f 525 547 692
f 2490 2656 2512
f 1187 1171 1172
f 3141 3130 3129
f 1172 1178 1187
f 3130 3141 3133
f 982 1187 1178
f 2940 3133 3141
f 1178 1117 982
f 3133 2940 3075
f 718 1163 648
f 2682 2612 3121
f 648 649 718
f 2612 2682 2613
f 1163 719 643
f 3121 2607 2683
f 643 648 1163
f 2607 3121 2612
f 717 723 724
f 2681 2688 2687
f 724 716 717
f 2688 2681 2680
f 700 1092 1188
f 2664 3142 3050
f 1188 699 700
f 3142 2664 2663
f 1188 1049 1071
f 3142 3029 3007
f 1071 699 1188
f 3029 3142 2663
f 700 701 1094
f 2664 3052 2665
f 1094 1091 700
f 3052 2664 3049
f 720 719 1024
f 2684 2982 2683
f 1024 1071 720
f 2982 2684 3029
f 720 1050 650
f 2684 2614 3008
f 650 642 720
f 2614 2684 2606
f 1092 1080 1081
f 3050 3039 3038
f 1081 1188 1092
f 3039 3050 3142
f 1050 1051 653
f 3008 2617 3009
f 653 650 1050
f 2617 3008 2614
f 1072 1020 1051
f 3030 3009 2978
f 1051 1048 1072
f 3009 3030 3006
f 1092 1093 1090
f 3050 3048 3051
f 1090 1080 1092
f 3048 3050 3038
f 702 1072 1048
f 2666 3006 3030
f 1048 1081 702
f 3006 2666 3039
f 1020 892 653
f 2978 2617 2856
f 653 1051 1020
f 2617 2978 3009
f 1097 1096 1087
f 3055 3045 3054
f 1087 1228 1097
f 3045 3055 3181
f 1176 1244 1043
f 1176 3001 1244
f 1043 1042 1176
f 3001 1176 3000
f 1139 1839 1838
f 3097 1838 1839
f 1838 1133 1139
f 1838 3097 3091
f 156 32 1851
f 2131 1851 32
f 1851 159 156
f 1851 2131 2134
f 867 1852 14
f 2831 14 1852
f 14 870 867
f 14 2831 2834
f 159 1851 1852
f 2134 1852 1851
f 1852 867 159
f 1852 2134 2831
f 1046 1014 1835
f 3004 1835 2972
f 1835 1853 1046
f 1835 3004 1853
f 1046 1853 1854
f 3004 1854 1853
f 1854 1011 1046
f 1854 3004 2969
f 1010 1011 1854
f 2968 1854 2969
f 1854 33 1010
f 1854 2968 33
f 1005 1010 33
f 2963 33 2968
f 33 13 1005
f 33 2963 13
f 110 1855 1848
f 2087 1848 1855
f 1848 353 110
f 1848 2087 2320
f 110 111 965
f 2087 965 2088
f 965 1855 110
f 965 2087 1855
f 623 620 638
f 2587 2602 2584
f 638 688 623
f 2602 2587 2652
f 620 631 641
f 2584 2605 2595
f 641 638 620
f 2605 2584 2602
f 1245 1201 685
f 3197 2649 3154
f 685 1246 1245
f 2649 3197 3198
f 1201 623 688
f 3154 2652 2587
f 688 685 1201
f 2652 3154 2649
f 617 614 629
f 2581 2593 2578
f 629 626 617
f 2593 2581 2590
f 626 683 619
f 2590 2583 2647
f 619 617 626
f 2583 2590 2581
f 1247 1199 684
f 3199 2648 3152
f 684 1248 1247
f 2648 3199 3200
f 683 684 1199
f 2647 3152 2648
f 1199 619 683
f 3152 2647 2583
f 1249 808 2011
f 3201 3888 2772
f 2011 1128 1249
f 3888 3201 3086
f 635 637 613
f 2599 2577 2601
f 613 610 635
f 2577 2599 2574
f 634 635 610
f 2598 2574 2599
f 610 679 634
f 2574 2598 2643
f 1203 634 679
f 3156 2643 2598
f 679 680 1203
f 2643 3156 2644
f 1250 1249 1128
f 3202 3086 3201
f 1128 1251 1250
f 3086 3202 3203
f 1253 810 1252
f 3205 3204 2774
f 1252 1254 1253
f 3204 3205 3206
f 1255 609 303
f 3207 2271 2573
f 303 1256 1255
f 2271 3207 3208
f 1258 1257 2007
f 3210 3884 3209
f 2007 800 1258
f 3884 3210 2764
f 1259 1257 1258
f 3211 3210 3209
f 1258 1260 1259
f 3210 3211 3212
f 808 1249 1258
f 2772 3210 3201
f 1258 800 808
f 3210 2772 2764
f 431 673 674
f 2397 2638 2637
f 674 430 431
f 2638 2397 2396
f 1213 1212 1261
f 3166 3213 3165
f 1261 1262 1213
f 3213 3166 3214
f 1262 1264 1263
f 3214 3215 3216
f 1263 1213 1262
f 3215 3214 3166
f 1256 303 304
f 3208 2272 2271
f 304 1127 1256
f 2272 3208 3085
f 1246 685 686
f 3198 2650 2649
f 686 1253 1246
f 2650 3198 3205
f 1248 684 681
f 3200 2645 2648
f 681 1259 1248
f 2645 3200 3211
f 1265 680 677
f 3217 2641 2644
f 677 1250 1265
f 2641 3217 3202
f 1266 1265 1250
f 3218 3202 3217
f 1250 1251 1266
f 3202 3218 3203
f 1245 1254 1200
f 3197 3153 3206
f 1200 1201 1245
f 3153 3197 3154
f 1247 1260 1198
f 3199 3151 3212
f 1198 1199 1247
f 3151 3199 3152
f 1266 1251 1202
f 3218 3155 3203
f 1202 1203 1266
f 3155 3218 3156
f 1268 1267 1263
f 3220 3215 3219
f 1263 1264 1268
f 3215 3220 3216
f 1267 1270 1269
f 3219 3221 3222
f 1269 1263 1267
f 3221 3219 3215
f 1125 967 968
f 3083 2929 2928
f 968 1271 1125
f 2929 3083 3223
f 307 801 434
f 2275 2400 2765
f 434 306 307
f 2400 2275 2274
f 386 808 800
f 2353 2764 2772
f 800 385 386
f 2764 2353 2352
f 391 803 301
f 2358 2269 2767
f 301 390 391
f 2269 2358 2357
f 428 298 805
f 2394 2769 2266
f 805 427 428
f 2769 2394 2393
f 433 799 1170
f 2399 3128 2763
f 1170 432 433
f 3128 2399 2398
f 433 323 388
f 2399 2355 2291
f 388 385 433
f 2355 2399 2352
f 386 387 440
f 2353 2406 2354
f 440 807 386
f 2406 2353 2771
f 811 447 309
f 2775 2277 2413
f 309 306 811
f 2277 2775 2274
f 432 1170 801
f 2398 2765 3128
f 801 307 432
f 2765 2398 2275
f 969 970 803
f 2930 2767 2931
f 803 391 969
f 2767 2930 2358
f 811 435 970
f 2775 2931 2401
f 970 969 811
f 2931 2775 2930
f 429 389 390
f 2395 2357 2356
f 390 428 429
f 2357 2395 2394
f 1134 1137 809
f 3092 2773 3095
f 809 807 1134
f 2773 3092 2771
f 1272 1129 1135
f 3224 3093 3087
f 1135 1213 1272
f 3093 3224 3166
f 1213 1263 1269
f 3166 3221 3215
f 1269 1272 1213
f 3221 3166 3224
f 621 622 359
f 2585 2326 2586
f 359 360 621
f 2326 2585 2327
f 682 627 361
f 2646 2328 2591
f 361 358 682
f 2328 2646 2325
f 632 633 411
f 2596 2377 2597
f 411 412 632
f 2377 2596 2378
f 1237 1205 611
f 3190 2575 3158
f 611 612 1237
f 2575 3190 2576
f 1204 1236 615
f 3157 2579 3189
f 615 616 1204
f 2579 3157 2580
f 667 1204 616
f 2631 2580 3157
f 616 618 667
f 2580 2631 2582
f 1259 681 1206
f 3211 3159 2645
f 1206 625 1259
f 3159 3211 2589
f 1231 361 627
f 3184 2591 2328
f 627 628 1231
f 2591 3184 2592
f 360 1230 630
f 2327 2594 3183
f 630 621 360
f 2594 2327 2585
f 412 1232 636
f 2378 2600 3185
f 636 632 412
f 2600 2378 2596
f 677 678 668
f 2641 2632 2642
f 668 665 677
f 2632 2641 2629
f 666 667 618
f 2630 2582 2631
f 618 1198 666
f 2582 2630 3151
f 1202 1251 671
f 3155 2635 3203
f 671 672 1202
f 2635 3155 2636
f 1200 1254 624
f 3153 2588 3206
f 624 1207 1200
f 2588 3153 3160
f 681 682 358
f 2645 2325 2646
f 358 1206 681
f 2325 2645 3159
f 1198 1260 1123
f 3151 3081 3212
f 1123 666 1198
f 3081 3151 2630
f 1250 677 665
f 3202 2629 2641
f 665 1124 1250
f 2629 3202 3082
f 622 1200 1207
f 2586 3160 3153
f 1207 359 622
f 3160 2586 2326
f 633 1202 672
f 2597 2636 3155
f 672 411 633
f 2636 2597 2377
f 678 611 1205
f 2642 3158 2575
f 1205 668 678
f 3158 2642 2632
f 413 1253 686
f 2379 2650 3205
f 686 416 413
f 2650 2379 2382
f 1235 1197 639
f 3188 2603 3150
f 639 640 1235
f 2603 3188 2604
f 686 687 676
f 2650 2640 2651
f 676 416 686
f 2640 2650 2382
f 687 639 1197
f 2651 3150 2603
f 1197 676 687
f 3150 2651 2640
f 1256 1127 414
f 3208 2380 3085
f 414 415 1256
f 2380 3208 2381
f 415 675 1255
f 2381 3207 2639
f 1255 1256 415
f 3207 2381 3208
f 1196 1234 608
f 3149 2572 3187
f 608 609 1196
f 2572 3149 2573
f 609 1255 675
f 2573 2639 3207
f 675 1196 609
f 2639 2573 3149
f 1272 1269 669
f 3224 2633 3221
f 669 670 1272
f 2633 3224 2634
f 1270 1267 409
f 3222 2375 3219
f 409 410 1270
f 2375 3222 2376
f 1233 409 1267
f 3186 3219 2375
f 1267 1268 1233
f 3219 3186 3220
f 1269 1270 410
f 3221 2376 3222
f 410 669 1269
f 2376 3221 2633
f 625 2005 1257
f 2589 3209 3882
f 1257 1259 625
f 3209 2589 3211
f 625 1206 1207
f 2589 3160 3159
f 1207 624 625
f 3160 2589 2588
f 413 1928 810
f 2379 2774 3810
f 810 1253 413
f 2774 2379 3205
f 1124 1927 1249
f 3082 3201 3809
f 1249 1250 1124
f 3201 3082 3202
f 1123 1124 665
f 3081 2629 3082
f 665 666 1123
f 2629 3081 2630
f 1128 2009 671
f 3086 2635 3886
f 671 1251 1128
f 2635 3086 3203
f 1272 670 2010
f 3224 3887 2634
f 2010 1129 1272
f 3887 3224 3087
f 800 2007 2008
f 2764 3885 3884
f 2008 799 800
f 3885 2764 2763
f 810 799 2008
f 2774 3885 2763
f 2008 1252 810
f 3885 2774 3204
f 1129 1128 2011
f 3087 3888 3086
f 2011 2012 1129
f 3888 3087 3889
f 1135 1129 2012
f 3093 3889 3087
f 2012 809 1135
f 3889 3093 2773
f 1246 1253 1254
f 3198 3206 3205
f 1254 1245 1246
f 3206 3198 3197
f 1248 1259 1260
f 3200 3212 3211
f 1260 1247 1248
f 3212 3200 3199
f 1203 680 1265
f 3156 3217 2644
f 1265 1266 1203
f 3217 3156 3218
f 1264 1262 1273
f 3216 3225 3214
f 1273 1274 1264
f 3225 3216 3226
f 1276 1275 673
f 3228 2637 3227
f 673 431 1276
f 2637 3228 2397
f 1261 1278 1277
f 3213 3229 3230
f 1277 1279 1261
f 3229 3213 3231
f 1282 1281 1280
f 3234 3232 3233
f 1280 1283 1282
f 3232 3234 3235
f 612 613 1284
f 2576 3236 2577
f 1284 1285 612
f 3236 2576 3237
f 614 615 1286
f 2578 3238 2579
f 1286 1287 614
f 3238 2578 3239
f 1236 1237 1288
f 3189 3240 3190
f 1288 1289 1236
f 3240 3189 3241
f 1291 1290 628
f 3243 2592 3242
f 628 629 1291
f 2592 3243 2593
f 1293 1292 631
f 3245 2595 3244
f 631 630 1293
f 2595 3245 2594
f 1295 1294 1230
f 3247 3183 3246
f 1230 1231 1295
f 3183 3247 3184
f 1297 1296 1234
f 3249 3187 3248
f 1234 1235 1297
f 3187 3249 3188
f 1299 1298 968
f 3251 2929 3250
f 968 296 1299
f 2929 3251 2264
f 1271 968 1298
f 3223 3250 2929
f 1298 1300 1271
f 3250 3223 3252
f 1301 1299 296
f 3253 2264 3251
f 296 297 1301
f 2264 3253 2265
f 1232 1233 1302
f 3185 3254 3186
f 1302 1303 1232
f 3254 3185 3255
f 1275 1301 297
f 3227 2265 3253
f 297 673 1275
f 2265 3227 2637
f 1287 1291 629
f 3239 2593 3243
f 629 614 1287
f 2593 3239 2578
f 1304 1276 431
f 3256 2397 3228
f 431 305 1304
f 2397 3256 2273
f 1262 1261 1279
f 3214 3231 3213
f 1279 1273 1262
f 3231 3214 3225
f 1268 1264 1274
f 3220 3226 3216
f 1274 1309 1268
f 3226 3220 3261
f 1278 1271 1300
f 3230 3252 3223
f 1300 1277 1278
f 3252 3230 3229
f 305 302 1305
f 2273 3257 2270
f 1305 1304 305
f 3257 2273 3256
f 1285 1288 1237
f 3237 3190 3240
f 1237 612 1285
f 3190 3237 2576
f 1289 1286 615
f 3241 2579 3238
f 615 1236 1289
f 2579 3241 3189
f 1290 1295 1231
f 3242 3184 3247
f 1231 628 1290
f 3184 3242 2592
f 1294 1293 630
f 3246 2594 3245
f 630 1230 1294
f 2594 3246 3183
f 1303 637 636
f 3255 2600 2601
f 636 1232 1303
f 2600 3255 3185
f 1307 1296 1306
f 3259 3258 3248
f 1306 1308 1307
f 3258 3259 3260
f 1233 1268 1309
f 3186 3261 3220
f 1309 1302 1233
f 3261 3186 3254
f 1310 1313 1312
f 3262 3264 3265
f 1312 1311 1310
f 3264 3262 3263
f 1312 1313 1314
f 3264 3266 3265
f 1314 1315 1312
f 3266 3264 3267
f 1315 1314 1316
f 3267 3268 3266
f 1316 1317 1315
f 3268 3267 3269
f 1317 1316 1318
f 3269 3270 3268
f 1318 1319 1317
f 3270 3269 3271
f 1319 1318 1320
f 3271 3272 3270
f 1320 1321 1319
f 3272 3271 3273
f 1321 1320 1322
f 3273 3274 3272
f 1322 1323 1321
f 3274 3273 3275
f 1323 1322 1324
f 3275 3276 3274
f 1324 1325 1323
f 3276 3275 3277
f 1325 1324 1326
f 3277 3278 3276
f 1326 1327 1325
f 3278 3277 3279
f 1327 1326 1328
f 3279 3280 3278
f 1328 1329 1327
f 3280 3279 3281
f 1328 1331 1330
f 3280 3282 3283
f 1330 1329 1328
f 3282 3280 3281
f 1334 1333 1332
f 3286 3284 3285
f 1332 1335 1334
f 3284 3286 3287
f 1338 1337 1336
f 3290 3288 3289
f 1336 1339 1338
f 3288 3290 3291
f 1339 1336 1340
f 3291 3292 3288
f 1340 1341 1339
f 3292 3291 3293
f 1341 1340 1342
f 3293 3294 3292
f 1342 1343 1341
f 3294 3293 3295
f 1343 1342 1344
f 3295 3296 3294
f 1344 1345 1343
f 3296 3295 3297
f 1345 1344 1346
f 3297 3298 3296
f 1346 1347 1345
f 3298 3297 3299
f 1347 1346 1348
f 3299 3300 3298
f 1348 1349 1347
f 3300 3299 3301
f 1349 1348 1350
f 3301 3302 3300
f 1350 1351 1349
f 3302 3301 3303
f 1351 1350 1352
f 3303 3304 3302
f 1352 1353 1351
f 3304 3303 3305
f 1355 1354 1353
f 3307 3305 3306
f 1353 1352 1355
f 3305 3307 3304
f 1355 1357 1356
f 3307 3308 3309
f 1356 1354 1355
f 3308 3307 3306
f 1310 1311 1356
f 3262 3308 3263
f 1356 1357 1310
f 3308 3262 3309
f 1360 1359 1358
f 3312 3310 3311
f 1358 1361 1360
f 3310 3312 3313
f 1361 1358 1362
f 3313 3314 3310
f 1362 1363 1361
f 3314 3313 3315
f 1363 1362 1364
f 3315 3316 3314
f 1364 1365 1363
f 3316 3315 3317
f 1365 1364 1366
f 3317 3318 3316
f 1366 1367 1365
f 3318 3317 3319
f 1367 1366 1368
f 3319 3320 3318
f 1368 1369 1367
f 3320 3319 3321
f 1369 1368 1370
f 3321 3322 3320
f 1370 1306 1369
f 3322 3321 3258
f 1306 1370 1371
f 3258 3323 3322
f 1371 1308 1306
f 3323 3258 3260
f 1308 1371 1372
f 3260 3324 3323
f 1372 1280 1308
f 3324 3260 3232
f 1280 1372 1373
f 3232 3325 3324
f 1373 1283 1280
f 3325 3232 3235
f 1283 1373 1359
f 3235 3311 3325
f 1359 1360 1283
f 3311 3235 3312
f 1376 1375 1374
f 3328 3326 3327
f 1374 1377 1376
f 3326 3328 3329
f 1377 1374 1378
f 3329 3330 3326
f 1378 1379 1377
f 3330 3329 3331
f 1378 1381 1380
f 3330 3332 3333
f 1380 1379 1378
f 3332 3330 3331
f 1380 1381 1382
f 3332 3334 3333
f 1382 1383 1380
f 3334 3332 3335
f 1383 1382 1384
f 3335 3336 3334
f 1384 1385 1383
f 3336 3335 3337
f 1385 1384 1386
f 3337 3338 3336
f 1386 1387 1385
f 3338 3337 3339
f 1387 1386 1388
f 3339 3340 3338
f 1388 1389 1387
f 3340 3339 3341
f 1388 1391 1390
f 3340 3342 3343
f 1390 1389 1388
f 3342 3340 3341
f 1390 1391 1392
f 3342 3344 3343
f 1392 1393 1390
f 3344 3342 3345
f 1393 1392 1375
f 3345 3327 3344
f 1375 1376 1393
f 3327 3345 3328
f 1396 1395 1394
f 3348 3346 3347
f 1394 1397 1396
f 3346 3348 3349
f 1398 1284 1397
f 3350 3349 3236
f 1397 1394 1398
f 3349 3350 3346
f 1284 1398 1399
f 3236 3351 3350
f 1399 1285 1284
f 3351 3236 3237
f 1285 1399 1400
f 3237 3352 3351
f 1400 1288 1285
f 3352 3237 3240
f 1288 1400 1401
f 3240 3353 3352
f 1401 1289 1288
f 3353 3240 3241
f 1401 1402 1286
f 3353 3238 3354
f 1286 1289 1401
f 3238 3353 3241
f 1287 1404 1403
f 3239 3355 3356
f 1403 1405 1287
f 3355 3239 3357
f 1405 1403 1406
f 3357 3358 3355
f 1406 1407 1405
f 3358 3357 3359
f 1407 1406 1395
f 3359 3347 3358
f 1395 1396 1407
f 3347 3359 3348
f 1410 1409 1408
f 3362 3360 3361
f 1408 1411 1410
f 3360 3362 3363
f 1411 1408 1412
f 3363 3364 3360
f 1412 1413 1411
f 3364 3363 3365
f 1413 1412 1414
f 3365 3366 3364
f 1414 1415 1413
f 3366 3365 3367
f 1415 1414 1416
f 3367 3368 3366
f 1416 1417 1415
f 3368 3367 3369
f 1420 1419 1418
f 3372 3370 3371
f 1418 1421 1420
f 3370 3372 3373
f 1421 1418 1422
f 3373 3374 3370
f 1422 1423 1421
f 3374 3373 3375
f 1423 1422 1424
f 3375 3376 3374
f 1424 1425 1423
f 3376 3375 3377
f 1425 1424 1409
f 3377 3361 3376
f 1409 1410 1425
f 3361 3377 3362
f 1426 1394 1395
f 3378 3347 3346
f 1395 1427 1426
f 3347 3378 3379
f 1428 1398 1394
f 3380 3346 3350
f 1394 1426 1428
f 3346 3380 3378
f 1429 1399 1398
f 3381 3350 3351
f 1398 1428 1429
f 3350 3381 3380
f 1430 1400 1399
f 3382 3351 3352
f 1399 1429 1430
f 3351 3382 3381
f 1431 1401 1400
f 3383 3352 3353
f 1400 1430 1431
f 3352 3383 3382
f 1431 1432 1402
f 3383 3354 3384
f 1402 1401 1431
f 3354 3383 3353
f 1433 1403 1404
f 3385 3356 3355
f 1404 1434 1433
f 3356 3385 3386
f 1435 1406 1403
f 3387 3355 3358
f 1403 1433 1435
f 3355 3387 3385
f 1427 1395 1406
f 3379 3358 3347
f 1406 1435 1427
f 3358 3379 3387
f 1436 1408 1409
f 3388 3361 3360
f 1409 1437 1436
f 3361 3388 3389
f 1438 1412 1408
f 3390 3360 3364
f 1408 1436 1438
f 3360 3390 3388
f 1439 1414 1412
f 3391 3364 3366
f 1412 1438 1439
f 3364 3391 3390
f 1440 1416 1414
f 3392 3366 3368
f 1414 1439 1440
f 3366 3392 3391
f 1442 1441 1416
f 3394 3368 3393
f 1416 1440 1442
f 3368 3394 3392
f 1443 1419 1441
f 3395 3393 3371
f 1441 1442 1443
f 3393 3395 3394
f 1444 1418 1419
f 3396 3371 3370
f 1419 1443 1444
f 3371 3396 3395
f 1445 1422 1418
f 3397 3370 3374
f 1418 1444 1445
f 3370 3397 3396
f 1446 1424 1422
f 3398 3374 3376
f 1422 1445 1446
f 3374 3398 3397
f 1437 1409 1424
f 3389 3376 3361
f 1424 1446 1437
f 3376 3389 3398
f 1447 1374 1375
f 3399 3327 3326
f 1375 1448 1447
f 3327 3399 3400
f 1449 1378 1374
f 3401 3326 3330
f 1374 1447 1449
f 3326 3401 3399
f 1450 1381 1378
f 3402 3330 3333
f 1378 1449 1450
f 3330 3402 3401
f 1451 1382 1381
f 3403 3333 3334
f 1381 1450 1451
f 3333 3403 3402
f 1452 1384 1382
f 3404 3334 3336
f 1382 1451 1452
f 3334 3404 3403
f 1453 1386 1384
f 3405 3336 3338
f 1384 1452 1453
f 3336 3405 3404
f 1454 1388 1386
f 3406 3338 3340
f 1386 1453 1454
f 3338 3406 3405
f 1455 1391 1388
f 3407 3340 3343
f 1388 1454 1455
f 3340 3407 3406
f 1456 1392 1391
f 3408 3343 3344
f 1391 1455 1456
f 3343 3408 3407
f 1448 1375 1392
f 3400 3344 3327
f 1392 1456 1448
f 3344 3400 3408
f 1457 1358 1359
f 3409 3311 3310
f 1359 1458 1457
f 3311 3409 3410
f 1459 1362 1358
f 3411 3310 3314
f 1358 1457 1459
f 3310 3411 3409
f 1460 1364 1362
f 3412 3314 3316
f 1362 1459 1460
f 3314 3412 3411
f 1461 1366 1364
f 3413 3316 3318
f 1364 1460 1461
f 3316 3413 3412
f 1462 1368 1366
f 3414 3318 3320
f 1366 1461 1462
f 3318 3414 3413
f 1463 1370 1368
f 3415 3320 3322
f 1368 1462 1463
f 3320 3415 3414
f 1464 1371 1370
f 3416 3322 3323
f 1370 1463 1464
f 3322 3416 3415
f 1465 1372 1371
f 3417 3323 3324
f 1371 1464 1465
f 3323 3417 3416
f 1466 1373 1372
f 3418 3324 3325
f 1372 1465 1466
f 3324 3418 3417
f 1458 1359 1373
f 3410 3325 3311
f 1373 1466 1458
f 3325 3410 3418
f 1310 1748 1745
f 3262 3696 3699
f 1745 1313 1310
f 3696 3262 3265
f 1313 1745 1749
f 3265 3700 3696
f 1749 1314 1313
f 3700 3265 3266
f 1314 1749 1751
f 3266 3702 3700
f 1751 1316 1314
f 3702 3266 3268
f 1316 1751 1753
f 3268 3704 3702
f 1753 1318 1316
f 3704 3268 3270
f 1753 1755 1320
f 3704 3272 3706
f 1320 1318 1753
f 3272 3704 3270
f 1755 1757 1322
f 3706 3274 3708
f 1322 1320 1755
f 3274 3706 3272
f 1757 1759 1324
f 3708 3276 3710
f 1324 1322 1757
f 3276 3708 3274
f 1324 1759 1761
f 3276 3712 3710
f 1761 1326 1324
f 3712 3276 3278
f 1326 1761 1763
f 3278 3714 3712
f 1763 1328 1326
f 3714 3278 3280
f 1331 1328 1763
f 3283 3714 3280
f 1763 1765 1331
f 3714 3283 3716
f 1334 1770 1767
f 3286 3718 3721
f 1767 1333 1334
f 3718 3286 3285
f 1337 1774 1771
f 3289 3722 3725
f 1771 1336 1337
f 3722 3289 3288
f 1771 1775 1340
f 3722 3292 3726
f 1340 1336 1771
f 3292 3722 3288
f 1340 1775 1777
f 3292 3728 3726
f 1777 1342 1340
f 3728 3292 3294
f 1342 1777 1779
f 3294 3730 3728
f 1779 1344 1342
f 3730 3294 3296
f 1344 1779 1781
f 3296 3732 3730
f 1781 1346 1344
f 3732 3296 3298
f 1781 1783 1348
f 3732 3300 3734
f 1348 1346 1781
f 3300 3732 3298
f 1783 1785 1350
f 3734 3302 3736
f 1350 1348 1783
f 3302 3734 3300
f 1785 1787 1352
f 3736 3304 3738
f 1352 1350 1785
f 3304 3736 3302
f 1355 1352 1787
f 3307 3738 3304
f 1787 1789 1355
f 3738 3307 3740
f 1355 1789 1791
f 3307 3742 3740
f 1791 1357 1355
f 3742 3307 3309
f 1791 1748 1310
f 3742 3262 3699
f 1310 1357 1791
f 3262 3742 3309
f 1467 1428 1426
f 3419 3378 3380
f 1426 1427 1467
f 3378 3419 3379
f 1467 1427 1435
f 3419 3387 3379
f 1435 1433 1467
f 3387 3419 3385
f 1468 1452 1451
f 3420 3403 3404
f 1451 1450 1468
f 3403 3420 3402
f 1468 1454 1453
f 3420 3405 3406
f 1453 1452 1468
f 3405 3420 3404
f 1468 1456 1455
f 3420 3407 3408
f 1455 1454 1468
f 3407 3420 3406
f 1469 1438 1436
f 3421 3388 3390
f 1436 1437 1469
f 3388 3421 3389
f 1469 1440 1439
f 3421 3391 3392
f 1439 1438 1469
f 3391 3421 3390
f 1469 1443 1442
f 3421 3394 3395
f 1442 1440 1469
f 3394 3421 3392
f 1469 1445 1444
f 3421 3396 3397
f 1444 1443 1469
f 3396 3421 3395
f 1469 1437 1446
f 3421 3398 3389
f 1446 1445 1469
f 3398 3421 3397
f 1470 1459 1457
f 3422 3409 3411
f 1457 1458 1470
f 3409 3422 3410
f 1470 1461 1460
f 3422 3412 3413
f 1460 1459 1470
f 3412 3422 3411
f 1470 1463 1462
f 3422 3414 3415
f 1462 1461 1470
f 3414 3422 3413
f 1470 1465 1464
f 3422 3416 3417
f 1464 1463 1470
f 3416 3422 3415
f 1470 1458 1466
f 3422 3418 3410
f 1466 1465 1470
f 3418 3422 3417
f 1278 1472 1471
f 3230 3423 3424
f 1471 1473 1278
f 3423 3230 3425
f 1474 1271 1278
f 3426 3230 3223
f 1278 1473 1474
f 3230 3426 3425
f 1271 1474 1475
f 3223 3427 3426
f 1475 1125 1271
f 3427 3223 3083
f 1125 1475 1476
f 3083 3428 3427
f 1476 1477 1125
f 3428 3083 3429
f 1477 1476 1478
f 3429 3430 3428
f 1478 1479 1477
f 3430 3429 3431
f 1481 1480 1479
f 3433 3431 3432
f 1479 1478 1481
f 3431 3433 3430
f 1480 1481 1482
f 3432 3434 3433
f 1482 1483 1480
f 3434 3432 3435
f 1483 1482 1471
f 3435 3423 3434
f 1471 1472 1483
f 3423 3435 3424
f 1484 1475 1474
f 3436 3426 3427
f 1474 1485 1484
f 3426 3436 3437
f 1486 1476 1475
f 3438 3427 3428
f 1475 1484 1486
f 3427 3438 3436
f 1487 1478 1476
f 3439 3428 3430
f 1476 1486 1487
f 3428 3439 3438
f 1487 1488 1481
f 3439 3433 3440
f 1481 1478 1487
f 3433 3439 3430
f 1489 1482 1481
f 3441 3433 3434
f 1481 1488 1489
f 3433 3441 3440
f 1490 1471 1482
f 3442 3434 3423
f 1482 1489 1490
f 3434 3442 3441
f 1491 1484 1485
f 3443 3437 3436
f 1485 1492 1491
f 3437 3443 3444
f 1491 1487 1486
f 3443 3438 3439
f 1486 1484 1491
f 3438 3443 3436
f 1491 1489 1488
f 3443 3440 3441
f 1488 1487 1491
f 3440 3443 3439
f 1281 1307 1308
f 3233 3260 3259
f 1308 1280 1281
f 3260 3233 3232
f 1493 302 303
f 3445 2271 2270
f 303 607 1493
f 2271 3445 2571
f 1295 1290 1383
f 3247 3335 3242
f 1383 1385 1295
f 3335 3247 3337
f 1291 1380 1383
f 3243 3335 3332
f 1383 1290 1291
f 3335 3243 3242
f 1329 1396 1397
f 3281 3349 3348
f 1397 1327 1329
f 3349 3281 3279
f 1327 1421 1423
f 3279 3375 3373
f 1423 1325 1327
f 3375 3279 3277
f 1421 1327 1397
f 3373 3349 3279
f 1397 1420 1421
f 3349 3373 3372
f 1323 1325 1423
f 3275 3375 3277
f 1423 1425 1323
f 3375 3275 3377
f 1323 1425 1410
f 3275 3362 3377
f 1410 1321 1323
f 3362 3275 3273
f 1411 1274 1321
f 3363 3273 3226
f 1321 1410 1411
f 3273 3363 3362
f 1273 1279 1317
f 3225 3269 3231
f 1317 1319 1273
f 3269 3225 3271
f 1331 1334 1335
f 3283 3287 3286
f 1335 1330 1331
f 3287 3283 3282
f 1333 1337 1338
f 3285 3290 3289
f 1338 1332 1333
f 3290 3285 3284
f 1765 1770 1334
f 3716 3286 3721
f 1334 1331 1765
f 3286 3716 3283
f 1767 1774 1337
f 3718 3289 3725
f 1337 1333 1767
f 3289 3718 3285
f 1329 1330 1407
f 3281 3359 3282
f 1407 1396 1329
f 3359 3281 3348
f 1405 1407 1330
f 3357 3282 3359
f 1330 1335 1405
f 3282 3357 3287
f 1294 1295 1385
f 3246 3337 3247
f 1385 1387 1294
f 3337 3246 3339
f 1294 1387 1389
f 3246 3341 3339
f 1389 1293 1294
f 3341 3246 3245
f 1377 1332 1338
f 3329 3290 3284
f 1338 1376 1377
f 3290 3329 3328
f 1339 1365 1494
f 3291 3446 3317
f 1494 1338 1339
f 3446 3291 3290
f 641 1367 1369
f 2605 3321 3319
f 1369 1297 641
f 3321 2605 3249
f 1345 1360 1361
f 3297 3313 3312
f 1361 1343 1345
f 3313 3297 3295
f 1293 1389 1390
f 3245 3342 3341
f 1390 1292 1293
f 3342 3245 3244
f 1393 1494 1292
f 3345 3244 3446
f 1292 1390 1393
f 3244 3345 3342
f 1468 1447 1448
f 3420 3400 3399
f 1448 1456 1468
f 3400 3420 3408
f 1468 1450 1449
f 3420 3401 3402
f 1449 1447 1468
f 3401 3420 3399
f 1332 1377 1379
f 3284 3331 3329
f 1379 1495 1332
f 3331 3284 3447
f 1495 1379 1380
f 3447 3332 3331
f 1380 1291 1495
f 3332 3447 3243
f 1335 1332 1495
f 3287 3447 3284
f 1495 1405 1335
f 3447 3287 3357
f 1287 1405 1495
f 3239 3447 3357
f 1495 1291 1287
f 3447 3239 3243
f 1494 1393 1376
f 3446 3328 3345
f 1376 1338 1494
f 3328 3446 3290
f 1367 1292 1494
f 3319 3446 3244
f 1494 1365 1367
f 3446 3319 3317
f 1279 1277 1315
f 3231 3267 3229
f 1315 1317 1279
f 3267 3231 3269
f 1277 1300 1312
f 3229 3264 3252
f 1312 1315 1277
f 3264 3229 3267
f 641 631 1292
f 2605 3244 2595
f 1292 1367 641
f 3244 2605 3319
f 1282 1493 607
f 3234 2571 3445
f 607 1281 1282
f 2571 3234 3233
f 1369 1306 1296
f 3321 3248 3258
f 1296 1297 1369
f 3248 3321 3249
f 608 1234 1296
f 2572 3248 3187
f 1296 1307 608
f 3248 2572 3259
f 607 608 1307
f 2571 3259 2572
f 1307 1281 607
f 3259 2571 3233
f 1297 1235 640
f 3249 2604 3188
f 640 641 1297
f 2604 3249 2605
f 1305 302 1493
f 3257 3445 2270
f 1493 1282 1305
f 3445 3257 3234
f 1283 1360 1305
f 3235 3257 3312
f 1305 1282 1283
f 3257 3235 3234
f 1345 1347 1305
f 3297 3257 3299
f 1305 1360 1345
f 3257 3297 3312
f 1304 1305 1347
f 3256 3299 3257
f 1347 1349 1304
f 3299 3256 3301
f 1304 1349 1351
f 3256 3303 3301
f 1351 1276 1304
f 3303 3256 3228
f 1275 1276 1351
f 3227 3303 3228
f 1351 1353 1275
f 3303 3227 3305
f 1353 1354 1301
f 3305 3253 3306
f 1301 1275 1353
f 3253 3305 3227
f 1312 1300 1298
f 3264 3250 3252
f 1298 1311 1312
f 3250 3264 3263
f 1402 1404 1287
f 3354 3239 3356
f 1287 1286 1402
f 3239 3354 3238
f 1434 1404 1402
f 3386 3354 3356
f 1402 1432 1434
f 3354 3386 3384
f 1467 1433 1434
f 3419 3386 3385
f 1434 1432 1467
f 3386 3419 3384
f 1417 1416 1441
f 3369 3393 3368
f 1441 1496 1417
f 3393 3369 3448
f 1496 1441 1419
f 3448 3371 3393
f 1419 1420 1496
f 3371 3448 3372
f 1397 1284 1496
f 3349 3448 3236
f 1496 1420 1397
f 3448 3349 3372
f 1467 1432 1431
f 3419 3383 3384
f 1431 1430 1467
f 3383 3419 3382
f 1467 1430 1429
f 3419 3381 3382
f 1429 1428 1467
f 3381 3419 3380
f 613 637 1496
f 2577 3448 2601
f 1496 1284 613
f 3448 2577 3236
f 637 1303 1417
f 2601 3369 3255
f 1417 1496 637
f 3369 2601 3448
f 1303 1302 1415
f 3255 3367 3254
f 1415 1417 1303
f 3367 3255 3369
f 1302 1309 1413
f 3254 3365 3261
f 1413 1415 1302
f 3365 3254 3367
f 1480 827 826
f 3432 2790 2791
f 826 1479 1480
f 2790 3432 3431
f 1125 1477 806
f 3083 2770 3429
f 806 299 1125
f 2770 3083 2267
f 1136 1483 1472
f 3094 3424 3435
f 1472 1212 1136
f 3424 3094 3165
f 1480 1483 1136
f 3432 3094 3435
f 1136 827 1480
f 3094 3432 2791
f 1261 1212 1472
f 3213 3424 3165
f 1472 1278 1261
f 3424 3213 3230
f 806 1477 1479
f 2770 3431 3429
f 1479 826 806
f 3431 2770 2790
f 1491 1492 1490
f 3443 3442 3444
f 1490 1489 1491
f 3442 3443 3441
f 1474 1473 1492
f 3426 3444 3425
f 1492 1485 1474
f 3444 3426 3437
f 1492 1473 1471
f 3444 3423 3425
f 1471 1490 1492
f 3423 3444 3442
f 1497 1500 1499
f 3449 3451 3452
f 1499 1498 1497
f 3451 3449 3450
f 1499 1500 1501
f 3451 3453 3452
f 1501 1502 1499
f 3453 3451 3454
f 1502 1501 1503
f 3454 3455 3453
f 1503 1504 1502
f 3455 3454 3456
f 1504 1503 1505
f 3456 3457 3455
f 1505 1506 1504
f 3457 3456 3458
f 1506 1505 1507
f 3458 3459 3457
f 1507 1508 1506
f 3459 3458 3460
f 1508 1507 1509
f 3460 3461 3459
f 1509 1510 1508
f 3461 3460 3462
f 1510 1509 1511
f 3462 3463 3461
f 1511 1512 1510
f 3463 3462 3464
f 1512 1511 1513
f 3464 3465 3463
f 1513 1514 1512
f 3465 3464 3466
f 1514 1513 1515
f 3466 3467 3465
f 1515 1516 1514
f 3467 3466 3468
f 1515 1518 1517
f 3467 3469 3470
f 1517 1516 1515
f 3469 3467 3468
f 1521 1520 1519
f 3473 3471 3472
f 1519 1522 1521
f 3471 3473 3474
f 1525 1524 1523
f 3477 3475 3476
f 1523 1526 1525
f 3475 3477 3478
f 1526 1523 1527
f 3478 3479 3475
f 1527 1528 1526
f 3479 3478 3480
f 1528 1527 1529
f 3480 3481 3479
f 1529 1530 1528
f 3481 3480 3482
f 1530 1529 1531
f 3482 3483 3481
f 1531 1532 1530
f 3483 3482 3484
f 1532 1531 1533
f 3484 3485 3483
f 1533 1534 1532
f 3485 3484 3486
f 1534 1533 1535
f 3486 3487 3485
f 1535 1536 1534
f 3487 3486 3488
f 1536 1535 1537
f 3488 3489 3487
f 1537 1538 1536
f 3489 3488 3490
f 1538 1537 1539
f 3490 3491 3489
f 1539 1540 1538
f 3491 3490 3492
f 1542 1541 1540
f 3494 3492 3493
f 1540 1539 1542
f 3492 3494 3491
f 1542 1544 1543
f 3494 3495 3496
f 1543 1541 1542
f 3495 3494 3493
f 1497 1498 1543
f 3449 3495 3450
f 1543 1544 1497
f 3495 3449 3496
f 1547 1546 1545
f 3499 3497 3498
f 1545 1548 1547
f 3497 3499 3500
f 1548 1545 1549
f 3500 3501 3497
f 1549 1550 1548
f 3501 3500 3502
f 1550 1549 1551
f 3502 3503 3501
f 1551 1552 1550
f 3503 3502 3504
f 1552 1551 1553
f 3504 3505 3503
f 1553 1554 1552
f 3505 3504 3506
f 1554 1553 1555
f 3506 3507 3505
f 1555 1556 1554
f 3507 3506 3508
f 1556 1555 1557
f 3508 3509 3507
f 1557 1558 1556
f 3509 3508 3510
f 1558 1557 1559
f 3510 3511 3509
f 1559 1560 1558
f 3511 3510 3512
f 1560 1559 1561
f 3512 3513 3511
f 1561 1562 1560
f 3513 3512 3514
f 1562 1561 1563
f 3514 3515 3513
f 1563 1564 1562
f 3515 3514 3516
f 1564 1563 1546
f 3516 3498 3515
f 1546 1547 1564
f 3498 3516 3499
f 1567 1566 1565
f 3519 3517 3518
f 1565 1568 1567
f 3517 3519 3520
f 1568 1565 1569
f 3520 3521 3517
f 1569 1570 1568
f 3521 3520 3522
f 1569 1572 1571
f 3521 3523 3524
f 1571 1570 1569
f 3523 3521 3522
f 1575 1574 1573
f 3527 3525 3526
f 1573 1576 1575
f 3525 3527 3528
f 1578 1577 1576
f 3530 3528 3529
f 1576 1573 1578
f 3528 3530 3525
f 1577 1578 1579
f 3529 3531 3530
f 1579 1580 1577
f 3531 3529 3532
f 1579 1582 1581
f 3531 3533 3534
f 1581 1580 1579
f 3533 3531 3532
f 1581 1582 1583
f 3533 3535 3534
f 1583 1584 1581
f 3535 3533 3536
f 1584 1583 1566
f 3536 3518 3535
f 1566 1567 1584
f 3518 3536 3519
f 1587 1586 1585
f 3539 3537 3538
f 1585 1588 1587
f 3537 3539 3540
f 1590 1589 1588
f 3542 3540 3541
f 1588 1585 1590
f 3540 3542 3537
f 1589 1590 1591
f 3541 3543 3542
f 1591 1592 1589
f 3543 3541 3544
f 1592 1591 1593
f 3544 3545 3543
f 1593 1594 1592
f 3545 3544 3546
f 1594 1593 1595
f 3546 3547 3545
f 1595 1596 1594
f 3547 3546 3548
f 1595 1598 1597
f 3547 3549 3550
f 1597 1596 1595
f 3549 3547 3548
f 1601 1600 1599
f 3553 3551 3552
f 1599 1602 1601
f 3551 3553 3554
f 1602 1599 1603
f 3554 3555 3551
f 1603 1604 1602
f 3555 3554 3556
f 1604 1603 1586
f 3556 3538 3555
f 1586 1587 1604
f 3538 3556 3539
f 1607 1606 1605
f 3559 3557 3558
f 1605 1608 1607
f 3557 3559 3560
f 1611 1610 1609
f 3563 3561 3562
f 1609 1612 1611
f 3561 3563 3564
f 1614 1613 1612
f 3566 3564 3565
f 1612 1609 1614
f 3564 3566 3561
f 1617 1616 1615
f 3569 3567 3568
f 1615 1618 1617
f 3567 3569 3570
f 1618 1615 1619
f 3570 3571 3567
f 1619 1620 1618
f 3571 3570 3572
f 1620 1619 1621
f 3572 3573 3571
f 1621 1622 1620
f 3573 3572 3574
f 1622 1621 1606
f 3574 3558 3573
f 1606 1607 1622
f 3558 3574 3559
f 1623 1585 1586
f 3575 3538 3537
f 1586 1624 1623
f 3538 3575 3576
f 1625 1590 1585
f 3577 3537 3542
f 1585 1623 1625
f 3537 3577 3575
f 1626 1591 1590
f 3578 3542 3543
f 1590 1625 1626
f 3542 3578 3577
f 1627 1593 1591
f 3579 3543 3545
f 1591 1626 1627
f 3543 3579 3578
f 1628 1595 1593
f 3580 3545 3547
f 1593 1627 1628
f 3545 3580 3579
f 1628 1629 1598
f 3580 3550 3581
f 1598 1595 1628
f 3550 3580 3547
f 1630 1599 1600
f 3582 3552 3551
f 1600 1631 1630
f 3552 3582 3583
f 1632 1603 1599
f 3584 3551 3555
f 1599 1630 1632
f 3551 3584 3582
f 1624 1586 1603
f 3576 3555 3538
f 1603 1632 1624
f 3555 3576 3584
f 1634 1633 1605
f 3586 3557 3585
f 1605 1606 1634
f 3557 3586 3558
f 1635 1609 1610
f 3587 3562 3561
f 1610 1636 1635
f 3562 3587 3588
f 1635 1637 1614
f 3587 3566 3589
f 1614 1609 1635
f 3566 3587 3561
f 1639 1638 1614
f 3591 3566 3590
f 1614 1637 1639
f 3566 3591 3589
f 1640 1616 1638
f 3592 3590 3568
f 1638 1639 1640
f 3590 3592 3591
f 1641 1615 1616
f 3593 3568 3567
f 1616 1640 1641
f 3568 3593 3592
f 1642 1619 1615
f 3594 3567 3571
f 1615 1641 1642
f 3567 3594 3593
f 1643 1621 1619
f 3595 3571 3573
f 1619 1642 1643
f 3571 3595 3594
f 1634 1606 1621
f 3586 3573 3558
f 1621 1643 1634
f 3573 3586 3595
f 1644 1565 1566
f 3596 3518 3517
f 1566 1645 1644
f 3518 3596 3597
f 1646 1569 1565
f 3598 3517 3521
f 1565 1644 1646
f 3517 3598 3596
f 1646 1647 1572
f 3598 3524 3599
f 1572 1569 1646
f 3524 3598 3521
f 1648 1573 1574
f 3600 3526 3525
f 1574 1649 1648
f 3526 3600 3601
f 1648 1650 1578
f 3600 3530 3602
f 1578 1573 1648
f 3530 3600 3525
f 1651 1579 1578
f 3603 3530 3531
f 1578 1650 1651
f 3530 3603 3602
f 1652 1582 1579
f 3604 3531 3534
f 1579 1651 1652
f 3531 3604 3603
f 1653 1583 1582
f 3605 3534 3535
f 1582 1652 1653
f 3534 3605 3604
f 1645 1566 1583
f 3597 3535 3518
f 1583 1653 1645
f 3535 3597 3605
f 1654 1545 1546
f 3606 3498 3497
f 1546 1655 1654
f 3498 3606 3607
f 1656 1549 1545
f 3608 3497 3501
f 1545 1654 1656
f 3497 3608 3606
f 1657 1551 1549
f 3609 3501 3503
f 1549 1656 1657
f 3501 3609 3608
f 1658 1553 1551
f 3610 3503 3505
f 1551 1657 1658
f 3503 3610 3609
f 1659 1555 1553
f 3611 3505 3507
f 1553 1658 1659
f 3505 3611 3610
f 1660 1557 1555
f 3612 3507 3509
f 1555 1659 1660
f 3507 3612 3611
f 1661 1559 1557
f 3613 3509 3511
f 1557 1660 1661
f 3509 3613 3612
f 1662 1561 1559
f 3614 3511 3513
f 1559 1661 1662
f 3511 3614 3613
f 1663 1563 1561
f 3615 3513 3515
f 1561 1662 1663
f 3513 3615 3614
f 1655 1546 1563
f 3607 3515 3498
f 1563 1663 1655
f 3515 3607 3615
f 1497 1665 1664
f 3449 3616 3617
f 1664 1500 1497
f 3616 3449 3452
f 1666 1501 1500
f 3618 3452 3453
f 1500 1664 1666
f 3452 3618 3616
f 1667 1503 1501
f 3619 3453 3455
f 1501 1666 1667
f 3453 3619 3618
f 1668 1505 1503
f 3620 3455 3457
f 1503 1667 1668
f 3455 3620 3619
f 1669 1507 1505
f 3621 3457 3459
f 1505 1668 1669
f 3457 3621 3620
f 1670 1509 1507
f 3622 3459 3461
f 1507 1669 1670
f 3459 3622 3621
f 1671 1511 1509
f 3623 3461 3463
f 1509 1670 1671
f 3461 3623 3622
f 1672 1513 1511
f 3624 3463 3465
f 1511 1671 1672
f 3463 3624 3623
f 1673 1515 1513
f 3625 3465 3467
f 1513 1672 1673
f 3465 3625 3624
f 1673 1674 1518
f 3625 3470 3626
f 1518 1515 1673
f 3470 3625 3467
f 1676 1675 1520
f 3628 3472 3627
f 1520 1521 1676
f 3472 3628 3473
f 1677 1523 1524
f 3629 3476 3475
f 1524 1678 1677
f 3476 3629 3630
f 1679 1527 1523
f 3631 3475 3479
f 1523 1677 1679
f 3475 3631 3629
f 1680 1529 1527
f 3632 3479 3481
f 1527 1679 1680
f 3479 3632 3631
f 1681 1531 1529
f 3633 3481 3483
f 1529 1680 1681
f 3481 3633 3632
f 1682 1533 1531
f 3634 3483 3485
f 1531 1681 1682
f 3483 3634 3633
f 1683 1535 1533
f 3635 3485 3487
f 1533 1682 1683
f 3485 3635 3634
f 1684 1537 1535
f 3636 3487 3489
f 1535 1683 1684
f 3487 3636 3635
f 1685 1539 1537
f 3637 3489 3491
f 1537 1684 1685
f 3489 3637 3636
f 1542 1539 1685
f 3494 3637 3491
f 1685 1686 1542
f 3637 3494 3638
f 1542 1686 1687
f 3494 3639 3638
f 1687 1544 1542
f 3639 3494 3496
f 1544 1687 1665
f 3496 3617 3639
f 1665 1497 1544
f 3617 3496 3449
f 1688 1625 1623
f 3640 3575 3577
f 1623 1624 1688
f 3575 3640 3576
f 1688 1624 1632
f 3640 3584 3576
f 1632 1630 1688
f 3584 3640 3582
f 1689 1653 1652
f 3641 3604 3605
f 1652 1651 1689
f 3604 3641 3603
f 1690 1636 1633
f 3642 3585 3588
f 1633 1634 1690
f 3585 3642 3586
f 1690 1640 1639
f 3642 3591 3592
f 1639 1637 1690
f 3591 3642 3589
f 1690 1642 1641
f 3642 3593 3594
f 1641 1640 1690
f 3593 3642 3592
f 1690 1634 1643
f 3642 3595 3586
f 1643 1642 1690
f 3595 3642 3594
f 1691 1656 1654
f 3643 3606 3608
f 1654 1655 1691
f 3606 3643 3607
f 1691 1658 1657
f 3643 3609 3610
f 1657 1656 1691
f 3609 3643 3608
f 1691 1660 1659
f 3643 3611 3612
f 1659 1658 1691
f 3611 3643 3610
f 1691 1662 1661
f 3643 3613 3614
f 1661 1660 1691
f 3613 3643 3612
f 1691 1655 1663
f 3643 3615 3607
f 1663 1662 1691
f 3615 3643 3614
f 1665 1693 1692
f 3617 3644 3645
f 1692 1664 1665
f 3644 3617 3616
f 1694 1666 1664
f 3646 3616 3618
f 1664 1692 1694
f 3616 3646 3644
f 1695 1667 1666
f 3647 3618 3619
f 1666 1694 1695
f 3618 3647 3646
f 1696 1668 1667
f 3648 3619 3620
f 1667 1695 1696
f 3619 3648 3647
f 1697 1669 1668
f 3649 3620 3621
f 1668 1696 1697
f 3620 3649 3648
f 1698 1670 1669
f 3650 3621 3622
f 1669 1697 1698
f 3621 3650 3649
f 1699 1671 1670
f 3651 3622 3623
f 1670 1698 1699
f 3622 3651 3650
f 1700 1672 1671
f 3652 3623 3624
f 1671 1699 1700
f 3623 3652 3651
f 1701 1673 1672
f 3653 3624 3625
f 1672 1700 1701
f 3624 3653 3652
f 1701 1702 1674
f 3653 3626 3654
f 1674 1673 1701
f 3626 3653 3625
f 1704 1703 1675
f 3656 3627 3655
f 1675 1676 1704
f 3627 3656 3628
f 1705 1677 1678
f 3657 3630 3629
f 1678 1706 1705
f 3630 3657 3658
f 1707 1679 1677
f 3659 3629 3631
f 1677 1705 1707
f 3629 3659 3657
f 1708 1680 1679
f 3660 3631 3632
f 1679 1707 1708
f 3631 3660 3659
f 1709 1681 1680
f 3661 3632 3633
f 1680 1708 1709
f 3632 3661 3660
f 1710 1682 1681
f 3662 3633 3634
f 1681 1709 1710
f 3633 3662 3661
f 1711 1683 1682
f 3663 3634 3635
f 1682 1710 1711
f 3634 3663 3662
f 1712 1684 1683
f 3664 3635 3636
f 1683 1711 1712
f 3635 3664 3663
f 1713 1685 1684
f 3665 3636 3637
f 1684 1712 1713
f 3636 3665 3664
f 1686 1685 1713
f 3638 3665 3637
f 1713 1714 1686
f 3665 3638 3666
f 1686 1714 1715
f 3638 3667 3666
f 1715 1687 1686
f 3667 3638 3639
f 1687 1715 1693
f 3639 3645 3667
f 1693 1665 1687
f 3645 3639 3617
f 1700 1699 1952
f 3652 3834 3651
f 1952 1701 1700
f 3834 3652 3653
f 1705 1706 1953
f 3657 3835 3658
f 1953 1707 1705
f 3835 3657 3659
f 1717 1695 1694
f 3669 3646 3647
f 1694 1692 1717
f 3646 3669 3644
f 1717 1697 1696
f 3669 3648 3649
f 1696 1695 1717
f 3648 3669 3647
f 1717 1699 1698
f 3669 3650 3651
f 1698 1697 1717
f 3650 3669 3649
f 1699 1717 1954
f 3651 3836 3669
f 1954 1952 1699
f 3836 3651 3834
f 1960 1709 1708
f 3842 3660 3661
f 1708 1707 1960
f 3660 3842 3659
f 1518 1521 1522
f 3470 3474 3473
f 1522 1517 1518
f 3474 3470 3469
f 1520 1524 1525
f 3472 3477 3476
f 1525 1519 1520
f 3477 3472 3471
f 1676 1521 1518
f 3628 3470 3473
f 1518 1674 1676
f 3470 3628 3626
f 1678 1524 1520
f 3630 3472 3476
f 1520 1675 1678
f 3472 3630 3627
f 1704 1676 1674
f 3656 3626 3628
f 1674 1702 1704
f 3626 3656 3654
f 1706 1678 1675
f 3658 3627 3630
f 1675 1703 1706
f 3627 3658 3655
f 1689 1644 1645
f 3641 3597 3596
f 1645 1653 1689
f 3597 3641 3605
f 1689 1647 1646
f 3641 3598 3599
f 1646 1644 1689
f 3598 3641 3596
f 1598 1600 1601
f 3550 3553 3552
f 1601 1597 1598
f 3553 3550 3549
f 1631 1600 1598
f 3583 3550 3552
f 1598 1629 1631
f 3550 3583 3581
f 1688 1630 1631
f 3640 3583 3582
f 1631 1629 1688
f 3583 3640 3581
f 1613 1614 1638
f 3565 3590 3566
f 1638 1718 1613
f 3590 3565 3670
f 1718 1638 1616
f 3670 3568 3590
f 1616 1617 1718
f 3568 3670 3569
f 1688 1629 1628
f 3640 3580 3581
f 1628 1627 1688
f 3580 3640 3579
f 1688 1627 1626
f 3640 3578 3579
f 1626 1625 1688
f 3578 3640 3577
f 852 1554 1556
f 2816 3508 3506
f 1556 1132 852
f 3508 2816 3090
f 1239 1132 1556
f 3192 3508 3090
f 1556 1558 1239
f 3508 3192 3510
f 1552 1554 1581
f 3504 3533 3506
f 1581 1584 1552
f 3533 3504 3536
f 1581 1554 852
f 3533 2816 3506
f 852 1580 1581
f 2816 3533 3532
f 853 1577 1580
f 2817 3532 3529
f 1580 852 853
f 3532 2817 2816
f 1689 1651 1650
f 3641 3602 3603
f 1650 1648 1689
f 3602 3641 3600
f 856 1575 1576
f 2820 3528 3527
f 1576 1130 856
f 3528 2820 3088
f 1130 1576 1577
f 3088 3529 3528
f 1577 853 1130
f 3529 3088 2817
f 1601 1575 856
f 3553 2820 3527
f 856 1597 1601
f 2820 3553 3549
f 857 1596 1597
f 2821 3549 3548
f 1597 856 857
f 3549 2821 2820
f 1131 1594 1596
f 3089 3548 3546
f 1596 857 1131
f 3548 3089 2821
f 1131 865 1592
f 3089 3544 2829
f 1592 1594 1131
f 3544 3089 3546
f 865 866 1613
f 2829 3565 2830
f 1613 1718 865
f 3565 2829 3670
f 1589 1592 865
f 3541 2829 3544
f 865 1718 1589
f 2829 3541 3670
f 1588 1589 1718
f 3540 3670 3541
f 1718 1617 1588
f 3670 3540 3569
f 1588 1617 1618
f 3540 3570 3569
f 1618 1587 1588
f 3570 3540 3539
f 1568 1519 1525
f 3520 3477 3471
f 1525 1567 1568
f 3477 3520 3519
f 1525 1526 1584
f 3477 3536 3478
f 1584 1567 1525
f 3536 3477 3519
f 1552 1584 1526
f 3504 3478 3536
f 1526 1550 1552
f 3478 3504 3502
f 1528 1548 1550
f 3480 3502 3500
f 1550 1526 1528
f 3502 3480 3478
f 1530 1547 1548
f 3482 3500 3499
f 1548 1528 1530
f 3500 3482 3480
f 858 1210 1502
f 2822 3454 3163
f 1502 1504 858
f 3454 2822 3456
f 1238 1612 1613
f 3191 3565 3564
f 1613 866 1238
f 3565 3191 2830
f 1690 1637 1635
f 3642 3587 3589
f 1635 1636 1690
f 3587 3642 3588
f 1605 1610 1611
f 3557 3563 3562
f 1611 1608 1605
f 3563 3557 3560
f 1633 1636 1610
f 3585 3562 3588
f 1610 1605 1633
f 3562 3585 3557
f 574 1985 1992
f 2539 3870 3863
f 1992 573 574
f 3870 2539 2538
f 1238 1208 1611
f 3191 3563 3161
f 1611 1612 1238
f 3563 3191 3564
f 561 1972 1994
f 2526 3872 3850
f 1994 1719 561
f 3872 2526 3671
f 563 1973 1993
f 2528 3871 3851
f 1993 1239 563
f 3871 2528 3192
f 1719 557 820
f 3671 2784 2522
f 820 561 1719
f 2784 3671 2526
f 1560 563 1239
f 3512 3192 2528
f 1239 1558 1560
f 3192 3512 3510
f 1562 562 563
f 3514 2528 2527
f 563 1560 1562
f 2528 3514 3512
f 562 1562 1564
f 2527 3516 3514
f 1564 1720 562
f 3516 2527 3672
f 1547 1530 1720
f 3499 3672 3482
f 1720 1564 1547
f 3672 3499 3516
f 1219 1990 1995
f 3172 3873 3868
f 1995 1721 1219
f 3873 3172 3673
f 845 1991 1996
f 2809 3874 3869
f 1996 842 845
f 3874 2809 2806
f 842 840 558
f 2806 2523 2804
f 558 845 842
f 2523 2806 2809
f 1538 1219 1721
f 3490 3673 3172
f 1721 1536 1538
f 3673 3490 3488
f 1538 1540 1218
f 3490 3171 3492
f 1218 1219 1538
f 3171 3490 3172
f 2000 1996 1722
f 3878 3674 3874
f 1722 1217 2000
f 3674 3878 3170
f 1540 1217 1722
f 3492 3674 3170
f 1722 1218 1540
f 3674 3492 3171
f 1216 1217 1540
f 3169 3492 3170
f 1540 1541 1216
f 3492 3169 3493
f 1211 1934 1971
f 3164 3849 3816
f 1971 1987 1211
f 3849 3164 3865
f 1723 380 1999
f 3675 3877 2347
f 1999 1997 1723
f 3877 3675 3875
f 1210 379 1499
f 3163 3451 2346
f 1499 1502 1210
f 3451 3163 3454
f 379 380 1498
f 2346 3450 2347
f 1498 1499 379
f 3450 2346 3451
f 1572 1574 1575
f 3524 3527 3526
f 1575 1571 1572
f 3527 3524 3523
f 1647 1649 1574
f 3599 3526 3601
f 1574 1572 1647
f 3526 3599 3524
f 1689 1648 1649
f 3641 3601 3600
f 1649 1647 1689
f 3601 3641 3599
f 1519 1568 1570
f 3471 3522 3520
f 1570 1522 1519
f 3522 3471 3474
f 1601 1602 1571
f 3553 3523 3554
f 1571 1575 1601
f 3523 3553 3527
f 1570 1571 1602
f 3522 3554 3523
f 1602 1522 1570
f 3554 3522 3474
f 1602 1604 1517
f 3554 3469 3556
f 1517 1522 1602
f 3469 3554 3474
f 1516 1517 1604
f 3468 3556 3469
f 1604 1587 1516
f 3556 3468 3539
f 1514 1516 1587
f 3466 3539 3468
f 1587 1618 1514
f 3539 3466 3570
f 1514 1618 1620
f 3466 3572 3570
f 1620 1512 1514
f 3572 3466 3464
f 1512 1620 1622
f 3464 3574 3572
f 1622 1510 1512
f 3574 3464 3462
f 1510 1622 1607
f 3462 3559 3574
f 1607 1508 1510
f 3559 3462 3460
f 1608 1611 1208
f 3560 3161 3563
f 1208 1209 1608
f 3161 3560 3162
f 1508 1607 1608
f 3460 3560 3559
f 1608 1209 1508
f 3560 3460 3162
f 575 860 1979
f 2540 3857 2824
f 1979 1986 575
f 3857 2540 3864
f 860 575 572
f 2824 2537 2540
f 572 1108 860
f 2537 2824 3066
f 1506 861 858
f 3458 2822 2825
f 858 1504 1506
f 2822 3458 3456
f 861 1506 1508
f 2825 3460 3458
f 1508 1209 861
f 3460 2825 3162
f 1309 1274 1411
f 3261 3363 3226
f 1411 1413 1309
f 3363 3261 3365
f 1721 1995 1988
f 3673 3866 3873
f 1988 1214 1721
f 3866 3673 3167
f 1536 1721 1214
f 3488 3167 3673
f 1214 1534 1536
f 3167 3488 3486
f 1534 1214 1215
f 3486 3168 3167
f 1215 1532 1534
f 3168 3486 3484
f 1720 1530 1532
f 3672 3484 3482
f 1532 1215 1720
f 3484 3672 3168
f 951 1724 2001
f 2914 3879 3676
f 2001 955 951
f 3879 2914 2918
f 953 1726 1725
f 2916 3677 3678
f 1725 948 953
f 3677 2916 2911
f 940 1727 1724
f 2903 3676 3679
f 1724 951 940
f 3676 2903 2914
f 941 1728 1727
f 2904 3679 3680
f 1727 940 941
f 3679 2904 2903
f 946 947 2002
f 2909 3880 2910
f 2002 1729 946
f 3880 2909 3681
f 1038 1730 1726
f 2996 3678 3682
f 1726 953 1038
f 3678 2996 2916
f 946 1729 1730
f 2909 3682 3681
f 1730 1038 946
f 3682 2909 2996
f 2001 2002 947
f 3879 2910 3880
f 947 955 2001
f 2910 3879 2918
f 1195 1856 1728
f 1195 3680 1856
f 1728 941 1195
f 3680 1195 2904
f 948 1725 740
f 2911 2704 3677
f 740 934 948
f 2704 2911 2897
f 376 1732 1731
f 2343 3683 3684
f 1731 375 376
f 3683 2343 2342
f 740 1725 1732
f 2704 3684 3677
f 1732 376 740
f 3684 2704 2343
f 375 1731 1857
f 2342 1857 3683
f 1857 1842 375
f 1857 2342 3748
f 1732 1734 1733
f 3684 3685 3686
f 1733 1731 1732
f 3685 3684 3683
f 1725 1726 1734
f 3677 3686 3678
f 1734 1732 1725
f 3686 3677 3684
f 1731 1733 1858
f 3683 1858 3685
f 1858 1857 1731
f 1858 3683 1857
f 1724 1735 1736
f 3676 3688 3687
f 1736 1729 1724
f 3688 3676 3681
f 1729 1736 1737
f 3681 3689 3688
f 1737 1730 1729
f 3689 3681 3682
f 1726 1730 1737
f 3678 3689 3682
f 1737 1734 1726
f 3689 3678 3686
f 1734 1737 1738
f 3686 3690 3689
f 1738 1733 1734
f 3690 3686 3685
f 1733 1738 1859
f 3685 1859 3690
f 1859 1858 1733
f 1859 3685 1858
f 1856 1740 1739
f 1856 3691 1740
f 1739 1728 1856
f 3691 1856 3680
f 1728 1739 1741
f 3680 3692 3691
f 1741 1727 1728
f 3692 3680 3679
f 1727 1741 1735
f 3679 3687 3692
f 1735 1724 1727
f 3687 3679 3676
f 1738 1737 1736
f 3690 3688 3689
f 1736 1735 1738
f 3688 3690 3687
f 1738 1742 1860
f 3690 1860 3693
f 1860 1859 1738
f 1860 3690 1859
f 1741 1739 2003
f 3692 3881 3691
f 2003 1742 1741
f 3881 3692 3693
f 1298 1299 1356
f 3250 3308 3251
f 1356 1311 1298
f 3308 3250 3263
f 1299 1301 1354
f 3251 3306 3253
f 1354 1356 1299
f 3306 3251 3308
f 1543 1723 1216
f 3495 3169 3675
f 1216 1541 1543
f 3169 3495 3493
f 1244 1846 1041
f 1244 2999 1846
f 1041 1043 1244
f 2999 1244 3001
f 1041 659 743
f 2999 2707 2623
f 743 1043 1041
f 2707 2999 3001
f 1906 1887 1925
f 3789 3807 3770
f 1925 1181 1906
f 3807 3789 3135
f 663 1743 1180
f 2627 3134 3694
f 1180 1181 663
f 3134 2627 3135
f 1174 1905 1180
f 3131 3134 3788
f 1180 1744 1174
f 3134 3131 3695
f 662 663 1181
f 2626 3135 2627
f 1181 1925 662
f 3135 2626 3807
f 1744 1240 1183
f 3695 3137 3193
f 1183 1174 1744
f 3137 3695 3131
f 661 1174 1183
f 2625 3137 3131
f 1183 660 661
f 3137 2625 2624
f 1240 1744 1180
f 3193 3134 3695
f 1180 1743 1240
f 3134 3193 3694
f 664 1240 1743
f 2628 3694 3193
f 1743 663 664
f 3694 2628 2627
f 15 920 930
f 15 2893 2883
f 930 1179 15
f 2893 15 1179
f 1117 1178 1862
f 3075 1862 3133
f 1862 1863 1117
f 1862 3075 1863
f 556 527 528
f 2521 2493 2492
f 528 795 556
f 2493 2521 2759
f 525 515 516
f 2490 2481 2480
f 516 528 525
f 2481 2490 2493
f 555 556 795
f 2520 2759 2521
f 795 794 555
f 2759 2520 2758
f 521 148 149
f 2486 2124 2123
f 149 520 521
f 2124 2486 2485
f 522 368 148
f 2487 2123 2335
f 148 521 522
f 2123 2487 2486
f 203 204 511
f 2177 2476 2178
f 511 520 203
f 2476 2177 2485
f 1066 368 522
f 3024 2487 2335
f 522 523 1066
f 2487 3024 2488
f 518 553 554
f 2483 2519 2518
f 554 794 518
f 2519 2483 2758
f 794 554 1243
f 2758 3196 2519
f 1243 555 794
f 3196 2758 2520
f 1339 1341 1363
f 3291 3315 3293
f 1363 1365 1339
f 3315 3291 3317
f 1363 1341 1343
f 3315 3295 3293
f 1343 1361 1363
f 3295 3315 3313
f 1746 1745 1748
f 3697 3699 3696
f 1748 1747 1746
f 3699 3697 3698
f 1750 1749 1745
f 3701 3696 3700
f 1745 1746 1750
f 3696 3701 3697
f 1752 1751 1749
f 3703 3700 3702
f 1749 1750 1752
f 3700 3703 3701
f 1753 1751 1752
f 3704 3703 3702
f 1752 1754 1753
f 3703 3704 3705
f 1755 1753 1754
f 3706 3705 3704
f 1754 1756 1755
f 3705 3706 3707
f 1757 1755 1756
f 3708 3707 3706
f 1756 1758 1757
f 3707 3708 3709
f 1759 1757 1758
f 3710 3709 3708
f 1758 1760 1759
f 3709 3710 3711
f 1762 1761 1759
f 3713 3710 3712
f 1759 1760 1762
f 3710 3713 3711
f 1764 1763 1761
f 3715 3712 3714
f 1761 1762 1764
f 3712 3715 3713
f 1765 1763 1764
f 3716 3715 3714
f 1764 1766 1765
f 3715 3716 3717
f 1767 1770 1769
f 3718 3720 3721
f 1769 1768 1767
f 3720 3718 3719
f 1771 1774 1773
f 3722 3724 3725
f 1773 1772 1771
f 3724 3722 3723
f 1775 1771 1772
f 3726 3723 3722
f 1772 1776 1775
f 3723 3726 3727
f 1778 1777 1775
f 3729 3726 3728
f 1775 1776 1778
f 3726 3729 3727
f 1780 1779 1777
f 3731 3728 3730
f 1777 1778 1780
f 3728 3731 3729
f 1782 1781 1779
f 3733 3730 3732
f 1779 1780 1782
f 3730 3733 3731
f 1784 1783 1781
f 3735 3732 3734
f 1781 1782 1784
f 3732 3735 3733
f 1785 1783 1784
f 3736 3735 3734
f 1784 1786 1785
f 3735 3736 3737
f 1787 1785 1786
f 3738 3737 3736
f 1786 1788 1787
f 3737 3738 3739
f 1789 1787 1788
f 3740 3739 3738
f 1788 1790 1789
f 3739 3740 3741
f 1792 1791 1789
f 3743 3740 3742
f 1789 1790 1792
f 3740 3743 3741
f 1748 1791 1792
f 3699 3743 3742
f 1792 1747 1748
f 3743 3699 3698
f 1769 1770 1765
f 3720 3716 3721
f 1765 1766 1769
f 3716 3720 3717
f 1773 1774 1767
f 3724 3718 3725
f 1767 1768 1773
f 3718 3724 3719
f 1758 1746 1747
f 3709 3698 3697
f 1747 1760 1758
f 3698 3709 3711
f 1778 1776 1790
f 3729 3741 3727
f 1790 1788 1778
f 3741 3729 3739
f 1321 1274 1273
f 3273 3225 3226
f 1273 1319 1321
f 3225 3273 3271
f 1746 1758 1756
f 3697 3707 3709
f 1756 1750 1746
f 3707 3697 3701
f 1750 1756 1754
f 3701 3705 3707
f 1754 1752 1750
f 3705 3701 3703
f 1780 1778 1788
f 3731 3739 3729
f 1788 1786 1780
f 3739 3731 3737
f 1782 1780 1786
f 3733 3737 3731
f 1786 1784 1782
f 3737 3733 3735
f 1543 1498 380
f 3495 2347 3450
f 380 1723 1543
f 2347 3495 3675
f 1954 1693 1715
f 3836 3667 3645
f 1715 1956 1954
f 3667 3836 3838
f 1955 1960 1707
f 3837 3659 3842
f 1707 1953 1955
f 3659 3837 3835
f 551 1106 535
f 2516 2500 3064
f 535 1794 551
f 2500 2516 3745
f 535 536 1795
f 2500 3746 2501
f 1795 1794 535
f 3746 2500 3745
f 1796 508 538
f 3747 2503 2473
f 538 1795 1796
f 2503 3747 3746
f 509 519 508
f 2474 2473 2484
f 508 1796 509
f 2473 2474 3747
f 495 690 509
f 2460 2474 2654
f 509 494 495
f 2474 2460 2459
f 824 1137 1134
f 2788 3092 3095
f 1134 825 824
f 3092 2788 2789
f 427 805 825
f 2393 2789 2769
f 825 1134 427
f 2789 2393 3092
f 1179 930 1117
f 1179 3075 2893
f 1117 1863 1179
f 3075 1179 1863
f 1843 1842 1810
f 1843 1810 3748
f 1810 1842 1857
f 1810 1857 3748
f 1874 1873 1872
f 3757 3755 3756
f 1872 1875 1874
f 3755 3757 3758
f 1921 1876 1873
f 3803 3756 3759
f 1873 1874 1921
f 3756 3803 3757
f 1877 1007 1006
f 3760 2964 2965
f 1006 1878 1877
f 2964 3760 3761
f 1881 1874 1875
f 3764 3758 3757
f 1875 1882 1881
f 3758 3764 3765
f 1921 1874 1881
f 3803 3764 3757
f 1881 1883 1921
f 3764 3803 3766
f 1883 1885 1884
f 3766 3767 3768
f 1884 1921 1883
f 3767 3766 3803
f 1923 1886 1882
f 3805 3765 3769
f 1882 1875 1923
f 3765 3805 3758
f 1887 1884 1885
f 3770 3768 3767
f 1885 1888 1887
f 3768 3770 3771
f 1892 1891 1890
f 3775 3773 3774
f 1890 1889 1892
f 3773 3775 3772
f 1896 1895 1894
f 3779 3777 3778
f 1894 1893 1896
f 3777 3779 3776
f 1897 1898 1896
f 3780 3779 3781
f 1896 1893 1897
f 3779 3780 3776
f 1899 1902 1901
f 3782 3784 3785
f 1901 1900 1899
f 3784 3782 3783
f 1878 1006 1924
f 3761 3806 2964
f 1924 1903 1878
f 3806 3761 3786
f 1877 1904 1897
f 3760 3780 3787
f 1897 1886 1877
f 3780 3760 3769
f 1907 1906 1905
f 3790 3788 3789
f 1905 1870 1907
f 3788 3790 3754
f 1908 662 1925
f 3791 3807 2626
f 1925 1909 1908
f 3807 3791 3792
f 1910 1903 1924
f 3793 3806 3786
f 1924 1922 1910
f 3806 3793 3804
f 1908 1910 1922
f 3791 3804 3793
f 1922 662 1908
f 3804 3791 2626
f 1912 1911 1892
f 3795 3775 3794
f 1892 1889 1912
f 3775 3795 3772
f 1904 1877 1878
f 3787 3761 3760
f 1878 1913 1904
f 3761 3787 3796
f 1894 1881 1882
f 3777 3765 3764
f 1882 1893 1894
f 3765 3777 3776
f 1883 1881 1894
f 3766 3777 3764
f 1894 1914 1883
f 3777 3766 3797
f 1914 1899 1885
f 3797 3768 3782
f 1885 1883 1914
f 3768 3797 3766
f 1888 1885 1899
f 3771 3782 3768
f 1899 1900 1888
f 3782 3771 3783
f 1913 1878 1903
f 3796 3786 3761
f 1903 1890 1913
f 3786 3796 3773
f 1007 1877 1886
f 2965 3769 3760
f 1886 1923 1007
f 3769 2965 3805
f 1900 1915 1909
f 3783 3792 3798
f 1909 1888 1900
f 3792 3783 3771
f 1910 1889 1890
f 3793 3773 3772
f 1890 1903 1910
f 3773 3793 3786
f 1910 1908 1912
f 3793 3795 3791
f 1912 1889 1910
f 3795 3793 3772
f 1886 1897 1893
f 3769 3776 3780
f 1893 1882 1886
f 3776 3769 3765
f 1904 1916 1898
f 3787 3781 3799
f 1898 1897 1904
f 3781 3787 3780
f 1913 1917 1916
f 3796 3799 3800
f 1916 1904 1913
f 3799 3796 3787
f 1895 1918 1914
f 3778 3797 3801
f 1914 1894 1895
f 3797 3778 3777
f 1918 1902 1899
f 3801 3782 3785
f 1899 1914 1918
f 3782 3801 3797
f 1901 1919 1915
f 3784 3798 3802
f 1915 1900 1901
f 3798 3784 3783
f 1913 1890 1891
f 3796 3774 3773
f 1891 1917 1913
f 3774 3796 3800
f 1919 1891 1892
f 3802 3775 3774
f 1892 1911 1919
f 3775 3802 3794
f 1902 1916 1917
f 3785 3800 3799
f 1917 1901 1902
f 3800 3785 3784
f 1896 1898 1918
f 3779 3801 3781
f 1918 1895 1896
f 3801 3779 3778
f 1876 1921 1884
f 3759 3767 3803
f 1884 1907 1876
f 3767 3759 3790
f 1907 1884 1887
f 3790 3770 3767
f 1887 1906 1907
f 3770 3790 3789
f 1876 1907 1870
f 3759 3754 3790
f 1870 1879 1876
f 3754 3759 3762
f 1925 1887 1888
f 3807 3771 3770
f 1888 1909 1925
f 3771 3807 3792
f 1873 1876 1879
f 3756 3762 3759
f 1879 1880 1873
f 3762 3756 3763
f 1864 1872 1873
f 1864 3756 3755
f 1873 1920 1864
f 3756 1864 1920
f 1918 1898 1916
f 3801 3799 3781
f 1916 1902 1918
f 3799 3801 3785
f 1911 1912 1915
f 3794 3798 3795
f 1915 1919 1911
f 3798 3794 3802
f 1912 1908 1909
f 3795 3792 3791
f 1909 1915 1912
f 3792 3795 3798
f 1901 1917 1891
f 3784 3774 3800
f 1891 1919 1901
f 3774 3784 3802
f 1920 1873 1880
f 1920 3763 3756
f 1880 1871 1920
f 3763 1920 1871
f 1927 1124 1123
f 3809 3081 3082
f 1123 1926 1927
f 3081 3809 3808
f 1926 1123 1260
f 3808 3212 3081
f 1260 1258 1926
f 3212 3808 3210
f 1929 1126 810
f 3811 2774 3084
f 810 1928 1929
f 2774 3811 3810
f 1929 414 1127
f 3811 3085 2380
f 1127 1126 1929
f 3085 3811 3084
f 1931 1998 1988
f 3813 3866 3876
f 1988 1930 1931
f 3866 3813 3812
f 1994 1998 1931
f 3872 3813 3876
f 1931 1719 1994
f 3813 3872 3671
f 1220 842 1932
f 3173 3814 2806
f 1932 1933 1220
f 3814 3173 3815
f 1933 1989 1997
f 3815 3875 3867
f 1997 1220 1933
f 3875 3815 3173
f 1934 1211 1120
f 3816 3078 3164
f 1120 1937 1934
f 3078 3816 3819
f 380 379 1971
f 2347 3849 2346
f 1971 1999 380
f 3849 2347 3877
f 1935 1934 1937
f 3817 3819 3816
f 1937 1936 1935
f 3819 3817 3818
f 1220 1935 1936
f 3173 3818 3817
f 1936 841 1220
f 3818 3173 2805
f 570 1939 1938
f 2535 3820 3821
f 1938 569 570
f 3820 2535 2534
f 570 849 577
f 2535 2542 2813
f 577 1939 570
f 2542 2535 3821
f 1939 577 270
f 3821 2238 2542
f 270 1938 1939
f 2238 3821 3820
f 577 849 567
f 2542 2532 2813
f 567 1940 577
f 2532 2542 3822
f 564 850 576
f 2529 2541 2814
f 576 1941 564
f 2541 2529 3823
f 1941 1943 1942
f 3823 3824 3825
f 1942 1940 1941
f 3824 3823 3822
f 1941 576 272
f 3823 2240 2541
f 272 1943 1941
f 2240 3823 3825
f 1943 272 267
f 3825 2235 2240
f 267 1942 1943
f 2235 3825 3824
f 1793 1944 1947
f 3744 3829 3826
f 1947 1945 1793
f 3829 3744 3827
f 1949 1747 1792
f 3831 3743 3698
f 1792 1951 1949
f 3743 3831 3833
f 1950 1790 1776
f 3832 3727 3741
f 1776 1946 1950
f 3727 3832 3828
f 1793 1946 1948
f 3744 3830 3828
f 1948 1944 1793
f 3830 3744 3826
f 1944 1769 1766
f 3826 3717 3720
f 1766 1947 1944
f 3717 3826 3829
f 1773 1768 1948
f 3724 3830 3719
f 1948 1772 1773
f 3830 3724 3723
f 1762 1760 1945
f 3713 3827 3711
f 1945 1947 1762
f 3827 3713 3829
f 1946 1776 1772
f 3828 3723 3727
f 1772 1948 1946
f 3723 3828 3830
f 1764 1762 1947
f 3715 3829 3713
f 1947 1766 1764
f 3829 3715 3717
f 1768 1769 1944
f 3719 3826 3720
f 1944 1948 1768
f 3826 3719 3830
f 1945 1760 1747
f 3827 3698 3711
f 1747 1949 1945
f 3698 3827 3831
f 1951 1792 1790
f 3833 3741 3743
f 1790 1950 1951
f 3741 3833 3832
f 1950 1946 1793
f 3832 3744 3828
f 1793 1951 1950
f 3744 3832 3833
f 1793 1945 1949
f 3744 3831 3827
f 1949 1951 1793
f 3831 3744 3833
f 1706 1703 1957
f 3658 3839 3655
f 1957 1953 1706
f 3839 3658 3835
f 1952 1716 1958
f 3834 3840 3668
f 1958 1959 1952
f 3840 3834 3841
f 1715 1714 1955
f 3667 3837 3666
f 1955 1956 1715
f 3837 3667 3838
f 1955 1953 1716
f 3837 3668 3835
f 1716 1956 1955
f 3668 3837 3838
f 1954 1956 1716
f 3836 3668 3838
f 1716 1952 1954
f 3668 3836 3834
f 1702 1701 1952
f 3654 3834 3653
f 1952 1959 1702
f 3834 3654 3841
f 1716 1953 1957
f 3668 3839 3835
f 1957 1958 1716
f 3839 3668 3840
f 1704 1958 1957
f 3656 3839 3840
f 1957 1703 1704
f 3839 3656 3655
f 1958 1704 1702
f 3840 3654 3656
f 1702 1959 1958
f 3654 3840 3841
f 1717 1692 1693
f 3669 3645 3644
f 1693 1954 1717
f 3645 3669 3836
f 1960 1955 1714
f 3842 3666 3837
f 1714 1713 1960
f 3666 3842 3665
f 1960 1711 1710
f 3842 3662 3663
f 1710 1709 1960
f 3662 3842 3661
f 1960 1713 1712
f 3842 3664 3665
f 1712 1711 1960
f 3664 3842 3663
f 1107 1105 1106
f 3065 3064 3063
f 1106 506 1107
f 3064 3065 2471
f 1964 473 474
f 3844 2439 2438
f 474 1963 1964
f 2439 3844 3843
f 1963 474 731
f 3843 2695 2439
f 731 1965 1963
f 2695 3843 3845
f 1967 1966 1961
f 3846 1961 1966
f 1961 1964 1967
f 1961 3846 3844
f 1965 731 25
f 3845 25 2695
f 25 1962 1965
f 25 3845 1962
f 1967 1964 1963
f 3846 3843 3844
f 1963 1969 1967
f 3843 3846 3847
f 1969 1963 1965
f 3847 3845 3843
f 1965 1970 1969
f 3845 3847 3848
f 1970 1965 1962
f 3848 1962 3845
f 1962 1968 1970
f 1962 3848 1968
f 475 26 1966
f 2440 1966 26
f 1966 1967 475
f 1966 2440 3846
f 1973 563 562
f 3851 2527 2528
f 562 1972 1973
f 2527 3851 3850
f 853 852 1974
f 2817 3852 2816
f 1974 1975 853
f 3852 2817 3853
f 857 856 1976
f 2821 3854 2820
f 1976 1977 857
f 3854 2821 3855
f 860 859 1978
f 2824 3856 2823
f 1978 1979 860
f 3856 2824 3857
f 1981 866 865
f 3859 2829 2830
f 865 1980 1981
f 2829 3859 3858
f 1976 856 1130
f 3854 3088 2820
f 1130 1982 1976
f 3088 3854 3860
f 865 1131 1983
f 2829 3861 3089
f 1983 1980 865
f 3861 2829 3858
f 1974 852 1132
f 3852 3090 2816
f 1132 1984 1974
f 3090 3852 3862
f 1209 1208 1985
f 3162 3863 3161
f 1985 1986 1209
f 3863 3162 3864
f 1210 858 1978
f 3163 3856 2822
f 1978 1987 1210
f 3856 3163 3865
f 1989 1933 1932
f 3867 3814 3815
f 1932 2000 1989
f 3814 3867 3878
f 1991 845 846
f 3869 2810 2809
f 846 1990 1991
f 2810 3869 3868
f 1238 866 1981
f 3191 3859 2830
f 1981 1992 1238
f 3859 3191 3870
f 817 818 1984
f 2781 3862 2782
f 1984 1993 817
f 3862 2781 3871
f 1130 853 1975
f 3088 3853 2817
f 1975 1982 1130
f 3853 3088 3860
f 1131 857 1977
f 3089 3855 2821
f 1977 1983 1131
f 3855 3089 3861
f 1985 1208 1238
f 3863 3191 3161
f 1238 1992 1985
f 3191 3863 3870
f 1972 562 1720
f 3850 3672 2527
f 1720 1994 1972
f 3672 3850 3872
f 560 817 1993
f 2525 3871 2781
f 1993 1973 560
f 3871 2525 3851
f 1990 846 559
f 3868 2524 2810
f 559 1995 1990
f 2524 3868 3873
f 1991 1218 1722
f 3869 3674 3171
f 1722 1996 1991
f 3674 3869 3874
f 1932 842 1996
f 3814 3874 2806
f 1996 2000 1932
f 3874 3814 3878
f 379 1210 1987
f 2346 3865 3163
f 1987 1971 379
f 3865 2346 3849
f 1935 1220 1997
f 3817 3875 3173
f 1997 1999 1935
f 3875 3817 3877
f 861 1209 1986
f 2825 3864 3162
f 1986 1979 861
f 3864 2825 3857
f 1995 559 1930
f 3873 3812 2524
f 1930 1988 1995
f 3812 3873 3866
f 1998 1215 1214
f 3876 3167 3168
f 1214 1988 1998
f 3167 3876 3866
f 1994 1720 1215
f 3872 3168 3672
f 1215 1998 1994
f 3168 3872 3876
f 1989 1216 1723
f 3867 3675 3169
f 1723 1997 1989
f 3675 3867 3875
f 1934 1935 1999
f 3816 3877 3817
f 1999 1971 1934
f 3877 3816 3849
f 1724 1729 2002
f 3676 3880 3681
f 2002 2001 1724
f 3880 3676 3879
f 1735 1741 1742
f 3687 3693 3692
f 1742 1738 1735
f 3693 3687 3690
f 1860 1742 2003
f 1860 3881 3693
f 2003 2004 1860
f 3881 1860 2004
f 1740 2004 2003
f 1740 3881 2004
f 2003 1739 1740
f 3881 1740 3691
f 2006 1252 1257
f 3883 3209 3204
f 1257 2005 2006
f 3209 3883 3882
f 2006 624 1254
f 3883 3206 2588
f 1254 1252 2006
f 3206 3883 3204
f 2007 1257 1252
f 3884 3204 3209
f 1252 2008 2007
f 3204 3884 3885
f 670 671 2009
f 2634 3886 2635
f 2009 2010 670
f 3886 2634 3887
f 808 809 2012
f 2772 3889 2773
f 2012 2011 808
f 3889 2772 3888
f 1090 1096 1089
f 3048 3047 3054
f 1083 1100 1090
f 3041 3048 3058
f 1093 1082 1083
f 3051 3041 3040
f 1090 1093 1083
f 3048 3041 3051
f 1082 1093 1091
f 3040 3049 3051
f 1095 1082 1094
f 3053 3052 3040
f 1094 1082 1091
f 3052 3049 3040
f 1087 1090 1098
f 3045 3056 3048
f 1084 1098 1100
f 3042 3058 3056
f 1100 1099 1085
f 3058 3043 3057
f 1086 1087 1098
f 3044 3056 3045
f 1096 1088 1089
f 3054 3047 3046
f 1087 1096 1090
f 3045 3048 3054
f 1100 1098 1090
f 3058 3048 3056
f 1100 1085 1084
f 3058 3042 3043
f 5686 5687 3923
f 5686 5902 5687
f 3923 3924 5686
f 5902 5686 5903
f 3927 3926 3925
f 3927 5904 5905
f 3925 5688 3927
f 5904 3927 5688
f 3930 3929 3928
f 5908 5906 5907
f 3928 3931 3930
f 5906 5908 5909
f 3934 3933 3932
f 5912 5910 5911
f 3932 3931 3934
f 5910 5912 5909
f 3937 3936 3935
f 5915 5913 5914
f 3935 3938 3937
f 5913 5915 5916
f 3941 3940 3939
f 5919 5917 5918
f 3939 3942 3941
f 5917 5919 5920
f 3943 5690 5689
f 5921 5689 5690
f 5689 3944 3943
f 5689 5921 5922
f 3947 3946 3945
f 5924 3945 5923
f 3945 5691 3947
f 3945 5924 5691
f 3950 3949 3948
f 5927 5925 5926
f 3948 3951 3950
f 5925 5927 5928
f 3954 3953 3952
f 5931 5929 5930
f 3952 3955 3954
f 5929 5931 5932
f 3958 3957 3956
f 5935 5933 5934
f 3956 3959 3958
f 5933 5935 5936
f 3962 3961 3960
f 5939 5937 5938
f 3960 3963 3962
f 5937 5939 5940
f 3966 3965 3964
f 5943 5941 5942
f 3964 3943 3966
f 5941 5943 5921
f 3969 3968 3967
f 5946 5944 5945
f 3967 3970 3969
f 5944 5946 5947
f 3973 3972 3971
f 5950 5948 5949
f 3971 3974 3973
f 5948 5950 5951
f 3977 3976 3975
f 5954 5952 5953
f 3975 3978 3977
f 5952 5954 5955
f 3981 3980 3979
f 5958 5956 5957
f 3979 3982 3981
f 5956 5958 5959
f 3985 3984 3983
f 5962 5960 5961
f 3983 3986 3985
f 5960 5962 5963
f 3989 3988 3987
f 5966 5964 5965
f 3987 3990 3989
f 5964 5966 5967
f 3993 3992 3991
f 5970 5968 5969
f 3991 3994 3993
f 5968 5970 5971
f 3997 3996 3995
f 5974 5972 5973
f 3995 3998 3997
f 5972 5974 5975
f 4001 4000 3999
f 5978 5976 5977
f 3999 4002 4001
f 5976 5978 5979
f 4005 4004 4003
f 5982 5980 5981
f 4003 4006 4005
f 5980 5982 5983
f 4009 4008 4007
f 4009 5984 5985
f 4007 4010 4009
f 5984 4009 4010
f 4013 4012 4011
f 5988 5986 5987
f 4011 4014 4013
f 5986 5988 5989
f 4017 4016 4015
f 5992 5990 5991
f 4015 4018 4017
f 5990 5992 5993
f 4021 4020 4019
f 5996 5994 5995
f 4019 4022 4021
f 5994 5996 5997
f 3891 5692 4023
f 3891 5998 5692
f 4023 4024 3891
f 5998 3891 5999
f 4027 4026 4025
f 6002 6000 6001
f 4025 4028 4027
f 6000 6002 6003
f 4031 4030 4029
f 6006 6004 6005
f 4029 4032 4031
f 6004 6006 6007
f 4035 4034 4033
f 6010 6008 6009
f 4033 4036 4035
f 6008 6010 6011
f 4039 4038 4037
f 6014 6012 6013
f 4037 4040 4039
f 6012 6014 6015
f 4043 4042 4041
f 6018 6016 6017
f 4041 4044 4043
f 6016 6018 6019
f 4047 4046 4045
f 6022 6020 6021
f 4045 4048 4047
f 6020 6022 6023
f 4051 4050 4049
f 6026 6024 6025
f 4049 4052 4051
f 6024 6026 6027
f 4055 4054 4053
f 6029 4053 6028
f 4053 3905 4055
f 4053 6029 3905
f 3935 4057 4056
f 5913 6030 6031
f 4056 4058 3935
f 6030 5913 6032
f 4061 4060 4059
f 6035 6033 6034
f 4059 4062 4061
f 6033 6035 6036
f 4065 4064 4063
f 6039 6037 6038
f 4063 4066 4065
f 6037 6039 6040
f 4069 4068 4067
f 6043 6041 6042
f 4067 4070 4069
f 6041 6043 6044
f 4072 3960 4071
f 6046 6045 5937
f 4071 4073 4072
f 6045 6046 6047
f 4076 4075 4074
f 6050 6048 6049
f 4074 4077 4076
f 6048 6050 6051
f 4080 4079 4078
f 6054 6052 6053
f 4078 4081 4080
f 6052 6054 6055
f 4084 4083 4082
f 6058 6056 6057
f 4082 4085 4084
f 6056 6058 6059
f 4088 4087 4086
f 6062 6060 6061
f 4086 4089 4088
f 6060 6062 6063
f 4090 4093 4092
f 6064 6066 6067
f 4092 4091 4090
f 6066 6064 6065
f 4096 4095 4094
f 6070 6068 6069
f 4094 4097 4096
f 6068 6070 6071
f 5693 4065 4098
f 5693 6072 6039
f 4098 4099 5693
f 6072 5693 4099
f 3959 4101 4100
f 5936 4100 4101
f 4100 4102 3959
f 4100 5936 6073
f 4012 3896 3906
f 5987 3906 3896
f 3906 4011 4012
f 3906 5987 5986
f 4104 4036 4103
f 6074 4103 6011
f 4103 5694 4104
f 4103 6074 5694
f 5695 4106 4105
f 5695 6075 4106
f 4105 4107 5695
f 6075 5695 6076
f 4109 4108 4098
f 6078 6072 6077
f 4098 4065 4109
f 6072 6078 6039
f 3988 3989 4110
f 5965 6079 5966
f 4110 4111 3988
f 6079 5965 6080
f 3995 3996 4112
f 5972 6081 5973
f 4112 4113 3995
f 6081 5972 6082
f 4115 3954 4114
f 6084 6083 5931
f 4114 4116 4115
f 6083 6084 6085
f 4117 3907 3982
f 4117 5959 3907
f 3982 3979 4117
f 5959 4117 5956
f 4120 4119 4118
f 6088 6086 6087
f 4118 4121 4120
f 6086 6088 6089
f 4124 4123 4122
f 6092 6090 6091
f 4122 4125 4124
f 6090 6092 6093
f 4127 4126 4015
f 6095 5990 6094
f 4015 4128 4127
f 5990 6095 6096
f 4018 4015 4126
f 5993 6094 5990
f 4126 4129 4018
f 6094 5993 6097
f 4132 4131 4130
f 6100 6098 6099
f 4130 4133 4132
f 6098 6100 6101
f 4136 4135 4134
f 6104 6102 6103
f 4134 4137 4136
f 6102 6104 6105
f 4138 4052 4049
f 6106 6024 6027
f 4049 4139 4138
f 6024 6106 6107
f 4142 4141 4140
f 6110 6108 6109
f 4140 4143 4142
f 6108 6110 6111
f 4146 4145 4144
f 6114 6112 6113
f 4144 4147 4146
f 6112 6114 6115
f 4150 4149 4148
f 6118 6116 6117
f 4148 4151 4150
f 6116 6118 6119
f 5697 4153 4152
f 5697 6120 6121
f 4152 5696 5697
f 6120 5697 5696
f 4156 4155 4154
f 6124 6122 6123
f 4154 4157 4156
f 6122 6124 6125
f 4159 4157 4158
f 6127 6126 6125
f 4158 4160 4159
f 6126 6127 6128
f 4162 4161 3983
f 6130 5960 6129
f 3983 4163 4162
f 5960 6130 6131
f 4166 4165 4164
f 6134 6132 6133
f 4164 4167 4166
f 6132 6134 6135
f 4170 4169 4168
f 6138 6136 6137
f 4168 4171 4170
f 6136 6138 6139
f 4173 4171 4172
f 6141 6140 6139
f 4172 4174 4173
f 6140 6141 6142
f 4177 4176 4175
f 6145 6143 6144
f 4175 4178 4177
f 6143 6145 6146
f 4181 4180 4179
f 6149 6147 6148
f 4179 4182 4181
f 6147 6149 6150
f 4185 4184 4183
f 6153 6151 6152
f 4183 4186 4185
f 6151 6153 6154
f 4189 4188 4187
f 6157 6155 6156
f 4187 4190 4189
f 6155 6157 6158
f 4193 4192 4191
f 6161 6159 6160
f 4191 4194 4193
f 6159 6161 6162
f 4197 4196 4195
f 6165 6163 6164
f 4195 4198 4197
f 6163 6165 6166
f 4201 4200 4199
f 6169 6167 6168
f 4199 4202 4201
f 6167 6169 6170
f 4205 4204 4203
f 6173 6171 6172
f 4203 4206 4205
f 6171 6173 6174
f 4209 4208 4207
f 6177 6175 6176
f 4207 4210 4209
f 6175 6177 6178
f 4213 4212 4211
f 6181 6179 6180
f 4211 4214 4213
f 6179 6181 6182
f 4216 5698 4215
f 4216 6183 5698
f 4215 4217 4216
f 6183 4216 6184
f 4218 3909 3908
f 6185 3908 3909
f 3908 4033 4218
f 3908 6185 6008
f 4221 4220 4219
f 6188 6186 6187
f 4219 4222 4221
f 6186 6188 6189
f 4225 4224 4223
f 6192 6190 6191
f 4223 4226 4225
f 6190 6192 6193
f 4034 4227 4218
f 6009 6185 6194
f 4218 4033 4034
f 6185 6009 6008
f 4025 4026 4228
f 6000 6195 6001
f 4228 4229 4025
f 6195 6000 6196
f 4232 4231 4230
f 6199 6197 6198
f 4230 4233 4232
f 6197 6199 6200
f 4235 4234 3924
f 6202 5903 6201
f 3924 3934 4235
f 5903 6202 5912
f 4237 4236 3925
f 6204 5904 6203
f 3925 3938 4237
f 5904 6204 5916
f 3953 3954 4115
f 5930 6084 5931
f 4115 4238 3953
f 6084 5930 6205
f 4240 4239 3950
f 6207 5927 6206
f 3950 3958 4240
f 5927 6207 5935
f 4242 4241 3962
f 6209 5939 6208
f 3962 3963 4242
f 5939 6209 5940
f 4245 4244 4243
f 6212 6210 6211
f 4243 4246 4245
f 6210 6212 6213
f 4249 4248 4247
f 6216 6214 6215
f 4247 4250 4249
f 6214 6216 6217
f 4251 4001 4002
f 6218 5979 5978
f 4002 4072 4251
f 5979 6218 6046
f 4252 4013 4016
f 6219 5991 5988
f 4016 4017 4252
f 5991 6219 5992
f 4253 4030 4031
f 6220 6006 6005
f 4031 4254 4253
f 6006 6220 6221
f 4035 4256 4255
f 6010 6222 6223
f 4255 4028 4035
f 6222 6010 6003
f 4040 4037 4257
f 6015 6224 6012
f 4257 4258 4040
f 6224 6015 6225
f 4051 4046 4047
f 6026 6022 6021
f 4047 4050 4051
f 6022 6026 6025
f 4260 4259 3940
f 6227 5918 6226
f 3940 3941 4260
f 5918 6227 5919
f 4261 4140 4141
f 6228 6109 6108
f 4141 4262 4261
f 6109 6228 6229
f 4264 4263 4150
f 6231 6118 6230
f 4150 4265 4264
f 6118 6231 6232
f 4152 4153 4266
f 6120 6233 6121
f 4266 4267 4152
f 6233 6120 6234
f 3987 3988 4270
f 5964 6237 5965
f 4270 4271 3987
f 6237 5964 6238
f 4273 4272 3998
f 6240 5975 6239
f 3998 3995 4273
f 5975 6240 5972
f 4276 4275 4274
f 6243 6241 6242
f 4274 4277 4276
f 6241 6243 6244
f 4280 4279 4278
f 6247 6245 6246
f 4278 4281 4280
f 6245 6247 6248
f 4212 4213 4282
f 6180 6249 6181
f 4282 4277 4212
f 6249 6180 6244
f 4281 4278 4283
f 6248 6250 6245
f 4283 4284 4281
f 6250 6248 6251
f 4217 4215 4223
f 6184 6190 6183
f 4223 4224 4217
f 6190 6184 6191
f 4229 4227 4034
f 6196 6009 6194
f 4034 4025 4229
f 6009 6196 6000
f 5689 4285 3967
f 5689 5944 4285
f 3967 3944 5689
f 5944 5689 5922
f 4004 4076 4286
f 5981 6252 6050
f 4286 4239 4004
f 6252 5981 6206
f 4288 3948 4287
f 6254 6253 5925
f 4287 4289 4288
f 6253 6254 6255
f 4240 4102 4007
f 6207 5984 6073
f 4007 4003 4240
f 5984 6207 5980
f 3957 3951 4290
f 5934 6256 5928
f 4290 4291 3957
f 6256 5934 6257
f 3968 4292 3944
f 5945 5922 6258
f 3944 3967 3968
f 5922 5945 5944
f 4241 3965 4293
f 6208 6259 5942
f 4293 4202 4241
f 6259 6208 6170
f 4071 3960 3961
f 6045 5938 5937
f 3961 4294 4071
f 5938 6045 6260
f 4296 3971 4295
f 6262 6261 5948
f 4295 4297 4296
f 6261 6262 6263
f 4300 4299 4298
f 6266 6264 6265
f 4298 4301 4300
f 6264 6266 6267
f 4304 4303 4302
f 6270 6268 6269
f 4302 4305 4304
f 6268 6270 6271
f 4307 4306 3974
f 6273 5951 6272
f 3974 4308 4307
f 5951 6273 6274
f 4309 5700 3910
f 6275 3910 5700
f 3910 3956 4309
f 3910 6275 5933
f 4312 4311 4310
f 6278 6276 6277
f 4310 4313 4312
f 6276 6278 6279
f 4315 4123 4314
f 6281 6280 6091
f 4314 4077 4315
f 6280 6281 6051
f 4318 4317 4316
f 6284 6282 6283
f 4316 4203 4318
f 6282 6284 6171
f 4320 4319 4193
f 6286 6161 6285
f 4193 4194 4320
f 6161 6286 6162
f 4321 4211 4212
f 6287 6180 6179
f 4212 4322 4321
f 6180 6287 6288
f 4325 4324 4323
f 6291 6289 6290
f 4323 4326 4325
f 6289 6291 6292
f 4276 4328 4327
f 6243 6293 6294
f 4327 4329 4276
f 6293 6243 6295
f 4332 4331 4330
f 6298 6296 6297
f 4330 4333 4332
f 6296 6298 6299
f 4336 4335 4334
f 6302 6300 6301
f 4334 4198 4336
f 6300 6302 6166
f 4339 4338 4337
f 6305 6303 6304
f 4337 4340 4339
f 6303 6305 6306
f 4239 4240 4003
f 6206 5980 6207
f 4003 4004 4239
f 5980 6206 5981
f 5701 4342 4341
f 5701 6307 4342
f 4341 4343 5701
f 6307 5701 6308
f 5702 5703 4344
f 5702 6309 5703
f 4344 4345 5702
f 6309 5702 6310
f 4348 4347 4346
f 6313 6311 6312
f 4346 4349 4348
f 6311 6313 6314
f 4352 4351 4350
f 6317 6315 6316
f 4350 4353 4352
f 6315 6317 6318
f 4351 4355 4354
f 6316 6319 6320
f 4354 4350 4351
f 6319 6316 6315
f 4355 4357 4356
f 6320 6321 6322
f 4356 4354 4355
f 6321 6320 6319
f 4357 4359 4358
f 6322 6323 6324
f 4358 4356 4357
f 6323 6322 6321
f 4359 4361 4360
f 6324 6325 6326
f 4360 4358 4359
f 6325 6324 6323
f 4361 4363 4362
f 6326 6327 6328
f 4362 4360 4361
f 6327 6326 6325
f 4364 5856 5858
f 6329 7736 7735
f 5858 4365 4364
f 7736 6329 6330
f 4276 4277 4282
f 6243 6249 6244
f 4282 4328 4276
f 6249 6243 6294
f 4327 4205 4206
f 6293 6174 6173
f 4206 4329 4327
f 6174 6293 6295
f 4366 4281 4284
f 6331 6251 6248
f 4284 4367 4366
f 6251 6331 6332
f 4368 4197 4198
f 6333 6166 6165
f 4198 4334 4368
f 6166 6333 6300
f 4318 4203 4204
f 6284 6172 6171
f 4204 4369 4318
f 6172 6284 6334
f 4335 4336 4366
f 6301 6331 6302
f 4366 4367 4335
f 6331 6301 6332
f 4370 4205 4327
f 6335 6293 6173
f 4327 4371 4370
f 6293 6335 6336
f 4372 4368 4334
f 6337 6300 6333
f 4334 4373 4372
f 6300 6337 6338
f 4337 4200 4282
f 6303 6249 6168
f 4282 4213 4337
f 6249 6303 6181
f 4374 4283 4369
f 6339 6334 6250
f 4369 4332 4374
f 6334 6339 6298
f 4371 4327 4328
f 6336 6294 6293
f 4328 4201 4371
f 6294 6336 6169
f 4375 4335 4367
f 6340 6332 6301
f 4367 4207 4375
f 6332 6340 6175
f 4378 4377 4376
f 6343 6341 6342
f 4376 4379 4378
f 6341 6343 6344
f 4381 4380 4044
f 6346 6019 6345
f 4044 4041 4381
f 6019 6346 6016
f 4383 4378 4382
f 6348 6347 6343
f 4382 4384 4383
f 6347 6348 6349
f 4385 4382 4378
f 6350 6343 6347
f 4378 4379 4385
f 6343 6350 6344
f 4386 4380 4381
f 6351 6346 6345
f 4381 4387 4386
f 6346 6351 6352
f 4390 4389 4388
f 6355 6353 6354
f 4388 4391 4390
f 6353 6355 6356
f 4394 4393 4392
f 6359 6357 6358
f 4392 4395 4394
f 6357 6359 6360
f 4383 4398 5685
f 6348 7636 6363
f 5685 4396 4383
f 7636 6348 6361
f 4384 4382 4399
f 6349 6364 6347
f 4399 4400 4384
f 6364 6349 6365
f 4401 4399 4382
f 6366 6347 6364
f 4382 4385 4401
f 6347 6366 6350
f 4402 4386 4387
f 6367 6352 6351
f 4387 4403 4402
f 6352 6367 6368
f 4404 4389 4390
f 6369 6355 6354
f 4390 4405 4404
f 6355 6369 6370
f 4407 4406 4393
f 6372 6358 6371
f 4393 4394 4407
f 6358 6372 6359
f 4399 4410 4409
f 6364 6374 6375
f 4409 4400 4399
f 6374 6364 6365
f 4401 4411 4410
f 6366 6375 6376
f 4410 4399 4401
f 6375 6366 6364
f 4403 4413 4412
f 6368 6377 6378
f 4412 4402 4403
f 6377 6368 6367
f 4417 4416 4415
f 6382 6380 6381
f 4415 4414 4417
f 6380 6382 6379
f 4420 4419 4418
f 6385 6383 6384
f 4418 4421 4420
f 6383 6385 6386
f 4424 4423 4422
f 6389 6387 6388
f 4422 4425 4424
f 6387 6389 6390
f 4397 4428 4426
f 6362 6391 6393
f 4426 4427 4397
f 6391 6362 6392
f 4428 4397 4408
f 6393 6373 6362
f 4408 4429 4428
f 6373 6393 6394
f 4430 4090 4091
f 6395 6065 6064
f 4091 4431 4430
f 6065 6395 6396
f 4433 4432 4039
f 6398 6014 6397
f 4039 4040 4433
f 6014 6398 6015
f 4433 4040 4258
f 6398 6225 6015
f 4258 4434 4433
f 6225 6398 6399
f 4437 4413 4436
f 6402 6401 6378
f 4436 4435 4437
f 6401 6402 6400
f 4439 4438 4387
f 6404 6352 6403
f 4387 4381 4439
f 6352 6404 6346
f 4426 4428 4440
f 6391 6405 6393
f 4440 5683 4426
f 6405 6391 7634
f 4440 4428 4429
f 6405 6394 6393
f 4429 4441 4440
f 6394 6405 6406
f 4430 4431 4443
f 6395 6408 6396
f 4443 4442 4430
f 6408 6395 6407
f 4445 4444 4432
f 6410 6397 6409
f 4432 4433 4445
f 6397 6410 6398
f 4445 4433 4434
f 6410 6399 6398
f 4434 4416 4445
f 6399 6410 6381
f 4415 4435 4436
f 6380 6401 6400
f 4436 4414 4415
f 6401 6380 6379
f 4389 4438 4439
f 6354 6404 6403
f 4439 4388 4389
f 6404 6354 6353
f 4446 5608 4448
f 6411 6413 7560
f 4448 4447 4446
f 6413 6411 6412
f 4449 5862 5861
f 6414 7739 7740
f 5861 4450 4449
f 7739 6414 6415
f 4455 4454 4453
f 6420 6418 6419
f 4453 4456 4455
f 6418 6420 6421
f 4459 4458 4457
f 6424 6422 6423
f 4457 4460 4459
f 6422 6424 6425
f 4463 4462 4461
f 6428 6426 6427
f 4461 4464 4463
f 6426 6428 6429
f 5831 4156 4466
f 7713 6431 6124
f 4466 5829 5831
f 6431 7713 7711
f 3892 4234 4215
f 3892 6183 6201
f 4215 5698 3892
f 6183 3892 5698
f 4467 3923 5687
f 6432 5687 5902
f 5687 4468 4467
f 5687 6432 4468
f 4470 3932 4469
f 6434 6433 5910
f 4469 4471 4470
f 6433 6434 6435
f 4220 3929 4472
f 6187 6436 5907
f 4472 4219 4220
f 6436 6187 6186
f 4223 4235 3928
f 6190 5906 6202
f 3928 4226 4223
f 5906 6190 6193
f 3932 3933 4473
f 5910 6437 5911
f 4473 4469 3932
f 6437 5910 6433
f 4229 3936 3937
f 6196 5915 5914
f 3937 4227 4229
f 5915 6196 6194
f 4229 4228 4474
f 6196 6438 6195
f 4474 3936 4229
f 6438 6196 5914
f 4056 4121 4475
f 6030 6439 6089
f 4475 4476 4056
f 6439 6030 6440
f 4233 4230 4477
f 6200 6441 6197
f 4477 4478 4233
f 6441 6200 6442
f 4118 4480 4479
f 6086 6443 6444
f 4479 4481 4118
f 6443 6086 6445
f 4467 4473 3933
f 6432 5911 6437
f 3933 3923 4467
f 5911 6432 5902
f 4215 4234 4235
f 6183 6202 6201
f 4235 4223 4215
f 6202 6183 6190
f 3937 3926 4218
f 5915 6185 5905
f 4218 4227 3937
f 6185 5915 6194
f 4237 4058 4482
f 6204 6446 6032
f 4482 4483 4237
f 6446 6204 6447
f 4484 4144 4145
f 6448 6113 6112
f 4145 4485 4484
f 6113 6448 6449
f 4488 4487 4486
f 6452 6450 6451
f 4486 4489 4488
f 6450 6452 6453
f 4491 4490 4147
f 6455 6115 6454
f 4147 4144 4491
f 6115 6455 6112
f 4494 4493 4492
f 6458 6456 6457
f 4492 4495 4494
f 6456 6458 6459
f 4420 4421 4423
f 6385 6388 6386
f 4423 4424 4420
f 6388 6385 6389
f 4497 4496 4192
f 6461 6160 6460
f 4192 4498 4497
f 6160 6461 6462
f 4501 4500 4499
f 6465 6463 6464
f 4499 4502 4501
f 6463 6465 6466
f 4505 4504 4503
f 6469 6467 6468
f 4503 4506 4505
f 6467 6469 6470
f 4508 4507 4505
f 6472 6469 6471
f 4505 4506 4508
f 6469 6472 6470
f 4511 4510 4509
f 6475 6473 6474
f 4509 4512 4511
f 6473 6475 6476
f 4513 5895 5894
f 6477 7771 7772
f 5894 4514 4513
f 7771 6477 6478
f 4517 4516 4515
f 6481 6479 6480
f 4515 4518 4517
f 6479 6481 6482
f 4509 4510 4519
f 6473 6483 6474
f 4519 4520 4509
f 6483 6473 6484
f 4523 4522 4521
f 6487 6485 6486
f 4521 4524 4523
f 6485 6487 6488
f 4524 4521 4525
f 6488 6489 6485
f 4525 4526 4524
f 6489 6488 6490
f 4529 4528 4527
f 6493 6491 6492
f 4527 4530 4529
f 6491 6493 6494
f 4533 4532 4531
f 6497 6495 6496
f 4531 4534 4533
f 6495 6497 6498
f 4537 4536 4535
f 6501 6499 6500
f 4535 4538 4537
f 6499 6501 6502
f 4541 4540 4539
f 6505 6503 6504
f 4539 4542 4541
f 6503 6505 6506
f 4545 4544 4543
f 6509 6507 6508
f 4543 4546 4545
f 6507 6509 6510
f 4547 4550 4549
f 6511 6513 6514
f 4549 4548 4547
f 6513 6511 6512
f 4551 5811 4553
f 6515 6517 7693
f 4553 4552 4551
f 6517 6515 6516
f 4020 4005 4006
f 5995 5983 5982
f 4006 4019 4020
f 5983 5995 5994
f 4009 3891 4024
f 4009 5999 3891
f 4024 4008 4009
f 5999 4009 5985
f 4078 4075 4005
f 6052 5982 6049
f 4005 4020 4078
f 5982 6052 5995
f 4126 4127 4074
f 6094 6048 6095
f 4074 4079 4126
f 6048 6094 6053
f 4019 4006 4008
f 5994 5985 5983
f 4008 4024 4019
f 5985 5994 5999
f 4556 4555 4554
f 6520 6518 6519
f 4554 4557 4556
f 6518 6520 6521
f 4560 4559 4558
f 6524 6522 6523
f 4558 4561 4560
f 6522 6524 6525
f 4563 4562 4186
f 6527 6154 6526
f 4186 4183 4563
f 6154 6527 6151
f 4305 4565 4564
f 6271 6528 6529
f 4564 4304 4305
f 6528 6271 6270
f 4568 4567 4566
f 6532 6530 6531
f 4566 4569 4568
f 6530 6532 6533
f 4572 4571 4570
f 6536 6534 6535
f 4570 4573 4572
f 6534 6536 6537
f 4576 4575 4574
f 6540 6538 6539
f 4574 4577 4576
f 6538 6540 6541
f 4385 4386 4402
f 6350 6367 6351
f 4402 4401 4385
f 6367 6350 6366
f 4390 4393 4406
f 6355 6371 6358
f 4406 4405 4390
f 6371 6355 6370
f 4578 4408 4398
f 6542 6363 6373
f 4398 4579 4578
f 6363 6542 6543
f 4429 4408 4578
f 6394 6542 6373
f 4578 4580 4429
f 6542 6394 6544
f 4403 4387 4438
f 6368 6403 6352
f 4438 4581 4403
f 6403 6368 6545
f 4441 4429 4580
f 6406 6544 6394
f 4580 4582 4441
f 6544 6406 6546
f 4581 4438 4389
f 6545 6354 6403
f 4389 4404 4581
f 6354 6545 6369
f 4585 4584 4583
f 6549 6547 6548
f 4583 4586 4585
f 6547 6549 6550
f 4589 4588 4587
f 6553 6551 6552
f 4587 4590 4589
f 6551 6553 6554
f 4593 4592 4591
f 6557 6555 6556
f 4591 4594 4593
f 6555 6557 6558
f 4597 4596 4595
f 6561 6559 6560
f 4595 4598 4597
f 6559 6561 6562
f 4543 4544 4599
f 6507 6563 6508
f 4599 4600 4543
f 6563 6507 6564
f 4603 4602 4601
f 6567 6565 6566
f 4601 4604 4603
f 6565 6567 6568
f 4538 4606 4605
f 6502 6569 6570
f 4605 4607 4538
f 6569 6502 6571
f 4531 4532 4608
f 6495 6572 6496
f 4608 4609 4531
f 6572 6495 6573
f 4612 4611 4610
f 6576 6574 6575
f 4610 4613 4612
f 6574 6576 6577
f 4615 4614 4351
f 6579 6316 6578
f 4351 4352 4615
f 6316 6579 6317
f 4614 4616 4355
f 6578 6320 6580
f 4355 4351 4614
f 6320 6578 6316
f 4616 4617 4357
f 6580 6322 6581
f 4357 4355 4616
f 6322 6580 6320
f 4617 4618 4359
f 6581 6324 6582
f 4359 4357 4617
f 6324 6581 6322
f 4618 4619 4361
f 6582 6326 6583
f 4361 4359 4618
f 6326 6582 6324
f 4619 4620 4363
f 6583 6328 6584
f 4363 4361 4619
f 6328 6583 6326
f 4365 5858 5859
f 6330 7737 7736
f 5859 4621 4365
f 7737 6330 6585
f 4119 4622 4480
f 6087 6444 6586
f 4480 4118 4119
f 6444 6087 6086
f 4070 4624 4623
f 6044 6587 6588
f 4623 4069 4070
f 6587 6044 6043
f 4625 4314 4123
f 6589 6091 6280
f 4123 4124 4625
f 6091 6589 6092
f 4132 4088 4222
f 6100 6189 6062
f 4222 4231 4132
f 6189 6100 6198
f 4626 5704 5702
f 6590 5702 5704
f 5702 4345 4626
f 5702 6590 6310
f 4138 4487 4627
f 6106 6591 6451
f 4627 4628 4138
f 6591 6106 6592
f 4151 4629 4265
f 6119 6232 6593
f 4265 4150 4151
f 6232 6119 6118
f 4231 4222 4219
f 6198 6186 6189
f 4219 4230 4231
f 6186 6198 6197
f 4067 4068 4626
f 6041 6590 6042
f 4626 4345 4067
f 6590 6041 6310
f 4263 4630 4149
f 6230 6117 6594
f 4149 4150 4263
f 6117 6230 6118
f 4289 4287 4311
f 6255 6277 6253
f 4311 4312 4289
f 6277 6255 6278
f 4315 4631 4122
f 6281 6090 6595
f 4122 4123 4315
f 6090 6281 6091
f 4230 4219 4472
f 6197 6436 6186
f 4472 4477 4230
f 6436 6197 6441
f 4121 4118 4481
f 6089 6445 6086
f 4481 4475 4121
f 6445 6089 6439
f 4549 4633 4632
f 6513 6596 6597
f 4632 4548 4549
f 6596 6513 6512
f 4534 4531 4539
f 6498 6503 6495
f 4539 4540 4534
f 6503 6498 6504
f 4147 4635 4634
f 6115 6598 6599
f 4634 4146 4147
f 6598 6115 6114
f 4636 4627 4484
f 6600 6448 6591
f 4484 4485 4636
f 6448 6600 6449
f 4637 4267 4266
f 6601 6233 6234
f 4266 4638 4637
f 6233 6601 6602
f 4143 4640 4639
f 6111 6603 6604
f 4639 4142 4143
f 6603 6111 6110
f 5754 4642 4641
f 7638 6605 6606
f 4641 4643 5754
f 6605 7638 6607
f 4645 4644 4141
f 6609 6109 6608
f 4141 4142 4645
f 6109 6609 6110
f 4647 4646 4143
f 6611 6111 6610
f 4143 4140 4647
f 6111 6611 6108
f 4648 4647 4140
f 6612 6108 6611
f 4140 4261 4648
f 6108 6612 6228
f 4644 4649 4262
f 6608 6229 6613
f 4262 4141 4644
f 6229 6608 6109
f 4267 4149 4630
f 6234 6594 6117
f 4630 4152 4267
f 6594 6234 6120
f 4637 4148 4149
f 6601 6117 6116
f 4149 4267 4637
f 6117 6601 6234
f 4646 4650 4640
f 6610 6604 6614
f 4640 4143 4646
f 6604 6610 6111
f 4645 4142 4639
f 6609 6603 6110
f 4639 4651 4645
f 6603 6609 6615
f 4654 4653 4652
f 6618 6616 6617
f 4652 4655 4654
f 6616 6618 6619
f 4644 4657 4656
f 6608 6620 6621
f 4656 4649 4644
f 6620 6608 6613
f 4657 4644 4645
f 6621 6609 6608
f 4645 4651 4657
f 6609 6621 6615
f 4660 4659 4658
f 6624 6622 6623
f 4658 4661 4660
f 6622 6624 6625
f 3930 4622 4472
f 5908 6436 6586
f 4472 3929 3930
f 6436 5908 5907
f 5693 3893 4064
f 5693 6038 3893
f 4064 4065 5693
f 6038 5693 6039
f 4122 4631 4662
f 6090 6626 6595
f 4662 4251 4122
f 6626 6090 6218
f 4134 4664 4663
f 6102 6627 6628
f 4663 4665 4134
f 6627 6102 6629
f 4052 4650 4646
f 6027 6610 6614
f 4646 4051 4052
f 6610 6027 6026
f 4125 4122 4073
f 6093 6047 6090
f 4073 4666 4125
f 6047 6093 6630
f 4246 4225 4221
f 6213 6188 6192
f 4221 4089 4246
f 6188 6213 6063
f 4669 4668 4667
f 6633 6631 6632
f 4667 4670 4669
f 6631 6633 6634
f 4225 4226 4220
f 6192 6187 6193
f 4220 4221 4225
f 6187 6192 6188
f 4313 4310 4306
f 6279 6272 6276
f 4306 4307 4313
f 6272 6279 6273
f 4480 4470 4471
f 6444 6435 6434
f 4471 4479 4480
f 6435 6444 6443
f 4226 3928 3929
f 6193 5907 5906
f 3929 4220 4226
f 5907 6193 6187
f 4170 4177 4178
f 6138 6146 6145
f 4178 4169 4170
f 6146 6138 6137
f 4672 4671 4179
f 6636 6147 6635
f 4179 4673 4672
f 6147 6636 6637
f 4675 4674 4177
f 6639 6145 6638
f 4177 4170 4675
f 6145 6639 6138
f 4678 4677 4676
f 6642 6640 6641
f 4676 4679 4678
f 6640 6642 6643
f 4111 4680 4270
f 6080 6237 6644
f 4270 3988 4111
f 6237 6080 5965
f 3939 4067 4345
f 5917 6310 6041
f 4345 3942 3939
f 6310 5917 5920
f 3949 4625 4287
f 5926 6253 6589
f 4287 3948 3949
f 6253 5926 5925
f 4131 4232 4026
f 6099 6001 6199
f 4026 4027 4131
f 6001 6099 6002
f 4057 4120 4121
f 6031 6089 6088
f 4121 4056 4057
f 6089 6031 6030
f 4259 4115 4116
f 6226 6085 6084
f 4116 4681 4259
f 6085 6226 6645
f 4004 4005 4075
f 5981 6049 5982
f 4075 4076 4004
f 6049 5981 6050
f 4624 4682 4136
f 6588 6104 6646
f 4136 4623 4624
f 6104 6588 6587
f 4232 4233 4228
f 6199 6195 6200
f 4228 4026 4232
f 6195 6199 6001
f 4076 4077 4314
f 6050 6280 6051
f 4314 4286 4076
f 6280 6050 6252
f 4290 3951 3948
f 6256 5925 5928
f 3948 4288 4290
f 5925 6256 6254
f 3942 4345 4344
f 5920 6309 6310
f 4344 4348 3942
f 6309 5920 6313
f 4683 4684 4406
f 6647 6371 6648
f 4406 4407 4683
f 6371 6647 6372
f 4228 4233 4478
f 6195 6442 6200
f 4478 4474 4228
f 6442 6195 6438
f 4058 4056 4476
f 6032 6440 6030
f 4476 4482 4058
f 6440 6032 6446
f 4062 4059 4685
f 6036 6649 6033
f 4685 4686 4062
f 6649 6036 6650
f 4490 4687 4635
f 6454 6599 6651
f 4635 4147 4490
f 6599 6454 6115
f 4079 4074 4075
f 6053 6049 6048
f 4075 4078 4079
f 6049 6053 6052
f 4688 4322 4274
f 6652 6241 6288
f 4274 4689 4688
f 6241 6652 6653
f 4326 4323 4690
f 6292 6654 6289
f 4690 4691 4326
f 6654 6292 6655
f 4328 4282 4200
f 6294 6168 6249
f 4200 4201 4328
f 6168 6294 6169
f 4374 4210 4284
f 6339 6251 6178
f 4284 4283 4374
f 6251 6339 6250
f 4189 4190 4692
f 6157 6656 6158
f 4692 4693 4189
f 6656 6157 6657
f 4188 4695 4694
f 6156 6658 6659
f 4694 4187 4188
f 6658 6156 6155
f 4697 4275 4696
f 6661 6660 6242
f 4696 4698 4697
f 6660 6661 6662
f 5059 4688 4699
f 7017 6663 6652
f 4699 5015 5059
f 6663 7017 6973
f 4324 4700 4195
f 6290 6163 6664
f 4195 4323 4324
f 6163 6290 6289
f 4369 4204 4331
f 6334 6297 6172
f 4331 4332 4369
f 6297 6334 6298
f 4340 4337 4213
f 6306 6181 6303
f 4213 4214 4340
f 6181 6306 6182
f 4370 4701 4330
f 6335 6296 6665
f 4330 4331 4370
f 6296 6335 6297
f 4337 4338 4199
f 6303 6167 6304
f 4199 4200 4337
f 6167 6303 6168
f 4210 4374 4702
f 6178 6666 6339
f 4702 4209 4210
f 6666 6178 6177
f 4201 4202 4293
f 6169 6259 6170
f 4293 4371 4201
f 6259 6169 6336
f 4375 4297 4295
f 6340 6261 6263
f 4295 4373 4375
f 6261 6340 6338
f 4347 4348 4344
f 6312 6309 6313
f 4344 4703 4347
f 6309 6312 6667
f 4347 4352 4353
f 6312 6318 6317
f 4353 4346 4347
f 6318 6312 6311
f 4703 4615 4352
f 6667 6317 6579
f 4352 4347 4703
f 6317 6667 6312
f 4665 4663 4253
f 6629 6220 6627
f 4253 4254 4665
f 6220 6629 6221
f 3975 3976 4704
f 5952 6668 5953
f 4704 4705 3975
f 6668 5952 6669
f 4708 4707 4706
f 6672 6670 6671
f 4706 4709 4708
f 6670 6672 6673
f 3978 3975 4254
f 5955 6221 5952
f 4254 4031 3978
f 6221 5955 6006
f 3979 4032 3897
f 5956 3897 6007
f 3897 4117 3979
f 3897 5956 4117
f 4111 4677 4678
f 6080 6642 6641
f 4678 4680 4111
f 6642 6080 6644
f 4234 3892 5686
f 6201 5686 3892
f 5686 3924 4234
f 5686 6201 5903
f 3932 4470 3930
f 5910 5908 6434
f 3930 3931 3932
f 5908 5910 5909
f 3931 3928 4235
f 5909 6202 5906
f 4235 3934 3931
f 6202 5909 5912
f 3938 3935 4058
f 5916 6032 5913
f 4058 4237 3938
f 6032 5916 6204
f 3936 4474 4057
f 5914 6031 6438
f 4057 3935 3936
f 6031 5914 5913
f 4478 4477 4119
f 6442 6087 6441
f 4119 4120 4478
f 6087 6442 6088
f 3933 3934 3924
f 5911 5903 5912
f 3924 3923 3933
f 5903 5911 5902
f 4712 4711 4710
f 6676 6674 6675
f 4710 4483 4712
f 6674 6676 6447
f 4477 4472 4622
f 6441 6586 6436
f 4622 4119 4477
f 6586 6441 6087
f 4470 4480 4622
f 6434 6586 6444
f 4622 3930 4470
f 6586 6434 5908
f 4474 4478 4120
f 6438 6088 6442
f 4120 4057 4474
f 6088 6438 6031
f 3943 3964 3911
f 5921 3911 5941
f 3911 5690 3943
f 3911 5921 5690
f 4239 4286 3949
f 6206 5926 6252
f 3949 3950 4239
f 5926 6206 5927
f 3966 4292 4330
f 5943 6296 6258
f 4330 4701 3966
f 6296 5943 6665
f 3973 3974 4306
f 5950 6272 5951
f 4306 4666 3973
f 6272 5950 6630
f 3959 3956 3910
f 5936 3910 5933
f 3910 4101 3959
f 3910 5936 4101
f 4125 4310 4311
f 6093 6277 6276
f 4311 4124 4125
f 6277 6093 6092
f 3957 3958 3950
f 5934 5927 5935
f 3950 3951 3957
f 5927 5934 5928
f 4370 4331 4204
f 6335 6172 6297
f 4204 4205 4370
f 6172 6335 6173
f 4124 4311 4287
f 6092 6253 6277
f 4287 4625 4124
f 6253 6092 6589
f 4666 4306 4310
f 6630 6276 6272
f 4310 4125 4666
f 6276 6630 6093
f 4286 4314 4625
f 6252 6589 6280
f 4625 3949 4286
f 6589 6252 5926
f 4713 4714 4715
f 6677 6679 6678
f 4715 4716 4713
f 6679 6677 6680
f 4371 4293 4701
f 6336 6665 6259
f 4701 4370 4371
f 6665 6336 6335
f 4373 4295 4717
f 6338 6681 6261
f 4717 4372 4373
f 6681 6338 6337
f 4668 4623 4136
f 6632 6104 6587
f 4136 4137 4668
f 6104 6632 6105
f 4718 4670 4667
f 6682 6631 6634
f 4667 4719 4718
f 6631 6682 6683
f 4720 4672 4673
f 6684 6637 6636
f 4673 4109 4720
f 6637 6684 6078
f 4720 4109 4065
f 6684 6039 6078
f 4065 4066 4720
f 6039 6684 6040
f 4721 4718 4719
f 6685 6683 6682
f 4719 4722 4721
f 6683 6685 6686
f 4134 4665 4705
f 6102 6669 6629
f 4705 4137 4134
f 6669 6102 6105
f 4032 4029 5705
f 6007 5705 6004
f 5705 3897 4032
f 5705 6007 3897
f 4069 4623 4668
f 6043 6632 6587
f 4668 4669 4069
f 6632 6043 6633
f 4105 4106 3945
f 6075 3945 4106
f 3945 3946 4105
f 3945 6075 5923
f 4705 4667 4668
f 6669 6632 6631
f 4668 4137 4705
f 6632 6669 6105
f 4341 4342 5695
f 6307 5695 4342
f 5695 4107 4341
f 5695 6307 6076
f 4115 4259 4260
f 6084 6227 6226
f 4260 4238 4115
f 6227 6084 6205
f 4681 3939 3940
f 6645 5918 5917
f 3940 4259 4681
f 5918 6645 6226
f 4705 4704 4719
f 6669 6683 6668
f 4719 4667 4705
f 6683 6669 6631
f 4670 4066 4063
f 6634 6037 6040
f 4063 4669 4670
f 6037 6634 6633
f 4066 4670 4718
f 6040 6682 6634
f 4718 4720 4066
f 6682 6040 6684
f 4723 4671 4672
f 6687 6636 6635
f 4672 4721 4723
f 6636 6687 6685
f 3997 3998 4676
f 5974 6640 5975
f 4676 4724 3997
f 6640 5974 6688
f 4727 4726 4725
f 6691 6689 6690
f 4725 4728 4727
f 6689 6691 6692
f 4729 4731 5109
f 6693 7062 6695
f 5109 4730 4729
f 7062 6693 6694
f 4724 4676 4677
f 6688 6641 6640
f 4677 4732 4724
f 6641 6688 6696
f 4733 3984 4728
f 6697 6692 5961
f 4728 4725 4733
f 6692 6697 6689
f 4735 4734 4447
f 6699 6412 6698
f 4447 4448 4735
f 6412 6699 6413
f 3963 3960 4072
f 5940 6046 5937
f 4072 4002 3963
f 6046 5940 5979
f 4242 3963 4002
f 6209 5979 5940
f 4002 3999 4242
f 5979 6209 5976
f 3973 4666 4073
f 5950 6047 6630
f 4073 4071 3973
f 6047 5950 6045
f 4294 3972 3973
f 6260 5950 5949
f 3973 4071 4294
f 5950 6260 6045
f 4372 4717 4339
f 6337 6305 6681
f 4339 4340 4372
f 6305 6337 6306
f 4368 4372 4340
f 6333 6306 6337
f 4340 4214 4368
f 6306 6333 6182
f 4197 4368 4214
f 6165 6182 6333
f 4214 4211 4197
f 6182 6165 6179
f 4196 4197 4211
f 6164 6179 6165
f 4211 4321 4196
f 6179 6164 6287
f 4563 4325 4326
f 6527 6292 6291
f 4326 4319 4563
f 6292 6527 6285
f 4184 4693 4736
f 6152 6700 6657
f 4736 4183 4184
f 6700 6152 6151
f 4456 4738 4737
f 6421 6701 6702
f 4737 4455 4456
f 6701 6421 6420
f 4454 4740 4739
f 6419 6703 6704
f 4739 4453 4454
f 6703 6419 6418
f 4740 4454 5864
f 6704 7742 6419
f 5864 5863 4740
f 7742 6704 7741
f 4458 4744 4743
f 6423 6707 6708
f 4743 4457 4458
f 6707 6423 6422
f 4460 4737 4738
f 6425 6702 6701
f 4738 4459 4460
f 6702 6425 6424
f 4737 4460 5866
f 6701 7744 6425
f 5866 5865 4737
f 7744 6701 7743
f 4708 4739 4740
f 6672 6704 6703
f 4740 4707 4708
f 6704 6672 6671
f 4709 4446 4739
f 6673 6703 6411
f 4739 4708 4709
f 6703 6673 6672
f 4747 4750 5868
f 6711 7746 6714
f 5868 5867 4747
f 7746 6711 7745
f 4752 4744 4751
f 6716 6715 6708
f 4751 4461 4752
f 6715 6716 6426
f 4753 4743 4744
f 6717 6708 6707
f 4744 4752 4753
f 6708 6717 6716
f 4743 4753 5870
f 6707 7748 6717
f 5870 5869 4743
f 7748 6707 7747
f 4758 4757 4756
f 6722 6720 6721
f 4756 4759 4758
f 6720 6722 6723
f 4762 4761 4760
f 6726 6724 6725
f 4760 4763 4762
f 6724 6726 6727
f 4766 4765 4764
f 6730 6728 6729
f 4764 4767 4766
f 6728 6730 6731
f 4763 4760 4757
f 6727 6721 6724
f 4757 4758 4763
f 6721 6727 6722
f 4770 4769 4768
f 6734 6732 6733
f 4768 4771 4770
f 6732 6734 6735
f 4773 4772 4761
f 6737 6725 6736
f 4761 4762 4773
f 6725 6737 6726
f 4776 4775 4774
f 6740 6738 6739
f 4774 4777 4776
f 6738 6740 6741
f 4780 4779 4778
f 6744 6742 6743
f 4778 4781 4780
f 6742 6744 6745
f 4774 4783 4782
f 6738 6746 6747
f 4782 4777 4774
f 6746 6738 6741
f 4540 4541 4784
f 6504 6748 6505
f 4784 4634 4540
f 6748 6504 6598
f 4642 5754 4785
f 6606 6749 7638
f 4785 4786 4642
f 6749 6606 6750
f 4789 4788 4787
f 6753 6751 6752
f 4787 4790 4789
f 6751 6753 6754
f 4786 4785 4788
f 6750 6752 6749
f 4788 4789 4786
f 6752 6750 6753
f 4153 4792 4791
f 6121 6755 6756
f 4791 4266 4153
f 6755 6121 6233
f 4266 4791 4793
f 6233 6757 6755
f 4793 4638 4266
f 6757 6233 6602
f 4794 4791 4792
f 6758 6756 6755
f 4792 4795 4794
f 6756 6758 6759
f 4796 4793 4791
f 6760 6755 6757
f 4791 4794 4796
f 6755 6760 6758
f 4797 4638 4793
f 6761 6757 6602
f 4793 4796 4797
f 6757 6761 6760
f 4652 4637 4638
f 6616 6602 6601
f 4638 4797 4652
f 6602 6616 6761
f 4653 4148 4637
f 6617 6601 6116
f 4637 4652 4653
f 6601 6617 6616
f 4798 4151 4148
f 6762 6116 6119
f 4148 4653 4798
f 6116 6762 6617
f 4641 4640 4650
f 6605 6614 6604
f 4650 4799 4641
f 6614 6605 6763
f 4642 4639 4640
f 6606 6604 6603
f 4640 4641 4642
f 6604 6606 6605
f 4786 4651 4639
f 6750 6603 6615
f 4639 4642 4786
f 6603 6750 6606
f 4789 4657 4651
f 6753 6615 6621
f 4651 4786 4789
f 6615 6753 6750
f 4790 4656 4657
f 6754 6621 6620
f 4657 4789 4790
f 6621 6754 6753
f 4800 5706 4656
f 4800 6620 5706
f 4656 4790 4800
f 6620 4800 6754
f 4803 4802 4801
f 6766 6764 6765
f 4801 4804 4803
f 6764 6766 6767
f 4807 4806 4805
f 6770 6768 6769
f 4805 5755 4807
f 6768 6770 7639
f 4809 4808 5756
f 6772 7640 6771
f 5756 4810 4809
f 7640 6772 6773
f 4812 4811 4804
f 6775 6767 6774
f 4804 4801 4812
f 6767 6775 6764
f 4814 4813 4811
f 6777 6774 6776
f 4811 4812 4814
f 6774 6777 6775
f 4817 4816 4815
f 6780 6778 6779
f 4815 4818 4817
f 6778 6780 6781
f 4820 4819 4809
f 6783 6772 6782
f 4809 4810 4820
f 6772 6783 6773
f 4816 4661 4658
f 6779 6622 6625
f 4658 4815 4816
f 6622 6779 6778
f 4061 4661 4816
f 6035 6779 6625
f 4816 4803 4061
f 6779 6035 6766
f 4811 4821 4060
f 6774 6034 6784
f 4060 4804 4811
f 6034 6774 6767
f 4813 4822 4821
f 6776 6784 6785
f 4821 4811 4813
f 6784 6776 6774
f 4806 4627 4636
f 6769 6600 6591
f 4636 4805 4806
f 6600 6769 6768
f 4823 4629 4151
f 6786 6119 6593
f 4151 4798 4823
f 6119 6786 6762
f 4824 4799 4650
f 6787 6614 6763
f 4650 4628 4824
f 6614 6787 6592
f 5757 4799 4824
f 7641 6787 6763
f 4824 4825 5757
f 6787 7641 6788
f 4807 4825 4824
f 6770 6787 6788
f 4824 4806 4807
f 6787 6770 6769
f 4806 4824 4628
f 6769 6592 6787
f 4628 4627 4806
f 6592 6769 6591
f 4655 4652 4797
f 6619 6761 6616
f 4797 4826 4655
f 6761 6619 6789
f 4643 4641 4799
f 6607 6763 6605
f 4799 5757 4643
f 6763 6607 7641
f 4826 4797 4796
f 6789 6760 6761
f 4796 4827 4826
f 6760 6789 6790
f 5758 4794 4795
f 7642 6759 6758
f 4795 4828 5758
f 6759 7642 6791
f 4827 4796 4794
f 6790 6758 6760
f 4794 5758 4827
f 6758 6790 7642
f 4831 4830 4829
f 6794 6792 6793
f 4829 4832 4831
f 6792 6794 6795
f 4835 4834 4833
f 6798 6796 6797
f 4833 4836 4835
f 6796 6798 6799
f 4838 4837 4823
f 6801 6786 6800
f 4823 4839 4838
f 6786 6801 6802
f 4832 4829 4840
f 6795 6803 6792
f 4840 4841 4832
f 6803 6795 6804
f 4843 4842 4837
f 6806 6800 6805
f 4837 4838 4843
f 6800 6806 6801
f 4841 4840 4844
f 6804 6807 6803
f 4844 4845 4841
f 6807 6804 6808
f 4846 4798 4653
f 6809 6617 6762
f 4653 4654 4846
f 6617 6809 6618
f 4823 4798 4846
f 6786 6809 6762
f 4846 4839 4823
f 6809 6786 6802
f 4015 4016 4847
f 5990 6810 5991
f 4847 4128 4015
f 6810 5990 6096
f 4848 4012 4013
f 6811 5988 5987
f 4013 4252 4848
f 5988 6811 6219
f 4013 4014 4847
f 5988 6810 5989
f 4847 4016 4013
f 6810 5988 5991
f 4851 4850 4849
f 6813 4849 6812
f 4849 3912 4851
f 4849 6813 3912
f 4014 4011 4852
f 5989 6814 5986
f 4852 4853 4014
f 6814 5989 6815
f 4011 3906 3898
f 5986 3898 3906
f 3898 4852 4011
f 3898 5986 6814
f 4847 4014 4853
f 6810 6815 5989
f 4853 4662 4847
f 6815 6810 6626
f 4662 4631 4128
f 6626 6096 6595
f 4128 4847 4662
f 6096 6626 6810
f 4315 4127 4128
f 6281 6096 6095
f 4128 4631 4315
f 6096 6281 6595
f 4077 4074 4127
f 6051 6095 6048
f 4127 4315 4077
f 6095 6051 6281
f 4853 4852 4000
f 6815 5977 6814
f 4000 4001 4853
f 5977 6815 5978
f 4852 3898 4854
f 6814 4854 3898
f 4854 4000 4852
f 4854 6814 5977
f 4662 4853 4001
f 6626 5978 6815
f 4001 4251 4662
f 5978 6626 6218
f 4122 4251 4072
f 6090 6046 6218
f 4072 4073 4122
f 6046 6090 6047
f 4855 4027 4028
f 6816 6003 6002
f 4028 4255 4855
f 6003 6816 6222
f 4035 4036 4104
f 6010 6074 6011
f 4104 4256 4035
f 6074 6010 6223
f 4222 4088 4089
f 6189 6063 6062
f 4089 4221 4222
f 6063 6189 6188
f 3908 4103 4036
f 3908 6011 4103
f 4036 4033 3908
f 6011 3908 6008
f 4231 4232 4131
f 6198 6099 6199
f 4131 4132 4231
f 6099 6198 6100
f 4034 4035 4028
f 6009 6003 6010
f 4028 4025 4034
f 6003 6009 6000
f 4088 4132 4133
f 6062 6101 6100
f 4133 4087 4088
f 6101 6062 6061
f 4245 4246 4089
f 6212 6063 6213
f 4089 4086 4245
f 6063 6212 6060
f 4130 4131 4027
f 6098 6002 6099
f 4027 4855 4130
f 6002 6098 6816
f 4857 4856 4184
f 6818 6152 6817
f 4184 4185 4857
f 6152 6818 6153
f 4366 4858 4280
f 6331 6247 6819
f 4280 4281 4366
f 6247 6331 6248
f 4284 4210 4207
f 6251 6175 6178
f 4207 4367 4284
f 6175 6251 6332
f 4693 4692 4859
f 6657 6820 6656
f 4859 4736 4693
f 6820 6657 6700
f 4702 3969 4243
f 6666 6210 5946
f 4243 4209 4702
f 6210 6666 6177
f 4246 3970 4224
f 6213 6191 5947
f 4224 4225 4246
f 6191 6213 6192
f 4182 4860 4272
f 6150 6239 6821
f 4272 4273 4182
f 6239 6150 6240
f 4271 4861 3991
f 6238 5968 6822
f 3991 3987 4271
f 5968 6238 5964
f 3991 4861 4862
f 5968 6823 6822
f 4862 3994 3991
f 6823 5968 5971
f 4113 4863 4273
f 6082 6240 6824
f 4273 3995 4113
f 6240 6082 5972
f 4272 4679 4676
f 6239 6640 6643
f 4676 3998 4272
f 6640 6239 5975
f 4111 4110 4732
f 6080 6696 6079
f 4732 4677 4111
f 6696 6080 6641
f 4726 4727 4165
f 6690 6133 6691
f 4165 4864 4726
f 6133 6690 6825
f 3927 3909 4218
f 3927 6185 3909
f 4218 3926 3927
f 6185 3927 5905
f 4236 3913 5688
f 6203 5688 3913
f 5688 3925 4236
f 5688 6203 5904
f 4710 4711 5707
f 6674 5707 6675
f 5707 5708 4710
f 5707 6674 5708
f 5709 5710 4349
f 5709 6314 5710
f 4349 4346 5709
f 6314 5709 6311
f 5703 5711 4703
f 5703 6667 5711
f 4703 4344 5703
f 6667 5703 6309
f 4865 5709 4346
f 4865 6311 5709
f 4346 4353 4865
f 6311 4865 6318
f 4703 5711 5712
f 6667 5712 5711
f 5712 4615 4703
f 5712 6667 6579
f 5713 4865 4353
f 5713 6318 4865
f 4353 4350 5713
f 6318 5713 6315
f 4615 5712 3894
f 6579 3894 5712
f 3894 4614 4615
f 3894 6579 6578
f 3890 5713 4350
f 3890 6315 5713
f 4350 4354 3890
f 6315 3890 6319
f 4614 3894 5714
f 6578 5714 3894
f 5714 4616 4614
f 5714 6578 6580
f 4866 3890 4354
f 4866 6319 3890
f 4354 4356 4866
f 6319 4866 6321
f 4616 5714 5715
f 6580 5715 5714
f 5715 4617 4616
f 5715 6580 6581
f 4358 3899 4866
f 6323 4866 3899
f 4866 4356 4358
f 4866 6323 6321
f 4617 5715 4867
f 6581 4867 5715
f 4867 4618 4617
f 4867 6581 6582
f 4360 5716 3899
f 6325 3899 5716
f 3899 4358 4360
f 3899 6325 6323
f 4618 4867 5717
f 6582 5717 4867
f 5717 4619 4618
f 5717 6582 6583
f 4362 3900 5716
f 6327 5716 3900
f 5716 4360 4362
f 5716 6327 6325
f 4619 5717 3914
f 6583 3914 5717
f 3914 4620 4619
f 3914 6583 6584
f 4362 5853 5850
f 6327 5850 7733
f 5850 3900 4362
f 5850 6327 3900
f 4621 5859 5857
f 6585 5857 7737
f 5857 5718 4621
f 5857 6585 5718
f 4090 4578 4579
f 6064 6543 6542
f 4579 4093 4090
f 6543 6064 6067
f 4430 4580 4578
f 6395 6542 6544
f 4578 4090 4430
f 6542 6395 6064
f 4582 4580 4430
f 6546 6395 6544
f 4430 4442 4582
f 6395 6546 6407
f 4379 4380 4386
f 6344 6351 6345
f 4386 4385 4379
f 6351 6344 6350
f 4391 4392 4393
f 6356 6358 6357
f 4393 4390 4391
f 6358 6356 6355
f 4046 4647 4648
f 6021 6612 6611
f 4648 4045 4046
f 6612 6021 6020
f 4628 4650 4052
f 6592 6027 6614
f 4052 4138 4628
f 6027 6592 6106
f 4646 4647 4046
f 6610 6021 6611
f 4046 4051 4646
f 6021 6610 6026
f 4484 4627 4487
f 6448 6451 6591
f 4487 4488 4484
f 6451 6448 6452
f 4869 4868 4490
f 6827 6454 6826
f 4490 4491 4869
f 6454 6827 6455
f 4533 4536 4537
f 6497 6501 6500
f 4537 4532 4533
f 6501 6497 6496
f 4139 4486 4487
f 6107 6451 6450
f 4487 4138 4139
f 6451 6107 6106
f 4490 4868 4870
f 6454 6828 6826
f 4870 4687 4490
f 6828 6454 6651
f 4767 4764 4493
f 6731 6457 6728
f 4493 4494 4767
f 6457 6731 6458
f 4495 4492 4095
f 6459 6069 6456
f 4095 4096 4495
f 6069 6459 6070
f 4820 4658 4659
f 6783 6623 6622
f 4659 4871 4820
f 6623 6783 6829
f 4491 4488 4489
f 6455 6453 6452
f 4489 4869 4491
f 6453 6455 6827
f 4874 4873 4872
f 6832 6830 6831
f 4872 4875 4874
f 6830 6832 6833
f 4877 4876 4659
f 6835 6623 6834
f 4659 4660 4877
f 6623 6835 6624
f 4491 4144 4484
f 6455 6448 6112
f 4484 4488 4491
f 6448 6455 6452
f 4598 4879 4878
f 6562 6836 6837
f 4878 4597 4598
f 6836 6562 6561
f 4879 4881 4880
f 6837 6838 6839
f 4880 4878 4879
f 6838 6837 6836
f 4546 4883 4882
f 6510 6840 6841
f 4882 4545 4546
f 6840 6510 6509
f 4886 4885 4884
f 6844 6842 6843
f 4884 4887 4886
f 6842 6844 6845
f 4536 4870 4888
f 6500 6846 6828
f 4888 4535 4536
f 6846 6500 6499
f 4687 4870 4536
f 6651 6500 6828
f 4536 4533 4687
f 6500 6651 6497
f 4534 4635 4687
f 6498 6651 6599
f 4687 4533 4534
f 6651 6498 6497
f 4635 4534 4540
f 6599 6504 6498
f 4540 4634 4635
f 6504 6599 6598
f 4889 4778 4779
f 6847 6743 6742
f 4779 4890 4889
f 6743 6847 6848
f 4892 4891 4777
f 6850 6741 6849
f 4777 4782 4892
f 6741 6850 6746
f 4894 4893 4892
f 6852 6850 6851
f 4892 4782 4894
f 6850 6852 6746
f 4897 4598 4595
f 6855 6559 6562
f 4595 4898 4897
f 6559 6855 6856
f 4900 4899 4783
f 6858 6747 6857
f 4783 4880 4900
f 6747 6858 6838
f 4897 4901 4879
f 6855 6837 6859
f 4879 4598 4897
f 6837 6855 6562
f 4878 4774 4775
f 6836 6739 6738
f 4775 4597 4878
f 6739 6836 6561
f 4879 4901 4902
f 6837 6860 6859
f 4902 4881 4879
f 6860 6837 6839
f 4880 4783 4774
f 6838 6738 6747
f 4774 4878 4880
f 6738 6838 6836
f 4055 4903 4902
f 6029 6860 6861
f 4902 4882 4055
f 6860 6029 6840
f 4545 4901 4897
f 6509 6855 6859
f 4897 4544 4545
f 6855 6509 6508
f 4611 4884 4546
f 6575 6510 6842
f 4546 4543 4611
f 6510 6575 6507
f 4611 4543 4600
f 6575 6564 6507
f 4600 4610 4611
f 6564 6575 6574
f 4906 4905 4904
f 6864 6862 6863
f 4904 4907 4906
f 6862 6864 6865
f 4599 4544 4897
f 6563 6855 6508
f 4897 4898 4599
f 6855 6563 6856
f 4884 4885 4883
f 6842 6841 6843
f 4883 4546 4884
f 6841 6842 6510
f 4882 4902 4901
f 6840 6859 6860
f 4901 4545 4882
f 6859 6840 6509
f 4908 4780 4781
f 6866 6745 6744
f 4781 4909 4908
f 6745 6866 6867
f 4907 4911 4910
f 6865 6868 6869
f 4910 4912 4907
f 6868 6865 6870
f 4914 4587 4913
f 6872 6871 6551
f 4913 4915 4914
f 6871 6872 6873
f 4917 4916 4906
f 6875 6864 6874
f 4906 4918 4917
f 6864 6875 6876
f 4911 4601 4919
f 6869 6877 6565
f 4919 4910 4911
f 6877 6869 6868
f 4891 4921 4920
f 6849 6878 6879
f 4920 4922 4891
f 6878 6849 6880
f 4924 4923 4890
f 6882 6848 6881
f 4890 4925 4924
f 6848 6882 6883
f 4891 4892 4926
f 6849 6884 6850
f 4926 4921 4891
f 6884 6849 6879
f 4873 4821 4822
f 6831 6785 6784
f 4822 4872 4873
f 6785 6831 6830
f 5755 4805 4813
f 7639 6776 6768
f 4813 4814 5755
f 6776 7639 6777
f 4805 4636 4822
f 6768 6785 6600
f 4822 4813 4805
f 6785 6768 6776
f 4928 4927 4842
f 6886 6805 6885
f 4842 4843 4928
f 6805 6886 6806
f 4485 4145 4875
f 6449 6833 6113
f 4875 4872 4485
f 6833 6449 6830
f 5759 4550 4547
f 7643 6511 6514
f 4547 5768 5759
f 6511 7643 7651
f 4685 4059 4873
f 6649 6831 6033
f 4873 4874 4685
f 6831 6649 6832
f 4834 4835 4927
f 6797 6885 6798
f 4927 4928 4834
f 6885 6797 6886
f 4059 4060 4821
f 6033 6784 6034
f 4821 4873 4059
f 6784 6033 6831
f 5719 5720 4042
f 5719 6017 5720
f 4042 4043 5719
f 6017 5719 6018
f 4882 4883 4054
f 6840 6028 6841
f 4054 4055 4882
f 6028 6840 6029
f 3895 4261 4262
f 3895 6229 6228
f 4262 5721 3895
f 6229 3895 5721
f 4547 4548 4930
f 6511 6888 6512
f 4930 4929 4547
f 6888 6511 6887
f 5721 4262 4649
f 5721 6613 6229
f 4649 3916 5721
f 6613 5721 3916
f 5768 4547 4929
f 7651 6887 6511
f 4929 5769 5768
f 6887 7651 7652
f 4931 4932 4632
f 6889 6596 6890
f 4632 4926 4931
f 6596 6889 6884
f 4934 4933 4769
f 6892 6733 6891
f 4769 4770 4934
f 6733 6892 6734
f 4782 4783 4899
f 6746 6857 6747
f 4899 4894 4782
f 6857 6746 6852
f 5723 4795 4792
f 5723 6756 6759
f 4792 5722 5723
f 6756 5723 5722
f 5723 3901 4828
f 5723 6791 3901
f 4828 4795 5723
f 6791 5723 6759
f 4880 4881 4935
f 6838 6893 6839
f 4935 4900 4880
f 6893 6838 6858
f 4894 3902 3917
f 6852 3917 3902
f 3917 4893 4894
f 3917 6852 6851
f 4881 4902 4903
f 6839 6861 6860
f 4903 4935 4881
f 6861 6839 6893
f 4883 4885 4936
f 6841 6894 6843
f 4936 4054 4883
f 6894 6841 6028
f 3905 5724 4903
f 3905 6861 5724
f 4903 4055 3905
f 6861 3905 6029
f 4926 4892 4893
f 6884 6851 6850
f 4893 4931 4926
f 6851 6884 6889
f 4939 4938 4937
f 6897 6895 6896
f 4937 4940 4939
f 6895 6897 6898
f 4818 4815 4810
f 6781 6773 6778
f 4810 5756 4818
f 6773 6781 7640
f 4810 4815 4658
f 6773 6622 6778
f 4658 4820 4810
f 6622 6773 6783
f 4876 4941 4871
f 6834 6829 6899
f 4871 4659 4876
f 6829 6834 6623
f 4765 4766 4942
f 6729 6900 6730
f 4942 4943 4765
f 6900 6729 6901
f 4946 4945 4944
f 6904 6902 6903
f 4944 4947 4946
f 6902 6904 6905
f 4686 4685 4948
f 6650 6906 6649
f 4948 4944 4686
f 6906 6650 6902
f 4948 4685 4874
f 6906 6832 6649
f 4874 4949 4948
f 6832 6906 6907
f 4950 4948 4949
f 6908 6907 6906
f 4949 4951 4950
f 6907 6908 6909
f 4946 4953 4952
f 6904 6910 6911
f 4952 4954 4946
f 6910 6904 6912
f 4289 4130 4855
f 6255 6816 6098
f 4855 4288 4289
f 6816 6255 6254
f 4256 4104 4309
f 6223 6275 6074
f 4309 4291 4256
f 6275 6223 6257
f 4208 4244 4296
f 6176 6262 6211
f 4296 4297 4208
f 6262 6176 6263
f 4308 4245 4086
f 6274 6060 6212
f 4086 4307 4308
f 6060 6274 6273
f 4313 4087 4133
f 6279 6101 6061
f 4133 4312 4313
f 6101 6279 6278
f 4325 4736 4859
f 6291 6820 6700
f 4859 4324 4325
f 6820 6291 6290
f 4256 4291 4290
f 6223 6256 6257
f 4290 4255 4256
f 6256 6223 6222
f 4373 4334 4335
f 6338 6301 6300
f 4335 4375 4373
f 6301 6338 6340
f 4312 4133 4130
f 6278 6098 6101
f 4130 4289 4312
f 6098 6278 6255
f 4307 4086 4087
f 6273 6061 6060
f 4087 4313 4307
f 6061 6273 6279
f 4288 4855 4255
f 6254 6222 6816
f 4255 4290 4288
f 6222 6254 6256
f 4244 4245 4308
f 6211 6274 6212
f 4308 4296 4244
f 6274 6211 6262
f 4858 4366 4336
f 6819 6302 6331
f 4336 4700 4858
f 6302 6819 6664
f 4207 4208 4297
f 6175 6263 6176
f 4297 4375 4207
f 6263 6175 6340
f 3946 3953 4238
f 5923 6205 5930
f 4238 4105 3946
f 6205 5923 6075
f 4022 4019 4024
f 5997 5999 5994
f 4024 4023 4022
f 5999 5997 5998
f 4711 4712 3952
f 6675 5929 6676
f 3952 3947 4711
f 5929 6675 5924
f 4955 4437 4258
f 6913 6225 6402
f 4258 4257 4955
f 6225 6913 6224
f 4107 4260 3941
f 6076 5919 6227
f 3941 4341 4107
f 5919 6076 6307
f 4380 4379 4376
f 6345 6341 6344
f 4376 4044 4380
f 6341 6345 6019
f 4388 4439 4418
f 6353 6383 6404
f 4418 4419 4388
f 6383 6353 6384
f 4437 4435 4434
f 6402 6399 6400
f 4434 4258 4437
f 6399 6402 6225
f 4435 4415 4416
f 6400 6381 6380
f 4416 4434 4435
f 6381 6400 6399
f 4611 4612 4887
f 6575 6845 6576
f 4887 4884 4611
f 6845 6575 6842
f 3953 3946 3947
f 5930 5924 5923
f 3947 3952 3953
f 5924 5930 5929
f 3926 3937 3938
f 5905 5916 5915
f 3938 3925 3926
f 5916 5905 5904
f 4238 4260 4107
f 6205 6076 6227
f 4107 4105 4238
f 6076 6205 6075
f 4957 4956 4535
f 6915 6499 6914
f 4535 4888 4957
f 6499 6915 6846
f 4958 4585 4586
f 6916 6550 6549
f 4586 4959 4958
f 6550 6916 6917
f 4588 4960 4913
f 6552 6871 6918
f 4913 4587 4588
f 6871 6552 6551
f 4961 4591 4592
f 6919 6556 6555
f 4592 4962 4961
f 6556 6919 6920
f 4963 4919 4601
f 6921 6565 6877
f 4601 4602 4963
f 6565 6921 6566
f 4912 4918 4906
f 6870 6864 6876
f 4906 4907 4912
f 6864 6870 6865
f 4965 4964 4916
f 6923 6874 6922
f 4916 4966 4965
f 6874 6923 6924
f 4907 4904 4967
f 6865 6925 6862
f 4967 4911 4907
f 6925 6865 6869
f 4914 4968 4590
f 6872 6554 6926
f 4590 4587 4914
f 6554 6872 6551
f 4916 4964 4905
f 6874 6863 6922
f 4905 4906 4916
f 6863 6874 6864
f 4911 4967 4604
f 6869 6568 6925
f 4604 4601 4911
f 6568 6869 6565
f 4970 4969 4594
f 6928 6558 6927
f 4594 4591 4970
f 6558 6928 6555
f 4584 4972 4971
f 6548 6929 6930
f 4971 4583 4584
f 6929 6548 6547
f 4967 4904 4973
f 6925 6931 6862
f 4973 4974 4967
f 6931 6925 6932
f 4976 4975 4964
f 6934 6922 6933
f 4964 4965 4976
f 6922 6934 6923
f 4594 4978 4977
f 6558 6935 6936
f 4977 4593 4594
f 6935 6558 6557
f 4969 4979 4978
f 6927 6936 6937
f 4978 4594 4969
f 6936 6927 6558
f 4981 4589 4980
f 6939 6938 6553
f 4980 4982 4981
f 6938 6939 6940
f 4968 4984 4983
f 6926 6941 6942
f 4983 4590 4968
f 6941 6926 6554
f 4583 4971 4984
f 6547 6942 6929
f 4984 4968 4583
f 6942 6547 6926
f 4593 4977 4985
f 6557 6943 6935
f 4985 4986 4593
f 6943 6557 6944
f 4975 4987 4905
f 6933 6863 6945
f 4905 4964 4975
f 6863 6933 6922
f 4905 4987 4973
f 6863 6931 6945
f 4973 4904 4905
f 6931 6863 6862
f 4974 4988 4604
f 6932 6568 6946
f 4604 4967 4974
f 6568 6932 6925
f 4603 4604 4988
f 6567 6946 6568
f 4988 4989 4603
f 6946 6567 6947
f 4991 4990 4392
f 6949 6357 6948
f 4392 4391 4991
f 6357 6949 6356
f 4992 4991 4391
f 6950 6356 6949
f 4391 4388 4992
f 6356 6950 6353
f 4993 4992 4388
f 6951 6353 6950
f 4388 4419 4993
f 6353 6951 6384
f 4994 4993 4419
f 6952 6384 6951
f 4419 4420 4994
f 6384 6952 6385
f 4424 4995 4994
f 6389 6952 6953
f 4994 4420 4424
f 6952 6389 6385
f 4440 4441 4395
f 6405 6360 6406
f 4395 4995 4440
f 6360 6405 6953
f 4990 4996 4395
f 6948 6360 6954
f 4395 4392 4990
f 6360 6948 6357
f 4108 3981 3982
f 6077 5959 5958
f 3982 4098 4108
f 5959 6077 6072
f 4112 3993 3994
f 6081 5971 5970
f 3994 4113 4112
f 5971 6081 6082
f 4158 4166 4167
f 6126 6135 6134
f 4167 4160 4158
f 6135 6126 6128
f 4180 4181 4174
f 6148 6142 6149
f 4174 4172 4180
f 6142 6148 6140
f 4997 4461 4751
f 6955 6715 6426
f 4751 4998 4997
f 6715 6955 6956
f 4863 4113 3994
f 6824 5971 6082
f 3994 4862 4863
f 5971 6824 6823
f 3907 4099 4098
f 3907 6072 4099
f 4098 3982 3907
f 6072 3907 5959
f 5000 4999 4364
f 6958 6329 6957
f 4364 4365 5000
f 6329 6958 6330
f 5001 5000 4365
f 6959 6330 6958
f 4365 4621 5001
f 6330 6959 6585
f 4999 5725 3915
f 6957 3915 5725
f 3915 4364 4999
f 3915 6957 6329
f 5001 4621 5718
f 6959 5718 6585
f 5718 5726 5001
f 5718 6959 5726
f 3918 5000 5001
f 3918 6959 6958
f 5001 5726 3918
f 6959 3918 5726
f 3918 5725 4999
f 3918 6957 5725
f 4999 5000 3918
f 6957 3918 6958
f 4947 4944 4948
f 6905 6906 6902
f 4948 4950 4947
f 6906 6905 6908
f 5003 5002 4776
f 6961 6740 6960
f 4776 4922 5003
f 6740 6961 6880
f 5004 4920 4921
f 6962 6879 6878
f 4921 4633 5004
f 6879 6962 6597
f 4922 4920 5005
f 6880 6963 6878
f 5005 5003 4922
f 6963 6880 6961
f 4922 4776 4777
f 6880 6741 6740
f 4777 4891 4922
f 6741 6880 6849
f 4819 4820 4871
f 6782 6829 6783
f 4871 5006 4819
f 6829 6782 6964
f 4942 4771 4768
f 6900 6732 6735
f 4768 4943 4942
f 6732 6900 6901
f 4956 4957 4886
f 6914 6844 6915
f 4886 4887 4956
f 6844 6914 6845
f 4612 4606 4956
f 6576 6914 6570
f 4956 4887 4612
f 6914 6576 6845
f 4606 4538 4535
f 6570 6499 6502
f 4535 4956 4606
f 6499 6570 6914
f 4613 4963 4958
f 6577 6916 6921
f 4958 4605 4613
f 6916 6577 6569
f 4602 4603 4584
f 6566 6548 6567
f 4584 4585 4602
f 6548 6566 6549
f 4603 4989 4972
f 6567 6930 6947
f 4972 4584 4603
f 6930 6567 6548
f 4733 4732 4110
f 6697 6079 6696
f 4110 4163 4733
f 6079 6697 6131
f 3986 4446 4447
f 5963 6412 6411
f 4447 3985 3986
f 6412 5963 5962
f 3992 4154 4155
f 5969 6123 6122
f 4155 3990 3992
f 6123 5969 5967
f 3992 3993 5007
f 5969 6965 5970
f 5007 4154 3992
f 6965 5969 6122
f 4751 4744 4159
f 6715 6127 6708
f 4159 4160 4751
f 6127 6715 6128
f 4465 4739 4446
f 6430 6411 6703
f 4446 3986 4465
f 6411 6430 5963
f 4110 3989 4162
f 6079 6130 5966
f 4162 4163 4110
f 6130 6079 6131
f 4112 3996 4864
f 6081 6825 5973
f 4864 5008 4112
f 6825 6081 6966
f 4164 5009 4998
f 6132 6956 6967
f 4998 4167 4164
f 6956 6132 6135
f 3990 4155 4162
f 5967 6130 6123
f 4162 3989 3990
f 6130 5967 5966
f 5829 4456 4453
f 7711 6418 6421
f 4453 5830 5829
f 6418 7711 7712
f 4730 5011 5010
f 6694 6968 6969
f 5010 4729 4730
f 6968 6694 6693
f 4724 4725 4726
f 6688 6690 6689
f 4726 3997 4724
f 6690 6688 5974
f 3985 4447 4729
f 5962 6693 6412
f 4729 5010 3985
f 6693 5962 6968
f 4724 4732 4733
f 6688 6697 6696
f 4733 4725 4724
f 6697 6688 6689
f 4164 5011 4730
f 6132 6694 6969
f 4730 5009 4164
f 6694 6132 6967
f 4864 3996 3997
f 6825 5974 5973
f 3997 4726 4864
f 5974 6825 6690
f 5827 4159 4744
f 7709 6708 6127
f 4744 4458 5827
f 6708 7709 6423
f 3993 4112 5008
f 5970 6966 6081
f 5008 5007 3993
f 6966 5970 6965
f 4998 4751 4160
f 6956 6128 6715
f 4160 4167 4998
f 6128 6956 6135
f 4199 4338 3961
f 6167 5938 6304
f 3961 3962 4199
f 5938 6167 5939
f 4701 4293 3965
f 6665 5942 6259
f 3965 3966 4701
f 5942 6665 5943
f 3969 4702 4333
f 5946 6299 6666
f 4333 3968 3969
f 6299 5946 5945
f 3972 4717 4295
f 5949 6261 6681
f 4295 3971 3972
f 6261 5949 5948
f 4241 4202 4199
f 6208 6167 6170
f 4199 3962 4241
f 6167 6208 5939
f 4208 4209 4243
f 6176 6210 6177
f 4243 4244 4208
f 6210 6176 6211
f 4333 4330 4292
f 6299 6258 6296
f 4292 3968 4333
f 6258 6299 5945
f 4338 4339 4294
f 6304 6260 6305
f 4294 3961 4338
f 6260 6304 5938
f 4241 4242 3964
f 6208 5941 6209
f 3964 3965 4241
f 5941 6208 5942
f 4296 4308 3974
f 6262 5951 6274
f 3974 3971 4296
f 5951 6262 5948
f 3943 3944 4292
f 5921 6258 5922
f 4292 3966 3943
f 6258 5921 5943
f 4339 4717 3972
f 6305 5949 6681
f 3972 4294 4339
f 5949 6305 6260
f 3970 4246 4243
f 5947 6210 6213
f 4243 3969 3970
f 6210 5947 5946
f 5138 5816 5815
f 7090 7697 7698
f 5815 5147 5138
f 7697 7090 7099
f 4856 4189 4693
f 6817 6657 6157
f 4693 4184 4856
f 6657 6817 6152
f 4303 5818 5817
f 6269 7699 7700
f 5817 4302 4303
f 7699 6269 6268
f 4193 4319 4326
f 6161 6292 6285
f 4326 4691 4193
f 6292 6161 6655
f 4188 4189 4856
f 6156 6817 6157
f 4856 5014 4188
f 6817 6156 6972
f 4183 4736 4325
f 6151 6291 6700
f 4325 4563 4183
f 6291 6151 6527
f 4193 4691 5015
f 6161 6973 6655
f 5015 5016 4193
f 6973 6161 6974
f 5017 5018 5899
f 6975 7776 6976
f 5899 5898 5017
f 7776 6975 7775
f 3984 4733 4163
f 5961 6131 6697
f 4163 3983 3984
f 6131 5961 5960
f 4156 4157 4159
f 6124 6127 6125
f 4159 4466 4156
f 6127 6124 6431
f 4154 5007 4158
f 6122 6126 6965
f 4158 4157 4154
f 6126 6122 6125
f 4161 4465 3986
f 6129 5963 6430
f 3986 3983 4161
f 5963 6129 5960
f 5008 4864 4165
f 6966 6133 6825
f 4165 4166 5008
f 6133 6966 6134
f 4155 4156 4161
f 6123 6129 6124
f 4161 4162 4155
f 6129 6123 6130
f 5011 4727 4728
f 6969 6692 6691
f 4728 5010 5011
f 6692 6969 6968
f 3984 3985 5010
f 5961 6968 5962
f 5010 4728 3984
f 6968 5961 6692
f 5011 4164 4165
f 6969 6133 6132
f 4165 4727 5011
f 6133 6969 6691
f 5007 5008 4166
f 6965 6134 6966
f 4166 4158 5007
f 6134 6965 6126
f 4737 5865 5871
f 6701 7749 7743
f 5871 4455 4737
f 7749 6701 6420
f 4743 5869 5872
f 6707 7750 7747
f 5872 4457 4743
f 7750 6707 6422
f 4740 5863 5873
f 6704 7751 7741
f 5873 4707 4740
f 7751 6704 6671
f 5719 4043 5022
f 5719 6980 6018
f 5022 5727 5719
f 6980 5719 5727
f 4044 4376 5022
f 6019 6980 6341
f 5022 4043 4044
f 6980 6019 6018
f 4696 4329 4206
f 6660 6174 6295
f 4206 5023 4696
f 6174 6660 6981
f 4316 5023 4206
f 6282 6174 6981
f 4206 4203 4316
f 6174 6282 6171
f 5025 5024 4698
f 6983 6662 6982
f 4698 5026 5025
f 6662 6983 6984
f 4383 5027 4377
f 6348 6342 6985
f 4377 4378 4383
f 6342 6348 6343
f 4376 4377 5028
f 6341 6986 6342
f 5028 5022 4376
f 6986 6341 6980
f 4826 5754 4643
f 6789 6607 7638
f 4643 4655 4826
f 6607 6789 6619
f 5757 4654 4655
f 7641 6619 6618
f 4655 4643 5757
f 6619 7641 6607
f 4827 4785 5754
f 6790 7638 6749
f 5754 4826 4827
f 7638 6790 6789
f 4828 4787 4788
f 6791 6752 6751
f 4788 5758 4828
f 6752 6791 7642
f 5758 4788 4785
f 7642 6749 6752
f 4785 4827 5758
f 6749 7642 6790
f 4802 4833 4834
f 6765 6797 6796
f 4834 4801 4802
f 6797 6765 6764
f 4839 4807 5755
f 6802 7639 6770
f 5755 4838 4839
f 7639 6802 6801
f 4928 4812 4801
f 6886 6764 6775
f 4801 4834 4928
f 6764 6886 6797
f 4843 4814 4812
f 6806 6775 6777
f 4812 4928 4843
f 6775 6806 6886
f 4845 4817 4818
f 6808 6781 6780
f 4818 4841 4845
f 6781 6808 6804
f 4654 5757 4825
f 6618 6788 7641
f 4825 4846 4654
f 6788 6618 6809
f 4846 4825 4807
f 6809 6770 6788
f 4807 4839 4846
f 6770 6809 6802
f 4808 4831 4832
f 6771 6795 6794
f 4832 5756 4808
f 6795 6771 7640
f 5756 4832 4841
f 7640 6804 6795
f 4841 4818 5756
f 6804 7640 6781
f 4814 4843 4838
f 6777 6801 6806
f 4838 5755 4814
f 6801 6777 7639
f 3901 3919 4787
f 3901 6751 3919
f 4787 4828 3901
f 6751 3901 6791
f 4097 4094 4772
f 6071 6736 6068
f 4772 4773 4097
f 6736 6071 6737
f 5031 5030 5029
f 6989 6987 6988
f 5029 5032 5031
f 6987 6989 6990
f 5034 5033 4850
f 6992 6812 6991
f 4850 4851 5034
f 6812 6992 6813
f 5037 5036 5035
f 6995 6993 6994
f 5035 5038 5037
f 6993 6995 6996
f 5041 5040 5039
f 6999 6997 6998
f 5039 5030 5041
f 6997 6999 6988
f 5038 5035 5033
f 6996 6991 6993
f 5033 5034 5038
f 6991 6996 6992
f 5029 5042 5036
f 6987 6994 7000
f 5036 5037 5029
f 6994 6987 6995
f 5030 5039 5042
f 6988 7000 6997
f 5042 5029 5030
f 7000 6988 6987
f 5043 4396 4425
f 7001 6390 6361
f 4425 4422 5043
f 6390 7001 6387
f 4851 5045 5044
f 6813 7002 7003
f 5044 5034 4851
f 7002 6813 6992
f 5047 5046 5037
f 7005 6995 7004
f 5037 5038 5047
f 6995 7005 6996
f 5030 5031 5048
f 6988 7006 6989
f 5048 5041 5030
f 7006 6988 6999
f 5037 5046 5032
f 6995 6990 7004
f 5032 5029 5037
f 6990 6995 6987
f 5034 5044 5047
f 6992 7005 7002
f 5047 5038 5034
f 7005 6992 6996
f 4080 5031 5032
f 6054 6990 6989
f 5032 4129 4080
f 6990 6054 6097
f 5043 5027 4383
f 7001 6348 6985
f 4383 4396 5043
f 6348 7001 6361
f 3976 3977 4169
f 5953 6137 5954
f 4169 4178 3976
f 6137 5953 6146
f 5049 4168 3980
f 7007 5957 6136
f 3980 3981 5049
f 5957 7007 5958
f 4109 4673 5050
f 6078 7008 6637
f 5050 4108 4109
f 7008 6078 6077
f 4169 3977 3980
f 6137 5957 5954
f 3980 4168 4169
f 5957 6137 6136
f 4719 4704 4175
f 6683 6143 6668
f 4175 4722 4719
f 6143 6683 6686
f 4720 4718 4721
f 6684 6685 6682
f 4721 4672 4720
f 6685 6684 6636
f 5050 5049 3981
f 7008 5958 7007
f 3981 4108 5050
f 5958 7008 6077
f 4114 3954 3955
f 6083 5932 5931
f 3955 4085 4114
f 5932 6083 6059
f 4006 4003 4007
f 5983 5984 5980
f 4007 4008 4006
f 5984 5983 5985
f 3957 4291 4309
f 5934 6275 6257
f 4309 3956 3957
f 6275 5934 5933
f 4240 3958 3959
f 6207 5936 5935
f 3959 4102 4240
f 5936 6207 6073
f 4068 4069 4669
f 6042 6633 6043
f 4669 4063 4068
f 6633 6042 6037
f 4064 4626 4068
f 6038 6042 6590
f 4068 4063 4064
f 6042 6038 6037
f 5704 4626 4064
f 5704 6038 6590
f 4064 3893 5704
f 6038 5704 3893
f 4070 4067 3939
f 6044 5917 6041
f 3939 4681 4070
f 5917 6044 6645
f 4624 4070 4681
f 6588 6645 6044
f 4681 4116 4624
f 6645 6588 6085
f 4682 4624 4116
f 6646 6085 6588
f 4116 4114 4682
f 6085 6646 6083
f 4661 4061 4062
f 6625 6036 6035
f 4062 4660 4661
f 6036 6625 6624
f 4660 4062 4686
f 6624 6650 6036
f 4686 4877 4660
f 6650 6624 6835
f 4060 4061 4803
f 6034 6766 6035
f 4803 4804 4060
f 6766 6034 6767
f 4817 4802 4803
f 6780 6766 6765
f 4803 4816 4817
f 6766 6780 6779
f 4845 4833 4802
f 6808 6765 6796
f 4802 4817 4845
f 6765 6808 6780
f 4844 4836 4833
f 6807 6796 6799
f 4833 4845 4844
f 6796 6807 6808
f 5043 4422 5040
f 7001 6998 6387
f 5040 5041 5043
f 6998 7001 6999
f 5027 5043 5041
f 6985 6999 7001
f 5041 5048 5027
f 6999 6985 7006
f 4595 4596 5051
f 6559 7009 6560
f 5051 4917 4595
f 7009 6559 6875
f 5052 4607 4959
f 7010 6917 6571
f 4959 4915 5052
f 6917 7010 6873
f 4583 4968 4914
f 6547 6872 6926
f 4914 4586 4583
f 6872 6547 6550
f 5053 4592 4593
f 7011 6557 6556
f 4593 4986 5053
f 6557 7011 6944
f 5055 5054 4780
f 7013 6744 7012
f 4780 4908 5055
f 6744 7013 6866
f 4890 4779 5056
f 6848 7014 6743
f 5056 4925 4890
f 7014 6848 6883
f 5057 4924 5005
f 7015 6963 6882
f 5005 5058 5057
f 6963 7015 7016
f 5059 5015 4691
f 7017 6655 6973
f 4691 4690 5059
f 6655 7017 6654
f 5060 4896 5812
f 7018 7694 6854
f 5812 5061 5060
f 7694 7018 7019
f 4021 5027 5048
f 5996 7006 6985
f 5048 4081 4021
f 7006 5996 6055
f 3980 3977 3978
f 5957 5955 5954
f 3978 3979 3980
f 5955 5957 5956
f 3990 3987 3991
f 5967 5968 5964
f 3991 3992 3990
f 5968 5967 5969
f 4369 4283 4278
f 6334 6245 6250
f 4278 4318 4369
f 6245 6334 6284
f 4317 4279 4190
f 6283 6158 6246
f 4190 4187 4317
f 6158 6283 6155
f 4333 4702 4374
f 6299 6339 6666
f 4374 4332 4333
f 6339 6299 6298
f 4217 4224 3970
f 6184 5947 6191
f 3970 3967 4217
f 5947 6184 5944
f 3978 4031 4032
f 5955 6007 6006
f 4032 3979 3978
f 6007 5955 5956
f 5710 5701 4343
f 5710 6308 5701
f 4343 4349 5710
f 6308 5710 6314
f 4349 4343 3942
f 6314 5920 6308
f 3942 4348 4349
f 5920 6314 6313
f 3941 3942 4343
f 5919 6308 5920
f 4343 4341 3941
f 6308 5919 6307
f 4714 4694 4695
f 6678 6659 6658
f 4695 4715 4714
f 6659 6678 6679
f 5025 5026 4713
f 6983 6677 6984
f 4713 4716 5025
f 6677 6983 6680
f 5047 4017 4018
f 7005 5993 5992
f 4018 5046 5047
f 5993 7005 7004
f 4021 4022 4377
f 5996 6342 5997
f 4377 5027 4021
f 6342 5996 6985
f 5692 5728 5028
f 5692 6986 5728
f 5028 4023 5692
f 6986 5692 5998
f 5031 4080 4081
f 6989 6055 6054
f 4081 5048 5031
f 6055 6989 7006
f 5729 5062 4848
f 5729 6811 5062
f 4848 5045 5729
f 6811 5729 7003
f 5046 4018 4129
f 7004 6097 5993
f 4129 5032 5046
f 6097 7004 6990
f 5044 4252 4017
f 7002 5992 6219
f 4017 5047 5044
f 5992 7002 7005
f 5045 4848 4252
f 7003 6219 6811
f 4252 5044 5045
f 6219 7003 7002
f 4377 4022 4023
f 6342 5998 5997
f 4023 5028 4377
f 5998 6342 6986
f 4079 4080 4129
f 6053 6097 6054
f 4129 4126 4079
f 6097 6053 6094
f 4020 4021 4081
f 5995 6055 5996
f 4081 4078 4020
f 6055 5995 6052
f 5040 4096 4097
f 6998 6071 6070
f 4097 5039 5040
f 6071 6998 6997
f 4486 4094 4095
f 6450 6069 6068
f 4095 4489 4486
f 6069 6450 6453
f 4423 4494 4495
f 6388 6459 6458
f 4495 4422 4423
f 6459 6388 6387
f 4869 4492 4493
f 6827 6457 6456
f 4493 4868 4869
f 6457 6827 6826
f 5033 4758 4759
f 6991 6723 6722
f 4759 4850 5033
f 6723 6991 6812
f 4048 4756 4757
f 6023 6721 6720
f 4757 4047 4048
f 6721 6023 6022
f 5036 4762 4763
f 6994 6727 6726
f 4763 5035 5036
f 6727 6994 6993
f 4050 4760 4761
f 6025 6725 6724
f 4761 4049 4050
f 6725 6025 6024
f 4418 4766 4767
f 6383 6731 6730
f 4767 4421 4418
f 6731 6383 6386
f 4870 4764 4765
f 6828 6729 6728
f 4765 4888 4870
f 6729 6828 6846
f 5720 3920 4934
f 5720 6892 3920
f 4934 4042 5720
f 6892 5720 6017
f 5035 4763 4758
f 6993 6722 6727
f 4758 5033 5035
f 6722 6993 6991
f 4047 4757 4760
f 6022 6724 6721
f 4760 4050 4047
f 6724 6022 6025
f 4770 4771 4381
f 6734 6346 6735
f 4381 4041 4770
f 6346 6734 6016
f 4886 4768 4769
f 6844 6733 6732
f 4769 4885 4886
f 6733 6844 6843
f 5042 4773 4762
f 7000 6726 6737
f 4762 5036 5042
f 6726 7000 6994
f 4049 4761 4772
f 6024 6736 6725
f 4772 4139 4049
f 6736 6024 6107
f 4421 4767 4494
f 6386 6458 6731
f 4494 4423 4421
f 6458 6386 6388
f 4868 4493 4764
f 6826 6728 6457
f 4764 4870 4868
f 6728 6826 6828
f 4422 4495 4096
f 6387 6070 6459
f 4096 5040 4422
f 6070 6387 6998
f 4489 4095 4492
f 6453 6456 6069
f 4492 4869 4489
f 6456 6453 6827
f 4042 4934 4770
f 6017 6734 6892
f 4770 4041 4042
f 6734 6017 6016
f 4885 4769 4933
f 6843 6891 6733
f 4933 4936 4885
f 6891 6843 6894
f 4888 4765 4943
f 6846 6901 6729
f 4943 4957 4888
f 6901 6846 6915
f 4942 4766 4418
f 6900 6383 6730
f 4418 4439 4942
f 6383 6900 6404
f 4957 4943 4768
f 6915 6732 6901
f 4768 4886 4957
f 6732 6915 6844
f 4771 4942 4439
f 6735 6404 6900
f 4439 4381 4771
f 6404 6735 6346
f 5039 4097 4773
f 6997 6737 6071
f 4773 5042 5039
f 6737 6997 7000
f 4139 4772 4094
f 6107 6068 6736
f 4094 4486 4139
f 6068 6107 6450
f 4550 5759 5794
f 6514 7677 7643
f 5794 5063 4550
f 7677 6514 7020
f 4145 4146 5064
f 6113 7021 6114
f 5064 4875 4145
f 7021 6113 6833
f 4636 4485 4872
f 6600 6830 6449
f 4872 4822 4636
f 6830 6600 6785
f 4146 4634 4784
f 6114 6748 6598
f 4784 5064 4146
f 6748 6114 7021
f 3917 5065 4931
f 3917 6889 5065
f 4931 4893 3917
f 6889 3917 6851
f 4012 4848 5062
f 5987 5062 6811
f 5062 3896 4012
f 5062 5987 3896
f 4100 4010 4007
f 4100 5984 4010
f 4007 4102 4100
f 5984 4100 6073
f 4054 4936 5730
f 6028 5730 6894
f 5730 4053 4054
f 5730 6028 4053
f 5696 4152 4630
f 5696 6594 6120
f 4630 5066 5696
f 6594 5696 5066
f 4800 4790 4787
f 4800 6751 6754
f 4787 3919 4800
f 6751 4800 3919
f 5697 5722 4792
f 5697 6756 5722
f 4792 4153 5697
f 6756 5697 6121
f 5732 4263 4264
f 5732 6231 6230
f 4264 5731 5732
f 6231 5732 7637
f 3921 4045 4648
f 3921 6612 6020
f 4648 5733 3921
f 6612 3921 5733
f 5730 4936 4933
f 5730 6891 6894
f 4933 5734 5730
f 6891 5730 5734
f 4849 4850 4759
f 4849 6723 6812
f 4759 3903 4849
f 6723 4849 3903
f 4929 4930 5735
f 6887 5735 6888
f 5735 5736 4929
f 5735 6887 5736
f 5736 5760 5769
f 5736 7652 5760
f 5769 4929 5736
f 7652 5736 6887
f 4216 4217 3967
f 4216 5944 6184
f 3967 4285 4216
f 5944 4216 4285
f 4630 4263 5732
f 6594 5732 6230
f 5732 5066 4630
f 5732 6594 5066
f 3911 3964 4242
f 3911 6209 5941
f 4242 5737 3911
f 6209 3911 5737
f 4648 4261 3895
f 6612 3895 6228
f 3895 5733 4648
f 3895 6612 5733
f 5700 4309 4104
f 5700 6074 6275
f 4104 5694 5700
f 6074 5700 5694
f 5738 4808 4809
f 5738 6772 6771
f 4809 3904 5738
f 6772 5738 3904
f 5067 5061 5750
f 7022 5750 7019
f 5750 5751 5067
f 5750 7022 5751
f 5045 4851 3912
f 7003 3912 6813
f 3912 5729 5045
f 3912 7003 5729
f 5795 5070 5069
f 7678 7023 7024
f 5069 5794 5795
f 7023 7678 7677
f 5761 5753 5750
f 7644 5750 5753
f 5750 5061 5761
f 5750 7644 7019
f 5812 5764 5761
f 7694 7644 7647
f 5761 5061 5812
f 7644 7694 7019
f 4876 4877 4945
f 6834 6903 6835
f 4945 4941 4876
f 6903 6834 6899
f 4920 5004 5058
f 6878 7016 6962
f 5058 5005 4920
f 7016 6878 6963
f 4924 5057 5071
f 6882 7025 7015
f 5071 4923 4924
f 7025 6882 6881
f 4926 4632 4633
f 6884 6597 6596
f 4633 4921 4926
f 6597 6884 6879
f 5072 5004 4633
f 7026 6597 6962
f 4633 4549 5072
f 6597 7026 6513
f 5064 4949 4874
f 7021 6832 6907
f 4874 4875 5064
f 6832 7021 6833
f 4951 4949 5064
f 6909 7021 6907
f 5064 5073 4951
f 7021 6909 7027
f 5074 5811 5813
f 7028 7695 7693
f 5813 4953 5074
f 7695 7028 6911
f 4895 4952 4953
f 6853 6911 6910
f 4953 5813 4895
f 6911 6853 7695
f 4896 5060 4952
f 6854 6910 7018
f 4952 4895 4896
f 6910 6854 6853
f 4950 5075 5074
f 6908 7028 7029
f 5074 4947 4950
f 7028 6908 6905
f 5076 4871 4941
f 7030 6899 6829
f 4941 4954 5076
f 6899 7030 6912
f 4945 4877 4686
f 6903 6650 6835
f 4686 4944 4945
f 6650 6903 6902
f 4945 4946 4954
f 6903 6912 6904
f 4954 4941 4945
f 6912 6903 6899
f 5060 5076 4954
f 7018 6912 7030
f 4954 4952 5060
f 6912 7018 6910
f 4946 4947 5074
f 6904 7028 6905
f 5074 4953 4946
f 7028 6904 6911
f 5075 4950 4951
f 7029 6909 6908
f 4951 5071 5075
f 6909 7029 7025
f 4889 5073 5064
f 6847 7021 7027
f 5064 4784 4889
f 7021 6847 6748
f 4781 4778 4541
f 6745 6505 6742
f 4541 4542 4781
f 6505 6745 6506
f 4778 4889 4784
f 6742 6748 6847
f 4784 4541 4778
f 6748 6742 6505
f 4912 4910 4600
f 6870 6564 6868
f 4600 4599 4912
f 6564 6870 6563
f 4915 4913 4608
f 6873 6572 6871
f 4608 5052 4915
f 6572 6873 7010
f 4595 4917 4918
f 6559 6876 6875
f 4918 4898 4595
f 6876 6559 6856
f 4910 4919 4610
f 6868 6574 6877
f 4610 4600 4910
f 6574 6868 6564
f 4938 5077 4970
f 6896 6928 7031
f 4970 4937 4938
f 6928 6896 6895
f 4605 4958 4959
f 6569 6917 6916
f 4959 4607 4605
f 6917 6569 6571
f 4938 4939 4609
f 6896 6573 6897
f 4609 4960 4938
f 6573 6896 6918
f 4909 4961 4962
f 6867 6920 6919
f 4962 4908 4909
f 6920 6867 6866
f 4919 4963 4613
f 6877 6577 6921
f 4613 4610 4919
f 6577 6877 6574
f 4918 4912 4599
f 6876 6563 6870
f 4599 4898 4918
f 6563 6876 6856
f 4602 4585 4958
f 6566 6916 6549
f 4958 4963 4602
f 6916 6566 6921
f 5051 5079 5078
f 7009 7032 7033
f 5078 4966 5051
f 7032 7009 6924
f 4915 4959 4586
f 6873 6550 6917
f 4586 4914 4915
f 6550 6873 6872
f 5080 5055 4908
f 7034 6866 7013
f 4908 4962 5080
f 6866 7034 6920
f 4924 4925 5003
f 6882 6961 6883
f 5003 5005 4924
f 6961 6882 6963
f 5078 5079 5081
f 7032 7035 7033
f 5081 5082 5078
f 7035 7032 7036
f 5003 4925 5056
f 6961 7014 6883
f 5056 5002 5003
f 7014 6961 6960
f 5002 5056 5054
f 6960 7012 7014
f 5054 5083 5002
f 7012 6960 7037
f 4889 4890 4923
f 6847 6881 6848
f 4923 5073 4889
f 6881 6847 7027
f 4923 5071 4951
f 6881 6909 7025
f 4951 5073 4923
f 6909 6881 7027
f 5084 4830 4831
f 5084 6794 6793
f 4831 5739 5084
f 6794 5084 5739
f 5739 4831 4808
f 5739 6771 6794
f 4808 5738 5739
f 6771 5739 5738
f 5085 4564 4565
f 7038 6529 6528
f 4565 5086 5085
f 6529 7038 7039
f 4508 5088 5087
f 6472 7040 7041
f 5087 4507 4508
f 7040 6472 6471
f 4512 5090 5089
f 6476 7042 7043
f 5089 4511 4512
f 7042 6476 6475
f 4523 5092 5091
f 6487 7044 7045
f 5091 4522 4523
f 7044 6487 6486
f 5094 5093 4556
f 7047 6520 7046
f 4556 4557 5094
f 6520 7047 6521
f 4499 4500 4567
f 6463 6531 6464
f 4567 4568 4499
f 6531 6463 6532
f 4515 4516 4571
f 6479 6535 6480
f 4571 4572 4515
f 6535 6479 6536
f 4248 5096 5095
f 6215 7048 7049
f 5095 4247 4248
f 7048 6215 6214
f 4561 4558 4299
f 6525 6265 6522
f 4299 4300 4561
f 6265 6525 6266
f 4527 4528 4576
f 6491 6540 6492
f 4576 4577 4527
f 6540 6491 6541
f 4463 4464 5875
f 6428 7753 6429
f 5875 5874 4463
f 7753 6428 7752
f 4748 5100 5876
f 6712 7754 7053
f 5876 5867 4748
f 7754 6712 7745
f 5024 5025 5101
f 6982 7054 6983
f 5101 5102 5024
f 7054 6982 7055
f 4462 4753 4752
f 6427 6716 6717
f 4752 4461 4462
f 6716 6427 6426
f 5608 5820 5819
f 7560 7701 7702
f 5819 4448 5608
f 7701 7560 6413
f 5105 5878 5889
f 7058 7767 7756
f 5889 5106 5105
f 7767 7058 7059
f 5107 5880 5879
f 7060 7757 7758
f 5879 5108 5107
f 7757 7060 7061
f 4730 5825 5826
f 6694 7708 7707
f 5826 5009 4730
f 7708 6694 6967
f 4998 5009 5100
f 6956 7053 6967
f 5100 4748 4998
f 7053 6956 6712
f 4449 4450 4709
f 6414 6673 6415
f 4709 4706 4449
f 6673 6414 6670
f 4997 4998 4748
f 6955 6712 6956
f 4748 4749 4997
f 6712 6955 6713
f 5110 4723 4721
f 7063 6685 6687
f 4721 4722 5110
f 6685 7063 6686
f 4176 5110 4722
f 6144 6686 7063
f 4722 4175 4176
f 6686 6144 6143
f 5111 4664 4134
f 7064 6102 6628
f 4134 4135 5111
f 6102 7064 6103
f 5705 4029 4467
f 5705 6432 6004
f 4467 4468 5705
f 6432 5705 4468
f 4469 4253 4663
f 6433 6627 6220
f 4663 4471 4469
f 6627 6433 6435
f 4030 4253 4469
f 6005 6433 6220
f 4469 4473 4030
f 6433 6005 6437
f 4083 4084 4476
f 6057 6440 6058
f 4476 4475 4083
f 6440 6057 6439
f 4664 5111 4481
f 6628 6445 7064
f 4481 4479 4664
f 6445 6628 6443
f 4029 4030 4473
f 6004 6437 6005
f 4473 4467 4029
f 6437 6004 6432
f 5112 4712 4483
f 7065 6447 6676
f 4483 4482 5112
f 6447 7065 6446
f 5111 4083 4475
f 7064 6439 6057
f 4475 4481 5111
f 6439 7064 6445
f 4663 4664 4479
f 6627 6443 6628
f 4479 4471 4663
f 6443 6627 6435
f 4084 5112 4482
f 6058 6446 7065
f 4482 4476 4084
f 6446 6058 6440
f 4236 4237 4483
f 6203 6447 6204
f 4483 4710 4236
f 6447 6203 6674
f 3913 4236 4710
f 3913 6674 6203
f 4710 5708 3913
f 6674 3913 5708
f 4114 4085 4082
f 6083 6056 6059
f 4082 4682 4114
f 6056 6083 6646
f 4682 4082 4135
f 6646 6103 6056
f 4135 4136 4682
f 6103 6646 6104
f 3975 4705 4665
f 5952 6629 6669
f 4665 4254 3975
f 6629 5952 6221
f 3947 5691 5707
f 5924 5707 5691
f 5707 4711 3947
f 5707 5924 6675
f 3955 3952 4712
f 5932 6676 5929
f 4712 5112 3955
f 6676 5932 7065
f 4135 4082 4083
f 6103 6057 6056
f 4083 5111 4135
f 6057 6103 7064
f 4085 3955 5112
f 6059 7065 5932
f 5112 4084 4085
f 7065 6059 6058
f 4704 3976 4178
f 6668 6146 5953
f 4178 4175 4704
f 6146 6668 6143
f 4171 4173 4675
f 6139 6639 6141
f 4675 4170 4171
f 6639 6139 6138
f 4171 4168 5049
f 6139 7007 6136
f 5049 4172 4171
f 7007 6139 6140
f 4674 5113 4176
f 6638 6144 7066
f 4176 4177 4674
f 6144 6638 6145
f 4180 5050 4673
f 6148 6637 7008
f 4673 4179 4180
f 6637 6148 6147
f 4860 4182 4179
f 6821 6147 6150
f 4179 4671 4860
f 6147 6821 6635
f 5114 4860 4671
f 7067 6635 6821
f 4671 4723 5114
f 6635 7067 6687
f 4172 5049 5050
f 6140 7008 7007
f 5050 4180 4172
f 7008 6140 6148
f 5110 5115 5114
f 7063 7067 7068
f 5114 4723 5110
f 7067 7063 6687
f 5113 5115 5110
f 7066 7063 7068
f 5110 4176 5113
f 7063 7066 6144
f 4271 4270 4674
f 6238 6638 6237
f 4674 4675 4271
f 6638 6238 6639
f 4174 4862 4861
f 6142 6822 6823
f 4861 4173 4174
f 6822 6142 6141
f 4182 4273 4863
f 6150 6824 6240
f 4863 4181 4182
f 6824 6150 6149
f 4270 4680 5113
f 6237 7066 6644
f 5113 4674 4270
f 7066 6237 6638
f 4678 4679 5114
f 6642 7067 6643
f 5114 5115 4678
f 7067 6642 7068
f 4679 4272 4860
f 6643 6821 6239
f 4860 5114 4679
f 6821 6643 7067
f 4181 4863 4862
f 6149 6823 6824
f 4862 4174 4181
f 6823 6149 6142
f 4173 4861 4271
f 6141 6238 6822
f 4271 4675 4173
f 6238 6141 6639
f 4680 4678 5115
f 6644 7068 6642
f 5115 5113 4680
f 7068 6644 7066
f 5083 4596 4597
f 7037 6561 6560
f 4597 4775 5083
f 6561 7037 6739
f 5079 5051 4596
f 7033 6560 7009
f 4596 5083 5079
f 6560 7033 7037
f 5002 5083 4775
f 6960 6739 7037
f 4775 4776 5002
f 6739 6960 6740
f 4779 4780 5054
f 6743 7012 6744
f 5054 5056 4779
f 7012 6743 7014
f 5081 5079 5083
f 7035 7037 7033
f 5083 5054 5081
f 7037 7035 7012
f 5116 5078 5082
f 7069 7036 7032
f 5082 5117 5116
f 7036 7069 7070
f 5080 5053 5082
f 7034 7036 7011
f 5082 5081 5080
f 7036 7034 7035
f 5116 4965 4966
f 7069 6924 6923
f 4966 5078 5116
f 6924 7069 7032
f 5117 4976 4965
f 7070 6923 6934
f 4965 5116 5117
f 6923 7070 7069
f 4917 5051 4966
f 6875 6924 7009
f 4966 4916 4917
f 6924 6875 6874
f 4401 4402 4412
f 6366 6377 6367
f 4412 4411 4401
f 6377 6366 6376
f 4684 4417 4405
f 6648 6370 6382
f 4405 4406 4684
f 6370 6648 6371
f 4092 4409 4038
f 6066 6013 6374
f 4038 5118 4092
f 6013 6066 7071
f 4990 4993 4994
f 6948 6952 6951
f 4994 4996 4990
f 6952 6948 6954
f 4993 4990 4991
f 6951 6949 6948
f 4991 4992 4993
f 6949 6951 6950
f 4656 5706 3916
f 6620 3916 5706
f 3916 4649 4656
f 3916 6620 6613
f 4934 3920 5734
f 6892 5734 3920
f 5734 4933 4934
f 5734 6892 6891
f 5053 4986 5117
f 7011 7070 6944
f 5117 5082 5053
f 7070 7011 7036
f 5055 5080 5081
f 7013 7035 7034
f 5081 5054 5055
f 7035 7013 7012
f 5053 5080 4962
f 7011 6920 7034
f 4962 4592 5053
f 6920 7011 6556
f 4250 5120 5119
f 6217 7072 7073
f 5119 4249 4250
f 7072 6217 6216
f 5122 5121 4301
f 7075 6267 7074
f 4301 4298 5122
f 6267 7075 6264
f 5123 5085 5086
f 7076 7039 7038
f 5086 5124 5123
f 7039 7076 7077
f 5125 5093 5094
f 7078 7047 7046
f 5094 5126 5125
f 7047 7078 7079
f 5881 5870 4753
f 7759 6717 7748
f 4753 4462 5881
f 6717 7759 6427
f 5882 5873 5021
f 7760 6979 7751
f 5021 5128 5882
f 6979 7760 7081
f 4455 5871 5864
f 6420 7742 7749
f 5864 4454 4455
f 7742 6420 6419
f 4460 4457 5872
f 6425 7750 6422
f 5872 5866 4460
f 7750 6425 7744
f 5072 5129 5058
f 7026 7016 7082
f 5058 5004 5072
f 7016 7026 6962
f 4553 5057 5058
f 6517 7016 7015
f 5058 5129 4553
f 7016 6517 7082
f 5075 5071 5057
f 7029 7015 7025
f 5057 4553 5075
f 7015 7029 6517
f 5075 4553 5811
f 7029 7693 6517
f 5811 5074 5075
f 7693 7029 7028
f 4427 4426 5683
f 6392 7634 6391
f 5683 5684 4427
f 7634 6392 7635
f 4396 5685 5684
f 6361 7635 7636
f 5684 4425 4396
f 7635 6361 6390
f 4441 4582 4394
f 6406 6359 6546
f 4394 4395 4441
f 6359 6406 6360
f 4442 4407 4394
f 6407 6359 6372
f 4394 4582 4442
f 6359 6407 6546
f 4384 4400 4093
f 6349 6067 6365
f 4093 4579 4384
f 6067 6349 6543
f 5118 5130 4091
f 7071 6065 7083
f 4091 4092 5118
f 6065 7071 6066
f 4091 5130 5131
f 6065 7084 7083
f 5131 4431 4091
f 7084 6065 6396
f 4431 5131 5132
f 6396 7085 7084
f 5132 4443 4431
f 7085 6396 6408
f 5130 5118 4038
f 7083 6013 7071
f 4038 4039 5130
f 6013 7083 6014
f 4432 5131 5130
f 6397 7083 7084
f 5130 4039 4432
f 7083 6397 6014
f 4444 5132 5131
f 6409 7084 7085
f 5131 4432 4444
f 7084 6409 6397
f 4412 4413 4437
f 6377 6402 6378
f 4437 4955 4412
f 6402 6377 6913
f 4403 4581 4436
f 6368 6401 6545
f 4436 4413 4403
f 6401 6368 6378
f 4581 4404 4414
f 6545 6379 6369
f 4414 4436 4581
f 6379 6545 6401
f 5076 5060 5061
f 7030 7019 7018
f 5061 5067 5076
f 7019 7030 7022
f 4871 5076 5067
f 6829 7022 7030
f 5067 5006 4871
f 7022 6829 6964
f 4607 5052 4537
f 6571 6501 7010
f 4537 4538 4607
f 6501 6571 6502
f 5052 4608 4532
f 7010 6496 6572
f 4532 4537 5052
f 6496 7010 6501
f 4606 4612 4613
f 6570 6577 6576
f 4613 4605 4606
f 6577 6570 6569
f 4589 4981 5077
f 6553 7031 6939
f 5077 4588 4589
f 7031 6553 6552
f 5077 4938 4960
f 7031 6918 6896
f 4960 4588 5077
f 6918 7031 6552
f 4589 4590 4983
f 6553 6941 6554
f 4983 4980 4589
f 6941 6553 6938
f 4609 4608 4913
f 6573 6871 6572
f 4913 4960 4609
f 6871 6573 6918
f 4609 4939 4539
f 6573 6503 6897
f 4539 4531 4609
f 6503 6573 6495
f 4981 4969 4970
f 6939 6928 6927
f 4970 5077 4981
f 6928 6939 7031
f 4939 4940 4542
f 6897 6506 6898
f 4542 4539 4939
f 6506 6897 6503
f 4961 4909 4940
f 6919 6898 6867
f 4940 4937 4961
f 6898 6919 6895
f 4981 4982 4979
f 6939 6937 6940
f 4979 4969 4981
f 6937 6939 6927
f 4591 4961 4937
f 6555 6895 6919
f 4937 4970 4591
f 6895 6555 6928
f 4909 4781 4542
f 6867 6506 6745
f 4542 4940 4909
f 6506 6867 6898
f 4986 4985 4976
f 6944 6934 6943
f 4976 5117 4986
f 6934 6944 7070
f 5065 5133 4932
f 5065 6890 5133
f 4932 4931 5065
f 6890 5065 6889
f 5028 5728 5727
f 6986 5727 5728
f 5727 5022 5028
f 5727 6986 6980
f 4045 3921 5740
f 6020 5740 3921
f 5740 4048 4045
f 5740 6020 6023
f 4756 5741 3903
f 6720 3903 5741
f 3903 4759 4756
f 3903 6720 6723
f 4048 5740 5741
f 6023 5741 5740
f 5741 4756 4048
f 5741 6023 6720
f 4935 4903 5724
f 6893 5724 6861
f 5724 5742 4935
f 5724 6893 5742
f 4935 5742 5743
f 6893 5743 5742
f 5743 4900 4935
f 5743 6893 6858
f 4899 4900 5743
f 6857 5743 6858
f 5743 3922 4899
f 5743 6857 3922
f 4894 4899 3922
f 6852 3922 6857
f 3922 3902 4894
f 3922 6852 3902
f 3999 5744 5737
f 5976 5737 5744
f 5737 4242 3999
f 5737 5976 6209
f 3999 4000 4854
f 5976 4854 5977
f 4854 5744 3999
f 4854 5976 5744
f 4512 4509 4527
f 6476 6491 6473
f 4527 4577 4512
f 6491 6476 6541
f 4509 4520 4530
f 6473 6494 6484
f 4530 4527 4509
f 6494 6473 6491
f 5134 5090 4574
f 7086 6538 7043
f 4574 5135 5134
f 6538 7086 7087
f 5090 4512 4577
f 7043 6541 6476
f 4577 4574 5090
f 6541 7043 6538
f 4506 4503 4518
f 6470 6482 6467
f 4518 4515 4506
f 6482 6470 6479
f 4515 4572 4508
f 6479 6472 6536
f 4508 4506 4515
f 6472 6479 6470
f 5136 5088 4573
f 7088 6537 7041
f 4573 5137 5136
f 6537 7088 7089
f 4572 4573 5088
f 6536 7041 6537
f 5088 4508 4572
f 7041 6536 6472
f 5138 4697 5900
f 7090 7777 6661
f 5900 5017 5138
f 7777 7090 6975
f 4524 4526 4502
f 6488 6466 6490
f 4502 4499 4524
f 6466 6488 6463
f 4523 4524 4499
f 6487 6463 6488
f 4499 4568 4523
f 6463 6487 6532
f 5092 4523 4568
f 7045 6532 6487
f 4568 4569 5092
f 6532 7045 6533
f 5139 5138 5017
f 7091 6975 7090
f 5017 5140 5139
f 6975 7091 7092
f 5142 4699 5141
f 7094 7093 6663
f 5141 5143 5142
f 7093 7094 7095
f 5144 4498 4192
f 7096 6160 6462
f 4192 5145 5144
f 6160 7096 7097
f 5147 5146 5896
f 7099 7773 7098
f 5896 4689 5147
f 7773 7099 6653
f 5148 5146 5147
f 7100 7099 7098
f 5147 5149 5148
f 7099 7100 7101
f 4697 5138 5147
f 6661 7099 7090
f 5147 4689 4697
f 7099 6661 6653
f 4320 4562 4563
f 6286 6527 6526
f 4563 4319 4320
f 6527 6286 6285
f 5102 5101 5150
f 7055 7102 7054
f 5150 5151 5102
f 7102 7055 7103
f 5151 5153 5152
f 7103 7104 7105
f 5152 5102 5151
f 7104 7103 7055
f 5145 4192 4193
f 7097 6161 6160
f 4193 5016 5145
f 6161 7097 6974
f 5135 4574 4575
f 7087 6539 6538
f 4575 5142 5135
f 6539 7087 7094
f 5137 4573 4570
f 7089 6534 6537
f 4570 5148 5137
f 6534 7089 7100
f 5154 4569 4566
f 7106 6530 6533
f 4566 5139 5154
f 6530 7106 7091
f 5155 5154 5139
f 7107 7091 7106
f 5139 5140 5155
f 7091 7107 7092
f 5134 5143 5089
f 7086 7042 7095
f 5089 5090 5134
f 7042 7086 7043
f 5136 5149 5087
f 7088 7040 7101
f 5087 5088 5136
f 7040 7088 7041
f 5155 5140 5091
f 7107 7044 7092
f 5091 5092 5155
f 7044 7107 7045
f 5157 5156 5152
f 7109 7104 7108
f 5152 5153 5157
f 7104 7109 7105
f 5156 5159 5158
f 7108 7110 7111
f 5158 5152 5156
f 7110 7108 7104
f 5014 4856 4857
f 6972 6818 6817
f 4857 5160 5014
f 6818 6972 7112
f 4196 4690 4323
f 6164 6289 6654
f 4323 4195 4196
f 6289 6164 6163
f 4275 4697 4689
f 6242 6653 6661
f 4689 4274 4275
f 6653 6242 6241
f 4280 4692 4190
f 6247 6158 6656
f 4190 4279 4280
f 6158 6247 6246
f 4317 4187 4694
f 6283 6658 6155
f 4694 4316 4317
f 6658 6283 6282
f 4322 4688 5059
f 6288 7017 6652
f 5059 4321 4322
f 7017 6288 6287
f 4322 4212 4277
f 6288 6244 6180
f 4277 4274 4322
f 6244 6288 6241
f 4275 4276 4329
f 6242 6295 6243
f 4329 4696 4275
f 6295 6242 6660
f 4700 4336 4198
f 6664 6166 6302
f 4198 4195 4700
f 6166 6664 6163
f 4321 5059 4690
f 6287 6654 7017
f 4690 4196 4321
f 6654 6287 6164
f 4858 4859 4692
f 6819 6656 6820
f 4692 4280 4858
f 6656 6819 6247
f 4700 4324 4859
f 6664 6820 6290
f 4859 4858 4700
f 6820 6664 6819
f 4318 4278 4279
f 6284 6246 6245
f 4279 4317 4318
f 6246 6284 6283
f 5023 5026 4698
f 6981 6662 6984
f 4698 4696 5023
f 6662 6981 6660
f 5161 5018 5024
f 7113 6982 6976
f 5024 5102 5161
f 6982 7113 7055
f 5102 5152 5158
f 7055 7110 7104
f 5158 5161 5102
f 7110 7055 7113
f 4510 4511 4248
f 6474 6215 6475
f 4248 4249 4510
f 6215 6474 6216
f 4571 4516 4250
f 6535 6217 6480
f 4250 4247 4571
f 6217 6535 6214
f 4521 4522 4300
f 6485 6266 6486
f 4300 4301 4521
f 6266 6485 6267
f 5126 5094 4500
f 7079 6464 7047
f 4500 4501 5126
f 6464 7079 6465
f 5093 5125 4504
f 7046 6468 7078
f 4504 4505 5093
f 6468 7046 6469
f 4556 5093 4505
f 6520 6469 7046
f 4505 4507 4556
f 6469 6520 6471
f 5148 4570 5095
f 7100 7048 6534
f 5095 4514 5148
f 7048 7100 6478
f 5120 4250 4516
f 7073 6480 6217
f 4516 4517 5120
f 6480 7073 6481
f 4249 5119 4519
f 6216 6483 7072
f 4519 4510 4249
f 6483 6216 6474
f 4301 5121 4525
f 6267 6489 7074
f 4525 4521 4301
f 6489 6267 6485
f 4566 4567 4557
f 6530 6521 6531
f 4557 4554 4566
f 6521 6530 6518
f 4555 4556 4507
f 6519 6471 6520
f 4507 5087 4555
f 6471 6519 7040
f 5091 5140 4560
f 7044 6524 7092
f 4560 4561 5091
f 6524 7044 6525
f 5089 5143 4513
f 7042 6477 7095
f 4513 5096 5089
f 6477 7042 7049
f 4570 4571 4247
f 6534 6214 6535
f 4247 5095 4570
f 6214 6534 7048
f 5087 5149 5012
f 7040 6970 7101
f 5012 4555 5087
f 6970 7040 6519
f 5139 4566 4554
f 7091 6518 6530
f 4554 5013 5139
f 6518 7091 6971
f 4511 5089 5096
f 6475 7049 7042
f 5096 4248 4511
f 7049 6475 6215
f 4522 5091 4561
f 6486 6525 7044
f 4561 4300 4522
f 6525 6486 6266
f 4567 4500 5094
f 6531 7047 6464
f 5094 4557 4567
f 7047 6531 6521
f 4302 5142 4575
f 6268 6539 7094
f 4575 4305 4302
f 6539 6268 6271
f 5124 5086 4528
f 7077 6492 7039
f 4528 4529 5124
f 6492 7077 6493
f 4575 4576 4565
f 6539 6529 6540
f 4565 4305 4575
f 6529 6539 6271
f 4576 4528 5086
f 6540 7039 6492
f 5086 4565 4576
f 7039 6540 6529
f 5145 5016 4303
f 7097 6269 6974
f 4303 4304 5145
f 6269 7097 6270
f 4304 4564 5144
f 6270 7096 6528
f 5144 5145 4304
f 7096 6270 7097
f 5085 5123 4497
f 7038 6461 7076
f 4497 4498 5085
f 6461 7038 6462
f 4498 5144 4564
f 6462 6528 7096
f 4564 5085 4498
f 6528 6462 7038
f 5161 5158 4558
f 7113 6522 7110
f 4558 4559 5161
f 6522 7113 6523
f 5159 5156 4298
f 7111 6264 7108
f 4298 4299 5159
f 6264 7111 6265
f 5122 4298 5156
f 7075 7108 6264
f 5156 5157 5122
f 7108 7075 7109
f 5158 5159 4299
f 7110 6265 7111
f 4299 4558 5158
f 6265 7110 6522
f 4514 5894 5146
f 6478 7098 7771
f 5146 5148 4514
f 7098 6478 7100
f 4514 5095 5096
f 6478 7049 7048
f 5096 4513 4514
f 7049 6478 6477
f 4302 5817 4699
f 6268 6663 7699
f 4699 5142 4302
f 6663 6268 7094
f 5013 5816 5138
f 6971 7090 7698
f 5138 5139 5013
f 7090 6971 7091
f 5012 5013 4554
f 6970 6518 6971
f 4554 4555 5012
f 6518 6970 6519
f 5017 5898 4560
f 6975 6524 7775
f 4560 5140 5017
f 6524 6975 7092
f 5161 4559 5899
f 7113 7776 6523
f 5899 5018 5161
f 7776 7113 6976
f 4689 5896 5897
f 6653 7774 7773
f 5897 4688 4689
f 7774 6653 6652
f 4699 4688 5897
f 6663 7774 6652
f 5897 5141 4699
f 7774 6663 7093
f 5018 5017 5900
f 6976 7777 6975
f 5900 5901 5018
f 7777 6976 7778
f 5024 5018 5901
f 6982 7778 6976
f 5901 4698 5024
f 7778 6982 6662
f 5135 5142 5143
f 7087 7095 7094
f 5143 5134 5135
f 7095 7087 7086
f 5137 5148 5149
f 7089 7101 7100
f 5149 5136 5137
f 7101 7089 7088
f 5092 4569 5154
f 7045 7106 6533
f 5154 5155 5092
f 7106 7045 7107
f 5153 5151 5162
f 7105 7114 7103
f 5162 5163 5153
f 7114 7105 7115
f 5165 5164 4562
f 7117 6526 7116
f 4562 4320 5165
f 6526 7117 6286
f 5150 5167 5166
f 7102 7118 7119
f 5166 5168 5150
f 7118 7102 7120
f 5171 5170 5169
f 7123 7121 7122
f 5169 5172 5171
f 7121 7123 7124
f 4501 4502 5173
f 6465 7125 6466
f 5173 5174 4501
f 7125 6465 7126
f 4503 4504 5175
f 6467 7127 6468
f 5175 5176 4503
f 7127 6467 7128
f 5125 5126 5177
f 7078 7129 7079
f 5177 5178 5125
f 7129 7078 7130
f 5180 5179 4517
f 7132 6481 7131
f 4517 4518 5180
f 6481 7132 6482
f 5182 5181 4520
f 7134 6484 7133
f 4520 4519 5182
f 6484 7134 6483
f 5184 5183 5119
f 7136 7072 7135
f 5119 5120 5184
f 7072 7136 7073
f 5186 5185 5123
f 7138 7076 7137
f 5123 5124 5186
f 7076 7138 7077
f 5188 5187 4857
f 7140 6818 7139
f 4857 4185 5188
f 6818 7140 6153
f 5160 4857 5187
f 7112 7139 6818
f 5187 5189 5160
f 7139 7112 7141
f 5190 5188 4185
f 7142 6153 7140
f 4185 4186 5190
f 6153 7142 6154
f 5121 5122 5191
f 7074 7143 7075
f 5191 5192 5121
f 7143 7074 7144
f 5164 5190 4186
f 7116 6154 7142
f 4186 4562 5164
f 6154 7116 6526
f 5176 5180 4518
f 7128 6482 7132
f 4518 4503 5176
f 6482 7128 6467
f 5193 5165 4320
f 7145 6286 7117
f 4320 4194 5193
f 6286 7145 6162
f 5151 5150 5168
f 7103 7120 7102
f 5168 5162 5151
f 7120 7103 7114
f 5157 5153 5163
f 7109 7115 7105
f 5163 5198 5157
f 7115 7109 7150
f 5167 5160 5189
f 7119 7141 7112
f 5189 5166 5167
f 7141 7119 7118
f 4194 4191 5194
f 6162 7146 6159
f 5194 5193 4194
f 7146 6162 7145
f 5174 5177 5126
f 7126 7079 7129
f 5126 4501 5174
f 7079 7126 6465
f 5178 5175 4504
f 7130 6468 7127
f 4504 5125 5178
f 6468 7130 7078
f 5179 5184 5120
f 7131 7073 7136
f 5120 4517 5179
f 7073 7131 6481
f 5183 5182 4519
f 7135 6483 7134
f 4519 5119 5183
f 6483 7135 7072
f 5192 4526 4525
f 7144 6489 6490
f 4525 5121 5192
f 6489 7144 7074
f 5196 5185 5195
f 7148 7147 7137
f 5195 5197 5196
f 7147 7148 7149
f 5122 5157 5198
f 7075 7150 7109
f 5198 5191 5122
f 7150 7075 7143
f 5199 5202 5201
f 7151 7153 7154
f 5201 5200 5199
f 7153 7151 7152
f 5201 5202 5203
f 7153 7155 7154
f 5203 5204 5201
f 7155 7153 7156
f 5204 5203 5205
f 7156 7157 7155
f 5205 5206 5204
f 7157 7156 7158
f 5206 5205 5207
f 7158 7159 7157
f 5207 5208 5206
f 7159 7158 7160
f 5208 5207 5209
f 7160 7161 7159
f 5209 5210 5208
f 7161 7160 7162
f 5210 5209 5211
f 7162 7163 7161
f 5211 5212 5210
f 7163 7162 7164
f 5212 5211 5213
f 7164 7165 7163
f 5213 5214 5212
f 7165 7164 7166
f 5214 5213 5215
f 7166 7167 7165
f 5215 5216 5214
f 7167 7166 7168
f 5216 5215 5217
f 7168 7169 7167
f 5217 5218 5216
f 7169 7168 7170
f 5217 5220 5219
f 7169 7171 7172
f 5219 5218 5217
f 7171 7169 7170
f 5223 5222 5221
f 7175 7173 7174
f 5221 5224 5223
f 7173 7175 7176
f 5227 5226 5225
f 7179 7177 7178
f 5225 5228 5227
f 7177 7179 7180
f 5228 5225 5229
f 7180 7181 7177
f 5229 5230 5228
f 7181 7180 7182
f 5230 5229 5231
f 7182 7183 7181
f 5231 5232 5230
f 7183 7182 7184
f 5232 5231 5233
f 7184 7185 7183
f 5233 5234 5232
f 7185 7184 7186
f 5234 5233 5235
f 7186 7187 7185
f 5235 5236 5234
f 7187 7186 7188
f 5236 5235 5237
f 7188 7189 7187
f 5237 5238 5236
f 7189 7188 7190
f 5238 5237 5239
f 7190 7191 7189
f 5239 5240 5238
f 7191 7190 7192
f 5240 5239 5241
f 7192 7193 7191
f 5241 5242 5240
f 7193 7192 7194
f 5244 5243 5242
f 7196 7194 7195
f 5242 5241 5244
f 7194 7196 7193
f 5244 5246 5245
f 7196 7197 7198
f 5245 5243 5244
f 7197 7196 7195
f 5199 5200 5245
f 7151 7197 7152
f 5245 5246 5199
f 7197 7151 7198
f 5249 5248 5247
f 7201 7199 7200
f 5247 5250 5249
f 7199 7201 7202
f 5250 5247 5251
f 7202 7203 7199
f 5251 5252 5250
f 7203 7202 7204
f 5252 5251 5253
f 7204 7205 7203
f 5253 5254 5252
f 7205 7204 7206
f 5254 5253 5255
f 7206 7207 7205
f 5255 5256 5254
f 7207 7206 7208
f 5256 5255 5257
f 7208 7209 7207
f 5257 5258 5256
f 7209 7208 7210
f 5258 5257 5259
f 7210 7211 7209
f 5259 5195 5258
f 7211 7210 7147
f 5195 5259 5260
f 7147 7212 7211
f 5260 5197 5195
f 7212 7147 7149
f 5197 5260 5261
f 7149 7213 7212
f 5261 5169 5197
f 7213 7149 7121
f 5169 5261 5262
f 7121 7214 7213
f 5262 5172 5169
f 7214 7121 7124
f 5172 5262 5248
f 7124 7200 7214
f 5248 5249 5172
f 7200 7124 7201
f 5265 5264 5263
f 7217 7215 7216
f 5263 5266 5265
f 7215 7217 7218
f 5266 5263 5267
f 7218 7219 7215
f 5267 5268 5266
f 7219 7218 7220
f 5267 5270 5269
f 7219 7221 7222
f 5269 5268 5267
f 7221 7219 7220
f 5269 5270 5271
f 7221 7223 7222
f 5271 5272 5269
f 7223 7221 7224
f 5272 5271 5273
f 7224 7225 7223
f 5273 5274 5272
f 7225 7224 7226
f 5274 5273 5275
f 7226 7227 7225
f 5275 5276 5274
f 7227 7226 7228
f 5276 5275 5277
f 7228 7229 7227
f 5277 5278 5276
f 7229 7228 7230
f 5277 5280 5279
f 7229 7231 7232
f 5279 5278 5277
f 7231 7229 7230
f 5279 5280 5281
f 7231 7233 7232
f 5281 5282 5279
f 7233 7231 7234
f 5282 5281 5264
f 7234 7216 7233
f 5264 5265 5282
f 7216 7234 7217
f 5285 5284 5283
f 7237 7235 7236
f 5283 5286 5285
f 7235 7237 7238
f 5287 5173 5286
f 7239 7238 7125
f 5286 5283 5287
f 7238 7239 7235
f 5173 5287 5288
f 7125 7240 7239
f 5288 5174 5173
f 7240 7125 7126
f 5174 5288 5289
f 7126 7241 7240
f 5289 5177 5174
f 7241 7126 7129
f 5177 5289 5290
f 7129 7242 7241
f 5290 5178 5177
f 7242 7129 7130
f 5290 5291 5175
f 7242 7127 7243
f 5175 5178 5290
f 7127 7242 7130
f 5176 5293 5292
f 7128 7244 7245
f 5292 5294 5176
f 7244 7128 7246
f 5294 5292 5295
f 7246 7247 7244
f 5295 5296 5294
f 7247 7246 7248
f 5296 5295 5284
f 7248 7236 7247
f 5284 5285 5296
f 7236 7248 7237
f 5299 5298 5297
f 7251 7249 7250
f 5297 5300 5299
f 7249 7251 7252
f 5300 5297 5301
f 7252 7253 7249
f 5301 5302 5300
f 7253 7252 7254
f 5302 5301 5303
f 7254 7255 7253
f 5303 5304 5302
f 7255 7254 7256
f 5304 5303 5305
f 7256 7257 7255
f 5305 5306 5304
f 7257 7256 7258
f 5309 5308 5307
f 7261 7259 7260
f 5307 5310 5309
f 7259 7261 7262
f 5310 5307 5311
f 7262 7263 7259
f 5311 5312 5310
f 7263 7262 7264
f 5312 5311 5313
f 7264 7265 7263
f 5313 5314 5312
f 7265 7264 7266
f 5314 5313 5298
f 7266 7250 7265
f 5298 5299 5314
f 7250 7266 7251
f 5315 5283 5284
f 7267 7236 7235
f 5284 5316 5315
f 7236 7267 7268
f 5317 5287 5283
f 7269 7235 7239
f 5283 5315 5317
f 7235 7269 7267
f 5318 5288 5287
f 7270 7239 7240
f 5287 5317 5318
f 7239 7270 7269
f 5319 5289 5288
f 7271 7240 7241
f 5288 5318 5319
f 7240 7271 7270
f 5320 5290 5289
f 7272 7241 7242
f 5289 5319 5320
f 7241 7272 7271
f 5320 5321 5291
f 7272 7243 7273
f 5291 5290 5320
f 7243 7272 7242
f 5322 5292 5293
f 7274 7245 7244
f 5293 5323 5322
f 7245 7274 7275
f 5324 5295 5292
f 7276 7244 7247
f 5292 5322 5324
f 7244 7276 7274
f 5316 5284 5295
f 7268 7247 7236
f 5295 5324 5316
f 7247 7268 7276
f 5325 5297 5298
f 7277 7250 7249
f 5298 5326 5325
f 7250 7277 7278
f 5327 5301 5297
f 7279 7249 7253
f 5297 5325 5327
f 7249 7279 7277
f 5328 5303 5301
f 7280 7253 7255
f 5301 5327 5328
f 7253 7280 7279
f 5329 5305 5303
f 7281 7255 7257
f 5303 5328 5329
f 7255 7281 7280
f 5331 5330 5305
f 7283 7257 7282
f 5305 5329 5331
f 7257 7283 7281
f 5332 5308 5330
f 7284 7282 7260
f 5330 5331 5332
f 7282 7284 7283
f 5333 5307 5308
f 7285 7260 7259
f 5308 5332 5333
f 7260 7285 7284
f 5334 5311 5307
f 7286 7259 7263
f 5307 5333 5334
f 7259 7286 7285
f 5335 5313 5311
f 7287 7263 7265
f 5311 5334 5335
f 7263 7287 7286
f 5326 5298 5313
f 7278 7265 7250
f 5313 5335 5326
f 7265 7278 7287
f 5336 5263 5264
f 7288 7216 7215
f 5264 5337 5336
f 7216 7288 7289
f 5338 5267 5263
f 7290 7215 7219
f 5263 5336 5338
f 7215 7290 7288
f 5339 5270 5267
f 7291 7219 7222
f 5267 5338 5339
f 7219 7291 7290
f 5340 5271 5270
f 7292 7222 7223
f 5270 5339 5340
f 7222 7292 7291
f 5341 5273 5271
f 7293 7223 7225
f 5271 5340 5341
f 7223 7293 7292
f 5342 5275 5273
f 7294 7225 7227
f 5273 5341 5342
f 7225 7294 7293
f 5343 5277 5275
f 7295 7227 7229
f 5275 5342 5343
f 7227 7295 7294
f 5344 5280 5277
f 7296 7229 7232
f 5277 5343 5344
f 7229 7296 7295
f 5345 5281 5280
f 7297 7232 7233
f 5280 5344 5345
f 7232 7297 7296
f 5337 5264 5281
f 7289 7233 7216
f 5281 5345 5337
f 7233 7289 7297
f 5346 5247 5248
f 7298 7200 7199
f 5248 5347 5346
f 7200 7298 7299
f 5348 5251 5247
f 7300 7199 7203
f 5247 5346 5348
f 7199 7300 7298
f 5349 5253 5251
f 7301 7203 7205
f 5251 5348 5349
f 7203 7301 7300
f 5350 5255 5253
f 7302 7205 7207
f 5253 5349 5350
f 7205 7302 7301
f 5351 5257 5255
f 7303 7207 7209
f 5255 5350 5351
f 7207 7303 7302
f 5352 5259 5257
f 7304 7209 7211
f 5257 5351 5352
f 7209 7304 7303
f 5353 5260 5259
f 7305 7211 7212
f 5259 5352 5353
f 7211 7305 7304
f 5354 5261 5260
f 7306 7212 7213
f 5260 5353 5354
f 7212 7306 7305
f 5355 5262 5261
f 7307 7213 7214
f 5261 5354 5355
f 7213 7307 7306
f 5347 5248 5262
f 7299 7214 7200
f 5262 5355 5347
f 7214 7299 7307
f 5199 5637 5634
f 7151 7585 7588
f 5634 5202 5199
f 7585 7151 7154
f 5202 5634 5638
f 7154 7589 7585
f 5638 5203 5202
f 7589 7154 7155
f 5203 5638 5640
f 7155 7591 7589
f 5640 5205 5203
f 7591 7155 7157
f 5205 5640 5642
f 7157 7593 7591
f 5642 5207 5205
f 7593 7157 7159
f 5642 5644 5209
f 7593 7161 7595
f 5209 5207 5642
f 7161 7593 7159
f 5644 5646 5211
f 7595 7163 7597
f 5211 5209 5644
f 7163 7595 7161
f 5646 5648 5213
f 7597 7165 7599
f 5213 5211 5646
f 7165 7597 7163
f 5213 5648 5650
f 7165 7601 7599
f 5650 5215 5213
f 7601 7165 7167
f 5215 5650 5652
f 7167 7603 7601
f 5652 5217 5215
f 7603 7167 7169
f 5220 5217 5652
f 7172 7603 7169
f 5652 5654 5220
f 7603 7172 7605
f 5223 5659 5656
f 7175 7607 7610
f 5656 5222 5223
f 7607 7175 7174
f 5226 5663 5660
f 7178 7611 7614
f 5660 5225 5226
f 7611 7178 7177
f 5660 5664 5229
f 7611 7181 7615
f 5229 5225 5660
f 7181 7611 7177
f 5229 5664 5666
f 7181 7617 7615
f 5666 5231 5229
f 7617 7181 7183
f 5231 5666 5668
f 7183 7619 7617
f 5668 5233 5231
f 7619 7183 7185
f 5233 5668 5670
f 7185 7621 7619
f 5670 5235 5233
f 7621 7185 7187
f 5670 5672 5237
f 7621 7189 7623
f 5237 5235 5670
f 7189 7621 7187
f 5672 5674 5239
f 7623 7191 7625
f 5239 5237 5672
f 7191 7623 7189
f 5674 5676 5241
f 7625 7193 7627
f 5241 5239 5674
f 7193 7625 7191
f 5244 5241 5676
f 7196 7627 7193
f 5676 5678 5244
f 7627 7196 7629
f 5244 5678 5680
f 7196 7631 7629
f 5680 5246 5244
f 7631 7196 7198
f 5680 5637 5199
f 7631 7151 7588
f 5199 5246 5680
f 7151 7631 7198
f 5356 5317 5315
f 7308 7267 7269
f 5315 5316 5356
f 7267 7308 7268
f 5356 5316 5324
f 7308 7276 7268
f 5324 5322 5356
f 7276 7308 7274
f 5357 5341 5340
f 7309 7292 7293
f 5340 5339 5357
f 7292 7309 7291
f 5357 5343 5342
f 7309 7294 7295
f 5342 5341 5357
f 7294 7309 7293
f 5357 5345 5344
f 7309 7296 7297
f 5344 5343 5357
f 7296 7309 7295
f 5358 5327 5325
f 7310 7277 7279
f 5325 5326 5358
f 7277 7310 7278
f 5358 5329 5328
f 7310 7280 7281
f 5328 5327 5358
f 7280 7310 7279
f 5358 5332 5331
f 7310 7283 7284
f 5331 5329 5358
f 7283 7310 7281
f 5358 5334 5333
f 7310 7285 7286
f 5333 5332 5358
f 7285 7310 7284
f 5358 5326 5335
f 7310 7287 7278
f 5335 5334 5358
f 7287 7310 7286
f 5359 5348 5346
f 7311 7298 7300
f 5346 5347 5359
f 7298 7311 7299
f 5359 5350 5349
f 7311 7301 7302
f 5349 5348 5359
f 7301 7311 7300
f 5359 5352 5351
f 7311 7303 7304
f 5351 5350 5359
f 7303 7311 7302
f 5359 5354 5353
f 7311 7305 7306
f 5353 5352 5359
f 7305 7311 7304
f 5359 5347 5355
f 7311 7307 7299
f 5355 5354 5359
f 7307 7311 7306
f 5167 5361 5360
f 7119 7312 7313
f 5360 5362 5167
f 7312 7119 7314
f 5363 5160 5167
f 7315 7119 7112
f 5167 5362 5363
f 7119 7315 7314
f 5160 5363 5364
f 7112 7316 7315
f 5364 5014 5160
f 7316 7112 6972
f 5014 5364 5365
f 6972 7317 7316
f 5365 5366 5014
f 7317 6972 7318
f 5366 5365 5367
f 7318 7319 7317
f 5367 5368 5366
f 7319 7318 7320
f 5370 5369 5368
f 7322 7320 7321
f 5368 5367 5370
f 7320 7322 7319
f 5369 5370 5371
f 7321 7323 7322
f 5371 5372 5369
f 7323 7321 7324
f 5372 5371 5360
f 7324 7312 7323
f 5360 5361 5372
f 7312 7324 7313
f 5373 5364 5363
f 7325 7315 7316
f 5363 5374 5373
f 7315 7325 7326
f 5375 5365 5364
f 7327 7316 7317
f 5364 5373 5375
f 7316 7327 7325
f 5376 5367 5365
f 7328 7317 7319
f 5365 5375 5376
f 7317 7328 7327
f 5376 5377 5370
f 7328 7322 7329
f 5370 5367 5376
f 7322 7328 7319
f 5378 5371 5370
f 7330 7322 7323
f 5370 5377 5378
f 7322 7330 7329
f 5379 5360 5371
f 7331 7323 7312
f 5371 5378 5379
f 7323 7331 7330
f 5380 5373 5374
f 7332 7326 7325
f 5374 5381 5380
f 7326 7332 7333
f 5380 5376 5375
f 7332 7327 7328
f 5375 5373 5380
f 7327 7332 7325
f 5380 5378 5377
f 7332 7329 7330
f 5377 5376 5380
f 7329 7332 7328
f 5170 5196 5197
f 7122 7149 7148
f 5197 5169 5170
f 7149 7122 7121
f 5382 4191 4192
f 7334 6160 6159
f 4192 4496 5382
f 6160 7334 6460
f 5184 5179 5272
f 7136 7224 7131
f 5272 5274 5184
f 7224 7136 7226
f 5180 5269 5272
f 7132 7224 7221
f 5272 5179 5180
f 7224 7132 7131
f 5218 5285 5286
f 7170 7238 7237
f 5286 5216 5218
f 7238 7170 7168
f 5216 5310 5312
f 7168 7264 7262
f 5312 5214 5216
f 7264 7168 7166
f 5310 5216 5286
f 7262 7238 7168
f 5286 5309 5310
f 7238 7262 7261
f 5212 5214 5312
f 7164 7264 7166
f 5312 5314 5212
f 7264 7164 7266
f 5212 5314 5299
f 7164 7251 7266
f 5299 5210 5212
f 7251 7164 7162
f 5300 5163 5210
f 7252 7162 7115
f 5210 5299 5300
f 7162 7252 7251
f 5162 5168 5206
f 7114 7158 7120
f 5206 5208 5162
f 7158 7114 7160
f 5220 5223 5224
f 7172 7176 7175
f 5224 5219 5220
f 7176 7172 7171
f 5222 5226 5227
f 7174 7179 7178
f 5227 5221 5222
f 7179 7174 7173
f 5654 5659 5223
f 7605 7175 7610
f 5223 5220 5654
f 7175 7605 7172
f 5656 5663 5226
f 7607 7178 7614
f 5226 5222 5656
f 7178 7607 7174
f 5218 5219 5296
f 7170 7248 7171
f 5296 5285 5218
f 7248 7170 7237
f 5294 5296 5219
f 7246 7171 7248
f 5219 5224 5294
f 7171 7246 7176
f 5183 5184 5274
f 7135 7226 7136
f 5274 5276 5183
f 7226 7135 7228
f 5183 5276 5278
f 7135 7230 7228
f 5278 5182 5183
f 7230 7135 7134
f 5266 5221 5227
f 7218 7179 7173
f 5227 5265 5266
f 7179 7218 7217
f 5228 5254 5383
f 7180 7335 7206
f 5383 5227 5228
f 7335 7180 7179
f 4530 5256 5258
f 6494 7210 7208
f 5258 5186 4530
f 7210 6494 7138
f 5234 5249 5250
f 7186 7202 7201
f 5250 5232 5234
f 7202 7186 7184
f 5182 5278 5279
f 7134 7231 7230
f 5279 5181 5182
f 7231 7134 7133
f 5282 5383 5181
f 7234 7133 7335
f 5181 5279 5282
f 7133 7234 7231
f 5357 5336 5337
f 7309 7289 7288
f 5337 5345 5357
f 7289 7309 7297
f 5357 5339 5338
f 7309 7290 7291
f 5338 5336 5357
f 7290 7309 7288
f 5221 5266 5268
f 7173 7220 7218
f 5268 5384 5221
f 7220 7173 7336
f 5384 5268 5269
f 7336 7221 7220
f 5269 5180 5384
f 7221 7336 7132
f 5224 5221 5384
f 7176 7336 7173
f 5384 5294 5224
f 7336 7176 7246
f 5176 5294 5384
f 7128 7336 7246
f 5384 5180 5176
f 7336 7128 7132
f 5383 5282 5265
f 7335 7217 7234
f 5265 5227 5383
f 7217 7335 7179
f 5256 5181 5383
f 7208 7335 7133
f 5383 5254 5256
f 7335 7208 7206
f 5168 5166 5204
f 7120 7156 7118
f 5204 5206 5168
f 7156 7120 7158
f 5166 5189 5201
f 7118 7153 7141
f 5201 5204 5166
f 7153 7118 7156
f 4530 4520 5181
f 6494 7133 6484
f 5181 5256 4530
f 7133 6494 7208
f 5171 5382 4496
f 7123 6460 7334
f 4496 5170 5171
f 6460 7123 7122
f 5258 5195 5185
f 7210 7137 7147
f 5185 5186 5258
f 7137 7210 7138
f 4497 5123 5185
f 6461 7137 7076
f 5185 5196 4497
f 7137 6461 7148
f 4496 4497 5196
f 6460 7148 6461
f 5196 5170 4496
f 7148 6460 7122
f 5186 5124 4529
f 7138 6493 7077
f 4529 4530 5186
f 6493 7138 6494
f 5194 4191 5382
f 7146 7334 6159
f 5382 5171 5194
f 7334 7146 7123
f 5172 5249 5194
f 7124 7146 7201
f 5194 5171 5172
f 7146 7124 7123
f 5234 5236 5194
f 7186 7146 7188
f 5194 5249 5234
f 7146 7186 7201
f 5193 5194 5236
f 7145 7188 7146
f 5236 5238 5193
f 7188 7145 7190
f 5193 5238 5240
f 7145 7192 7190
f 5240 5165 5193
f 7192 7145 7117
f 5164 5165 5240
f 7116 7192 7117
f 5240 5242 5164
f 7192 7116 7194
f 5242 5243 5190
f 7194 7142 7195
f 5190 5164 5242
f 7142 7194 7116
f 5201 5189 5187
f 7153 7139 7141
f 5187 5200 5201
f 7139 7153 7152
f 5291 5293 5176
f 7243 7128 7245
f 5176 5175 5291
f 7128 7243 7127
f 5323 5293 5291
f 7275 7243 7245
f 5291 5321 5323
f 7243 7275 7273
f 5356 5322 5323
f 7308 7275 7274
f 5323 5321 5356
f 7275 7308 7273
f 5306 5305 5330
f 7258 7282 7257
f 5330 5385 5306
f 7282 7258 7337
f 5385 5330 5308
f 7337 7260 7282
f 5308 5309 5385
f 7260 7337 7261
f 5286 5173 5385
f 7238 7337 7125
f 5385 5309 5286
f 7337 7238 7261
f 5356 5321 5320
f 7308 7272 7273
f 5320 5319 5356
f 7272 7308 7271
f 5356 5319 5318
f 7308 7270 7271
f 5318 5317 5356
f 7270 7308 7269
f 4502 4526 5385
f 6466 7337 6490
f 5385 5173 4502
f 7337 6466 7125
f 4526 5192 5306
f 6490 7258 7144
f 5306 5385 4526
f 7258 6490 7337
f 5192 5191 5304
f 7144 7256 7143
f 5304 5306 5192
f 7256 7144 7258
f 5191 5198 5302
f 7143 7254 7150
f 5302 5304 5191
f 7254 7143 7256
f 5369 4716 4715
f 7321 6679 6680
f 4715 5368 5369
f 6679 7321 7320
f 5014 5366 4695
f 6972 6659 7318
f 4695 4188 5014
f 6659 6972 6156
f 5025 5372 5361
f 6983 7313 7324
f 5361 5101 5025
f 7313 6983 7054
f 5369 5372 5025
f 7321 6983 7324
f 5025 4716 5369
f 6983 7321 6680
f 5150 5101 5361
f 7102 7313 7054
f 5361 5167 5150
f 7313 7102 7119
f 4695 5366 5368
f 6659 7320 7318
f 5368 4715 4695
f 7320 6659 6679
f 5380 5381 5379
f 7332 7331 7333
f 5379 5378 5380
f 7331 7332 7330
f 5363 5362 5381
f 7315 7333 7314
f 5381 5374 5363
f 7333 7315 7326
f 5381 5362 5360
f 7333 7312 7314
f 5360 5379 5381
f 7312 7333 7331
f 5386 5389 5388
f 7338 7340 7341
f 5388 5387 5386
f 7340 7338 7339
f 5388 5389 5390
f 7340 7342 7341
f 5390 5391 5388
f 7342 7340 7343
f 5391 5390 5392
f 7343 7344 7342
f 5392 5393 5391
f 7344 7343 7345
f 5393 5392 5394
f 7345 7346 7344
f 5394 5395 5393
f 7346 7345 7347
f 5395 5394 5396
f 7347 7348 7346
f 5396 5397 5395
f 7348 7347 7349
f 5397 5396 5398
f 7349 7350 7348
f 5398 5399 5397
f 7350 7349 7351
f 5399 5398 5400
f 7351 7352 7350
f 5400 5401 5399
f 7352 7351 7353
f 5401 5400 5402
f 7353 7354 7352
f 5402 5403 5401
f 7354 7353 7355
f 5403 5402 5404
f 7355 7356 7354
f 5404 5405 5403
f 7356 7355 7357
f 5404 5407 5406
f 7356 7358 7359
f 5406 5405 5404
f 7358 7356 7357
f 5410 5409 5408
f 7362 7360 7361
f 5408 5411 5410
f 7360 7362 7363
f 5414 5413 5412
f 7366 7364 7365
f 5412 5415 5414
f 7364 7366 7367
f 5415 5412 5416
f 7367 7368 7364
f 5416 5417 5415
f 7368 7367 7369
f 5417 5416 5418
f 7369 7370 7368
f 5418 5419 5417
f 7370 7369 7371
f 5419 5418 5420
f 7371 7372 7370
f 5420 5421 5419
f 7372 7371 7373
f 5421 5420 5422
f 7373 7374 7372
f 5422 5423 5421
f 7374 7373 7375
f 5423 5422 5424
f 7375 7376 7374
f 5424 5425 5423
f 7376 7375 7377
f 5425 5424 5426
f 7377 7378 7376
f 5426 5427 5425
f 7378 7377 7379
f 5427 5426 5428
f 7379 7380 7378
f 5428 5429 5427
f 7380 7379 7381
f 5431 5430 5429
f 7383 7381 7382
f 5429 5428 5431
f 7381 7383 7380
f 5431 5433 5432
f 7383 7384 7385
f 5432 5430 5431
f 7384 7383 7382
f 5386 5387 5432
f 7338 7384 7339
f 5432 5433 5386
f 7384 7338 7385
f 5436 5435 5434
f 7388 7386 7387
f 5434 5437 5436
f 7386 7388 7389
f 5437 5434 5438
f 7389 7390 7386
f 5438 5439 5437
f 7390 7389 7391
f 5439 5438 5440
f 7391 7392 7390
f 5440 5441 5439
f 7392 7391 7393
f 5441 5440 5442
f 7393 7394 7392
f 5442 5443 5441
f 7394 7393 7395
f 5443 5442 5444
f 7395 7396 7394
f 5444 5445 5443
f 7396 7395 7397
f 5445 5444 5446
f 7397 7398 7396
f 5446 5447 5445
f 7398 7397 7399
f 5447 5446 5448
f 7399 7400 7398
f 5448 5449 5447
f 7400 7399 7401
f 5449 5448 5450
f 7401 7402 7400
f 5450 5451 5449
f 7402 7401 7403
f 5451 5450 5452
f 7403 7404 7402
f 5452 5453 5451
f 7404 7403 7405
f 5453 5452 5435
f 7405 7387 7404
f 5435 5436 5453
f 7387 7405 7388
f 5456 5455 5454
f 7408 7406 7407
f 5454 5457 5456
f 7406 7408 7409
f 5457 5454 5458
f 7409 7410 7406
f 5458 5459 5457
f 7410 7409 7411
f 5458 5461 5460
f 7410 7412 7413
f 5460 5459 5458
f 7412 7410 7411
f 5464 5463 5462
f 7416 7414 7415
f 5462 5465 5464
f 7414 7416 7417
f 5467 5466 5465
f 7419 7417 7418
f 5465 5462 5467
f 7417 7419 7414
f 5466 5467 5468
f 7418 7420 7419
f 5468 5469 5466
f 7420 7418 7421
f 5468 5471 5470
f 7420 7422 7423
f 5470 5469 5468
f 7422 7420 7421
f 5470 5471 5472
f 7422 7424 7423
f 5472 5473 5470
f 7424 7422 7425
f 5473 5472 5455
f 7425 7407 7424
f 5455 5456 5473
f 7407 7425 7408
f 5476 5475 5474
f 7428 7426 7427
f 5474 5477 5476
f 7426 7428 7429
f 5479 5478 5477
f 7431 7429 7430
f 5477 5474 5479
f 7429 7431 7426
f 5478 5479 5480
f 7430 7432 7431
f 5480 5481 5478
f 7432 7430 7433
f 5481 5480 5482
f 7433 7434 7432
f 5482 5483 5481
f 7434 7433 7435
f 5483 5482 5484
f 7435 7436 7434
f 5484 5485 5483
f 7436 7435 7437
f 5484 5487 5486
f 7436 7438 7439
f 5486 5485 5484
f 7438 7436 7437
f 5490 5489 5488
f 7442 7440 7441
f 5488 5491 5490
f 7440 7442 7443
f 5491 5488 5492
f 7443 7444 7440
f 5492 5493 5491
f 7444 7443 7445
f 5493 5492 5475
f 7445 7427 7444
f 5475 5476 5493
f 7427 7445 7428
f 5496 5495 5494
f 7448 7446 7447
f 5494 5497 5496
f 7446 7448 7449
f 5500 5499 5498
f 7452 7450 7451
f 5498 5501 5500
f 7450 7452 7453
f 5503 5502 5501
f 7455 7453 7454
f 5501 5498 5503
f 7453 7455 7450
f 5506 5505 5504
f 7458 7456 7457
f 5504 5507 5506
f 7456 7458 7459
f 5507 5504 5508
f 7459 7460 7456
f 5508 5509 5507
f 7460 7459 7461
f 5509 5508 5510
f 7461 7462 7460
f 5510 5511 5509
f 7462 7461 7463
f 5511 5510 5495
f 7463 7447 7462
f 5495 5496 5511
f 7447 7463 7448
f 5512 5474 5475
f 7464 7427 7426
f 5475 5513 5512
f 7427 7464 7465
f 5514 5479 5474
f 7466 7426 7431
f 5474 5512 5514
f 7426 7466 7464
f 5515 5480 5479
f 7467 7431 7432
f 5479 5514 5515
f 7431 7467 7466
f 5516 5482 5480
f 7468 7432 7434
f 5480 5515 5516
f 7432 7468 7467
f 5517 5484 5482
f 7469 7434 7436
f 5482 5516 5517
f 7434 7469 7468
f 5517 5518 5487
f 7469 7439 7470
f 5487 5484 5517
f 7439 7469 7436
f 5519 5488 5489
f 7471 7441 7440
f 5489 5520 5519
f 7441 7471 7472
f 5521 5492 5488
f 7473 7440 7444
f 5488 5519 5521
f 7440 7473 7471
f 5513 5475 5492
f 7465 7444 7427
f 5492 5521 5513
f 7444 7465 7473
f 5523 5522 5494
f 7475 7446 7474
f 5494 5495 5523
f 7446 7475 7447
f 5524 5498 5499
f 7476 7451 7450
f 5499 5525 5524
f 7451 7476 7477
f 5524 5526 5503
f 7476 7455 7478
f 5503 5498 5524
f 7455 7476 7450
f 5528 5527 5503
f 7480 7455 7479
f 5503 5526 5528
f 7455 7480 7478
f 5529 5505 5527
f 7481 7479 7457
f 5527 5528 5529
f 7479 7481 7480
f 5530 5504 5505
f 7482 7457 7456
f 5505 5529 5530
f 7457 7482 7481
f 5531 5508 5504
f 7483 7456 7460
f 5504 5530 5531
f 7456 7483 7482
f 5532 5510 5508
f 7484 7460 7462
f 5508 5531 5532
f 7460 7484 7483
f 5523 5495 5510
f 7475 7462 7447
f 5510 5532 5523
f 7462 7475 7484
f 5533 5454 5455
f 7485 7407 7406
f 5455 5534 5533
f 7407 7485 7486
f 5535 5458 5454
f 7487 7406 7410
f 5454 5533 5535
f 7406 7487 7485
f 5535 5536 5461
f 7487 7413 7488
f 5461 5458 5535
f 7413 7487 7410
f 5537 5462 5463
f 7489 7415 7414
f 5463 5538 5537
f 7415 7489 7490
f 5537 5539 5467
f 7489 7419 7491
f 5467 5462 5537
f 7419 7489 7414
f 5540 5468 5467
f 7492 7419 7420
f 5467 5539 5540
f 7419 7492 7491
f 5541 5471 5468
f 7493 7420 7423
f 5468 5540 5541
f 7420 7493 7492
f 5542 5472 5471
f 7494 7423 7424
f 5471 5541 5542
f 7423 7494 7493
f 5534 5455 5472
f 7486 7424 7407
f 5472 5542 5534
f 7424 7486 7494
f 5543 5434 5435
f 7495 7387 7386
f 5435 5544 5543
f 7387 7495 7496
f 5545 5438 5434
f 7497 7386 7390
f 5434 5543 5545
f 7386 7497 7495
f 5546 5440 5438
f 7498 7390 7392
f 5438 5545 5546
f 7390 7498 7497
f 5547 5442 5440
f 7499 7392 7394
f 5440 5546 5547
f 7392 7499 7498
f 5548 5444 5442
f 7500 7394 7396
f 5442 5547 5548
f 7394 7500 7499
f 5549 5446 5444
f 7501 7396 7398
f 5444 5548 5549
f 7396 7501 7500
f 5550 5448 5446
f 7502 7398 7400
f 5446 5549 5550
f 7398 7502 7501
f 5551 5450 5448
f 7503 7400 7402
f 5448 5550 5551
f 7400 7503 7502
f 5552 5452 5450
f 7504 7402 7404
f 5450 5551 5552
f 7402 7504 7503
f 5544 5435 5452
f 7496 7404 7387
f 5452 5552 5544
f 7404 7496 7504
f 5386 5554 5553
f 7338 7505 7506
f 5553 5389 5386
f 7505 7338 7341
f 5555 5390 5389
f 7507 7341 7342
f 5389 5553 5555
f 7341 7507 7505
f 5556 5392 5390
f 7508 7342 7344
f 5390 5555 5556
f 7342 7508 7507
f 5557 5394 5392
f 7509 7344 7346
f 5392 5556 5557
f 7344 7509 7508
f 5558 5396 5394
f 7510 7346 7348
f 5394 5557 5558
f 7346 7510 7509
f 5559 5398 5396
f 7511 7348 7350
f 5396 5558 5559
f 7348 7511 7510
f 5560 5400 5398
f 7512 7350 7352
f 5398 5559 5560
f 7350 7512 7511
f 5561 5402 5400
f 7513 7352 7354
f 5400 5560 5561
f 7352 7513 7512
f 5562 5404 5402
f 7514 7354 7356
f 5402 5561 5562
f 7354 7514 7513
f 5562 5563 5407
f 7514 7359 7515
f 5407 5404 5562
f 7359 7514 7356
f 5565 5564 5409
f 7517 7361 7516
f 5409 5410 5565
f 7361 7517 7362
f 5566 5412 5413
f 7518 7365 7364
f 5413 5567 5566
f 7365 7518 7519
f 5568 5416 5412
f 7520 7364 7368
f 5412 5566 5568
f 7364 7520 7518
f 5569 5418 5416
f 7521 7368 7370
f 5416 5568 5569
f 7368 7521 7520
f 5570 5420 5418
f 7522 7370 7372
f 5418 5569 5570
f 7370 7522 7521
f 5571 5422 5420
f 7523 7372 7374
f 5420 5570 5571
f 7372 7523 7522
f 5572 5424 5422
f 7524 7374 7376
f 5422 5571 5572
f 7374 7524 7523
f 5573 5426 5424
f 7525 7376 7378
f 5424 5572 5573
f 7376 7525 7524
f 5574 5428 5426
f 7526 7378 7380
f 5426 5573 5574
f 7378 7526 7525
f 5431 5428 5574
f 7383 7526 7380
f 5574 5575 5431
f 7526 7383 7527
f 5431 5575 5576
f 7383 7528 7527
f 5576 5433 5431
f 7528 7383 7385
f 5433 5576 5554
f 7385 7506 7528
f 5554 5386 5433
f 7506 7385 7338
f 5577 5514 5512
f 7529 7464 7466
f 5512 5513 5577
f 7464 7529 7465
f 5577 5513 5521
f 7529 7473 7465
f 5521 5519 5577
f 7473 7529 7471
f 5578 5542 5541
f 7530 7493 7494
f 5541 5540 5578
f 7493 7530 7492
f 5579 5525 5522
f 7531 7474 7477
f 5522 5523 5579
f 7474 7531 7475
f 5579 5529 5528
f 7531 7480 7481
f 5528 5526 5579
f 7480 7531 7478
f 5579 5531 5530
f 7531 7482 7483
f 5530 5529 5579
f 7482 7531 7481
f 5579 5523 5532
f 7531 7484 7475
f 5532 5531 5579
f 7484 7531 7483
f 5580 5545 5543
f 7532 7495 7497
f 5543 5544 5580
f 7495 7532 7496
f 5580 5547 5546
f 7532 7498 7499
f 5546 5545 5580
f 7498 7532 7497
f 5580 5549 5548
f 7532 7500 7501
f 5548 5547 5580
f 7500 7532 7499
f 5580 5551 5550
f 7532 7502 7503
f 5550 5549 5580
f 7502 7532 7501
f 5580 5544 5552
f 7532 7504 7496
f 5552 5551 5580
f 7504 7532 7503
f 5554 5582 5581
f 7506 7533 7534
f 5581 5553 5554
f 7533 7506 7505
f 5583 5555 5553
f 7535 7505 7507
f 5553 5581 5583
f 7505 7535 7533
f 5584 5556 5555
f 7536 7507 7508
f 5555 5583 5584
f 7507 7536 7535
f 5585 5557 5556
f 7537 7508 7509
f 5556 5584 5585
f 7508 7537 7536
f 5586 5558 5557
f 7538 7509 7510
f 5557 5585 5586
f 7509 7538 7537
f 5587 5559 5558
f 7539 7510 7511
f 5558 5586 5587
f 7510 7539 7538
f 5588 5560 5559
f 7540 7511 7512
f 5559 5587 5588
f 7511 7540 7539
f 5589 5561 5560
f 7541 7512 7513
f 5560 5588 5589
f 7512 7541 7540
f 5590 5562 5561
f 7542 7513 7514
f 5561 5589 5590
f 7513 7542 7541
f 5590 5591 5563
f 7542 7515 7543
f 5563 5562 5590
f 7515 7542 7514
f 5593 5592 5564
f 7545 7516 7544
f 5564 5565 5593
f 7516 7545 7517
f 5594 5566 5567
f 7546 7519 7518
f 5567 5595 5594
f 7519 7546 7547
f 5596 5568 5566
f 7548 7518 7520
f 5566 5594 5596
f 7518 7548 7546
f 5597 5569 5568
f 7549 7520 7521
f 5568 5596 5597
f 7520 7549 7548
f 5598 5570 5569
f 7550 7521 7522
f 5569 5597 5598
f 7521 7550 7549
f 5599 5571 5570
f 7551 7522 7523
f 5570 5598 5599
f 7522 7551 7550
f 5600 5572 5571
f 7552 7523 7524
f 5571 5599 5600
f 7523 7552 7551
f 5601 5573 5572
f 7553 7524 7525
f 5572 5600 5601
f 7524 7553 7552
f 5602 5574 5573
f 7554 7525 7526
f 5573 5601 5602
f 7525 7554 7553
f 5575 5574 5602
f 7527 7554 7526
f 5602 5603 5575
f 7554 7527 7555
f 5575 5603 5604
f 7527 7556 7555
f 5604 5576 5575
f 7556 7527 7528
f 5576 5604 5582
f 7528 7534 7556
f 5582 5554 5576
f 7534 7528 7506
f 5589 5588 5841
f 7541 7723 7540
f 5841 5590 5589
f 7723 7541 7542
f 5594 5595 5842
f 7546 7724 7547
f 5842 5596 5594
f 7724 7546 7548
f 5606 5584 5583
f 7558 7535 7536
f 5583 5581 5606
f 7535 7558 7533
f 5606 5586 5585
f 7558 7537 7538
f 5585 5584 5606
f 7537 7558 7536
f 5606 5588 5587
f 7558 7539 7540
f 5587 5586 5606
f 7539 7558 7538
f 5588 5606 5843
f 7540 7725 7558
f 5843 5841 5588
f 7725 7540 7723
f 5849 5598 5597
f 7731 7549 7550
f 5597 5596 5849
f 7549 7731 7548
f 5407 5410 5411
f 7359 7363 7362
f 5411 5406 5407
f 7363 7359 7358
f 5409 5413 5414
f 7361 7366 7365
f 5414 5408 5409
f 7366 7361 7360
f 5565 5410 5407
f 7517 7359 7362
f 5407 5563 5565
f 7359 7517 7515
f 5567 5413 5409
f 7519 7361 7365
f 5409 5564 5567
f 7361 7519 7516
f 5593 5565 5563
f 7545 7515 7517
f 5563 5591 5593
f 7515 7545 7543
f 5595 5567 5564
f 7547 7516 7519
f 5564 5592 5595
f 7516 7547 7544
f 5578 5533 5534
f 7530 7486 7485
f 5534 5542 5578
f 7486 7530 7494
f 5578 5536 5535
f 7530 7487 7488
f 5535 5533 5578
f 7487 7530 7485
f 5487 5489 5490
f 7439 7442 7441
f 5490 5486 5487
f 7442 7439 7438
f 5520 5489 5487
f 7472 7439 7441
f 5487 5518 5520
f 7439 7472 7470
f 5577 5519 5520
f 7529 7472 7471
f 5520 5518 5577
f 7472 7529 7470
f 5502 5503 5527
f 7454 7479 7455
f 5527 5607 5502
f 7479 7454 7559
f 5607 5527 5505
f 7559 7457 7479
f 5505 5506 5607
f 7457 7559 7458
f 5577 5518 5517
f 7529 7469 7470
f 5517 5516 5577
f 7469 7529 7468
f 5577 5516 5515
f 7529 7467 7468
f 5515 5514 5577
f 7467 7529 7466
f 4741 5443 5445
f 6705 7397 7395
f 5445 5021 4741
f 7397 6705 6979
f 5128 5021 5445
f 7081 7397 6979
f 5445 5447 5128
f 7397 7081 7399
f 5441 5443 5470
f 7393 7422 7395
f 5470 5473 5441
f 7422 7393 7425
f 5470 5443 4741
f 7422 6705 7395
f 4741 5469 5470
f 6705 7422 7421
f 4742 5466 5469
f 6706 7421 7418
f 5469 4741 4742
f 7421 6706 6705
f 5578 5540 5539
f 7530 7491 7492
f 5539 5537 5578
f 7491 7530 7489
f 4745 5464 5465
f 6709 7417 7416
f 5465 5019 4745
f 7417 6709 6977
f 5019 5465 5466
f 6977 7418 7417
f 5466 4742 5019
f 7418 6977 6706
f 5490 5464 4745
f 7442 6709 7416
f 4745 5486 5490
f 6709 7442 7438
f 4746 5485 5486
f 6710 7438 7437
f 5486 4745 4746
f 7438 6710 6709
f 5020 5483 5485
f 6978 7437 7435
f 5485 4746 5020
f 7437 6978 6710
f 5020 4754 5481
f 6978 7433 6718
f 5481 5483 5020
f 7433 6978 7435
f 4754 4755 5502
f 6718 7454 6719
f 5502 5607 4754
f 7454 6718 7559
f 5478 5481 4754
f 7430 6718 7433
f 4754 5607 5478
f 6718 7430 7559
f 5477 5478 5607
f 7429 7559 7430
f 5607 5506 5477
f 7559 7429 7458
f 5477 5506 5507
f 7429 7459 7458
f 5507 5476 5477
f 7459 7429 7428
f 5457 5408 5414
f 7409 7366 7360
f 5414 5456 5457
f 7366 7409 7408
f 5414 5415 5473
f 7366 7425 7367
f 5473 5456 5414
f 7425 7366 7408
f 5441 5473 5415
f 7393 7367 7425
f 5415 5439 5441
f 7367 7393 7391
f 5417 5437 5439
f 7369 7391 7389
f 5439 5415 5417
f 7391 7369 7367
f 5419 5436 5437
f 7371 7389 7388
f 5437 5417 5419
f 7389 7371 7369
f 4747 5099 5391
f 6711 7343 7052
f 5391 5393 4747
f 7343 6711 7345
f 5127 5501 5502
f 7080 7454 7453
f 5502 4755 5127
f 7454 7080 6719
f 5579 5526 5524
f 7531 7476 7478
f 5524 5525 5579
f 7476 7531 7477
f 5494 5499 5500
f 7446 7452 7451
f 5500 5497 5494
f 7452 7446 7449
f 5522 5525 5499
f 7474 7451 7477
f 5499 5494 5522
f 7451 7474 7446
f 4463 5874 5881
f 6428 7759 7752
f 5881 4462 4463
f 7759 6428 6427
f 5127 5097 5500
f 7080 7452 7050
f 5500 5501 5127
f 7452 7080 7453
f 4450 5861 5883
f 6415 7761 7739
f 5883 5608 4450
f 7761 6415 7560
f 4452 5862 5882
f 6417 7760 7740
f 5882 5128 4452
f 7760 6417 7081
f 5608 4446 4709
f 7560 6673 6411
f 4709 4450 5608
f 6673 7560 6415
f 5449 4452 5128
f 7401 7081 6417
f 5128 5447 5449
f 7081 7401 7399
f 5451 4451 4452
f 7403 6417 6416
f 4452 5449 5451
f 6417 7403 7401
f 4451 5451 5453
f 6416 7405 7403
f 5453 5609 4451
f 7405 6416 7561
f 5436 5419 5609
f 7388 7561 7371
f 5609 5453 5436
f 7561 7388 7405
f 5108 5879 5884
f 7061 7762 7757
f 5884 5610 5108
f 7762 7061 7562
f 4734 5880 5885
f 6698 7763 7758
f 5885 4731 4734
f 7763 6698 6695
f 4731 4729 4447
f 6695 6412 6693
f 4447 4734 4731
f 6412 6695 6698
f 5427 5108 5610
f 7379 7562 7061
f 5610 5425 5427
f 7562 7379 7377
f 5427 5429 5107
f 7379 7060 7381
f 5107 5108 5427
f 7060 7379 7061
f 5889 5885 5611
f 7767 7563 7763
f 5611 5106 5889
f 7563 7767 7059
f 5429 5106 5611
f 7381 7563 7059
f 5611 5107 5429
f 7563 7381 7060
f 5105 5106 5429
f 7058 7381 7059
f 5429 5430 5105
f 7381 7058 7382
f 5100 5823 5860
f 7053 7738 7705
f 5860 5876 5100
f 7738 7053 7754
f 5612 4269 5888
f 7564 7766 6236
f 5888 5886 5612
f 7766 7564 7764
f 5099 4268 5388
f 7052 7340 6235
f 5388 5391 5099
f 7340 7052 7343
f 4268 4269 5387
f 6235 7339 6236
f 5387 5388 4268
f 7339 6235 7340
f 5461 5463 5464
f 7413 7416 7415
f 5464 5460 5461
f 7416 7413 7412
f 5536 5538 5463
f 7488 7415 7490
f 5463 5461 5536
f 7415 7488 7413
f 5578 5537 5538
f 7530 7490 7489
f 5538 5536 5578
f 7490 7530 7488
f 5408 5457 5459
f 7360 7411 7409
f 5459 5411 5408
f 7411 7360 7363
f 5490 5491 5460
f 7442 7412 7443
f 5460 5464 5490
f 7412 7442 7416
f 5459 5460 5491
f 7411 7443 7412
f 5491 5411 5459
f 7443 7411 7363
f 5491 5493 5406
f 7443 7358 7445
f 5406 5411 5491
f 7358 7443 7363
f 5405 5406 5493
f 7357 7445 7358
f 5493 5476 5405
f 7445 7357 7428
f 5403 5405 5476
f 7355 7428 7357
f 5476 5507 5403
f 7428 7355 7459
f 5403 5507 5509
f 7355 7461 7459
f 5509 5401 5403
f 7461 7355 7353
f 5401 5509 5511
f 7353 7463 7461
f 5511 5399 5401
f 7463 7353 7351
f 5399 5511 5496
f 7351 7448 7463
f 5496 5397 5399
f 7448 7351 7349
f 5497 5500 5097
f 7449 7050 7452
f 5097 5098 5497
f 7050 7449 7051
f 5397 5496 5497
f 7349 7449 7448
f 5497 5098 5397
f 7449 7349 7051
f 4464 4749 5868
f 6429 7746 6713
f 5868 5875 4464
f 7746 6429 7753
f 4749 4464 4461
f 6713 6426 6429
f 4461 4997 4749
f 6426 6713 6955
f 5395 4750 4747
f 7347 6711 6714
f 4747 5393 5395
f 6711 7347 7345
f 4750 5395 5397
f 6714 7349 7347
f 5397 5098 4750
f 7349 6714 7051
f 5198 5163 5300
f 7150 7252 7115
f 5300 5302 5198
f 7252 7150 7254
f 5610 5884 5877
f 7562 7755 7762
f 5877 5103 5610
f 7755 7562 7056
f 5425 5610 5103
f 7377 7056 7562
f 5103 5423 5425
f 7056 7377 7375
f 5423 5103 5104
f 7375 7057 7056
f 5104 5421 5423
f 7057 7375 7373
f 5609 5419 5421
f 7561 7373 7371
f 5421 5104 5609
f 7373 7561 7057
f 4840 5613 5890
f 6803 7768 7565
f 5890 4844 4840
f 7768 6803 6807
f 4842 5615 5614
f 6805 7566 7567
f 5614 4837 4842
f 7566 6805 6800
f 4829 5616 5613
f 6792 7565 7568
f 5613 4840 4829
f 7565 6792 6803
f 4830 5617 5616
f 6793 7568 7569
f 5616 4829 4830
f 7568 6793 6792
f 4835 4836 5891
f 6798 7769 6799
f 5891 5618 4835
f 7769 6798 7570
f 4927 5619 5615
f 6885 7567 7571
f 5615 4842 4927
f 7567 6885 6805
f 4835 5618 5619
f 6798 7571 7570
f 5619 4927 4835
f 7571 6798 6885
f 5890 5891 4836
f 7768 6799 7769
f 4836 4844 5890
f 6799 7768 6807
f 5084 5745 5617
f 5084 7569 5745
f 5617 4830 5084
f 7569 5084 6793
f 4837 5614 4629
f 6800 6593 7566
f 4629 4823 4837
f 6593 6800 6786
f 4265 5621 5620
f 6232 7572 7573
f 5620 4264 4265
f 7572 6232 6231
f 4629 5614 5621
f 6593 7573 7566
f 5621 4265 4629
f 7573 6593 6232
f 4264 5620 5746
f 6231 5746 7572
f 5746 5731 4264
f 5746 6231 7637
f 5621 5623 5622
f 7573 7574 7575
f 5622 5620 5621
f 7574 7573 7572
f 5614 5615 5623
f 7566 7575 7567
f 5623 5621 5614
f 7575 7566 7573
f 5620 5622 5747
f 7572 5747 7574
f 5747 5746 5620
f 5747 7572 5746
f 5613 5624 5625
f 7565 7577 7576
f 5625 5618 5613
f 7577 7565 7570
f 5618 5625 5626
f 7570 7578 7577
f 5626 5619 5618
f 7578 7570 7571
f 5615 5619 5626
f 7567 7578 7571
f 5626 5623 5615
f 7578 7567 7575
f 5623 5626 5627
f 7575 7579 7578
f 5627 5622 5623
f 7579 7575 7574
f 5622 5627 5748
f 7574 5748 7579
f 5748 5747 5622
f 5748 7574 5747
f 5745 5629 5628
f 5745 7580 5629
f 5628 5617 5745
f 7580 5745 7569
f 5617 5628 5630
f 7569 7581 7580
f 5630 5616 5617
f 7581 7569 7568
f 5616 5630 5624
f 7568 7576 7581
f 5624 5613 5616
f 7576 7568 7565
f 5627 5626 5625
f 7579 7577 7578
f 5625 5624 5627
f 7577 7579 7576
f 5627 5631 5749
f 7579 5749 7582
f 5749 5748 5627
f 5749 7579 5748
f 5630 5628 5892
f 7581 7770 7580
f 5892 5631 5630
f 7770 7581 7582
f 5187 5188 5245
f 7139 7197 7140
f 5245 5200 5187
f 7197 7139 7152
f 5188 5190 5243
f 7140 7195 7142
f 5243 5245 5188
f 7195 7140 7197
f 5432 5612 5105
f 7384 7058 7564
f 5105 5430 5432
f 7058 7384 7382
f 5133 5735 4930
f 5133 6888 5735
f 4930 4932 5133
f 6888 5133 6890
f 4930 4548 4632
f 6888 6596 6512
f 4632 4932 4930
f 6596 6888 6890
f 5795 5776 5814
f 7678 7696 7659
f 5814 5070 5795
f 7696 7678 7024
f 4552 5632 5069
f 6516 7023 7583
f 5069 5070 4552
f 7023 6516 7024
f 5063 5794 5069
f 7020 7023 7677
f 5069 5633 5063
f 7023 7020 7584
f 4551 4552 5070
f 6515 7024 6516
f 5070 5814 4551
f 7024 6515 7696
f 5633 5129 5072
f 7584 7026 7082
f 5072 5063 5633
f 7026 7584 7020
f 4550 5063 5072
f 6514 7026 7020
f 5072 4549 4550
f 7026 6514 6513
f 5129 5633 5069
f 7082 7023 7584
f 5069 5632 5129
f 7023 7082 7583
f 4553 5129 5632
f 6517 7583 7082
f 5632 4552 4553
f 7583 6517 6516
f 3904 4809 4819
f 3904 6782 6772
f 4819 5068 3904
f 6782 3904 5068
f 5006 5067 5751
f 6964 5751 7022
f 5751 5752 5006
f 5751 6964 5752
f 4445 4416 4417
f 6410 6382 6381
f 4417 4684 4445
f 6382 6410 6648
f 4414 4404 4405
f 6379 6370 6369
f 4405 4417 4414
f 6370 6379 6382
f 4444 4445 4684
f 6409 6648 6410
f 4684 4683 4444
f 6648 6409 6647
f 4410 4037 4038
f 6375 6013 6012
f 4038 4409 4410
f 6013 6375 6374
f 4411 4257 4037
f 6376 6012 6224
f 4037 4410 4411
f 6012 6376 6375
f 4092 4093 4400
f 6066 6365 6067
f 4400 4409 4092
f 6365 6066 6374
f 4955 4257 4411
f 6913 6376 6224
f 4411 4412 4955
f 6376 6913 6377
f 4407 4442 4443
f 6372 6408 6407
f 4443 4683 4407
f 6408 6372 6647
f 4683 4443 5132
f 6647 7085 6408
f 5132 4444 4683
f 7085 6647 6409
f 5228 5230 5252
f 7180 7204 7182
f 5252 5254 5228
f 7204 7180 7206
f 5252 5230 5232
f 7204 7184 7182
f 5232 5250 5252
f 7184 7204 7202
f 5635 5634 5637
f 7586 7588 7585
f 5637 5636 5635
f 7588 7586 7587
f 5639 5638 5634
f 7590 7585 7589
f 5634 5635 5639
f 7585 7590 7586
f 5641 5640 5638
f 7592 7589 7591
f 5638 5639 5641
f 7589 7592 7590
f 5642 5640 5641
f 7593 7592 7591
f 5641 5643 5642
f 7592 7593 7594
f 5644 5642 5643
f 7595 7594 7593
f 5643 5645 5644
f 7594 7595 7596
f 5646 5644 5645
f 7597 7596 7595
f 5645 5647 5646
f 7596 7597 7598
f 5648 5646 5647
f 7599 7598 7597
f 5647 5649 5648
f 7598 7599 7600
f 5651 5650 5648
f 7602 7599 7601
f 5648 5649 5651
f 7599 7602 7600
f 5653 5652 5650
f 7604 7601 7603
f 5650 5651 5653
f 7601 7604 7602
f 5654 5652 5653
f 7605 7604 7603
f 5653 5655 5654
f 7604 7605 7606
f 5656 5659 5658
f 7607 7609 7610
f 5658 5657 5656
f 7609 7607 7608
f 5660 5663 5662
f 7611 7613 7614
f 5662 5661 5660
f 7613 7611 7612
f 5664 5660 5661
f 7615 7612 7611
f 5661 5665 5664
f 7612 7615 7616
f 5667 5666 5664
f 7618 7615 7617
f 5664 5665 5667
f 7615 7618 7616
f 5669 5668 5666
f 7620 7617 7619
f 5666 5667 5669
f 7617 7620 7618
f 5671 5670 5668
f 7622 7619 7621
f 5668 5669 5671
f 7619 7622 7620
f 5673 5672 5670
f 7624 7621 7623
f 5670 5671 5673
f 7621 7624 7622
f 5674 5672 5673
f 7625 7624 7623
f 5673 5675 5674
f 7624 7625 7626
f 5676 5674 5675
f 7627 7626 7625
f 5675 5677 5676
f 7626 7627 7628
f 5678 5676 5677
f 7629 7628 7627
f 5677 5679 5678
f 7628 7629 7630
f 5681 5680 5678
f 7632 7629 7631
f 5678 5679 5681
f 7629 7632 7630
f 5637 5680 5681
f 7588 7632 7631
f 5681 5636 5637
f 7632 7588 7587
f 5658 5659 5654
f 7609 7605 7610
f 5654 5655 5658
f 7605 7609 7606
f 5662 5663 5656
f 7613 7607 7614
f 5656 5657 5662
f 7607 7613 7608
f 5647 5635 5636
f 7598 7587 7586
f 5636 5649 5647
f 7587 7598 7600
f 5667 5665 5679
f 7618 7630 7616
f 5679 5677 5667
f 7630 7618 7628
f 5210 5163 5162
f 7162 7114 7115
f 5162 5208 5210
f 7114 7162 7160
f 5635 5647 5645
f 7586 7596 7598
f 5645 5639 5635
f 7596 7586 7590
f 5639 5645 5643
f 7590 7594 7596
f 5643 5641 5639
f 7594 7590 7592
f 5669 5667 5677
f 7620 7628 7618
f 5677 5675 5669
f 7628 7620 7626
f 5671 5669 5675
f 7622 7626 7620
f 5675 5673 5671
f 7626 7622 7624
f 5432 5387 4269
f 7384 6236 7339
f 4269 5612 5432
f 6236 7384 7564
f 5843 5582 5604
f 7725 7556 7534
f 5604 5845 5843
f 7556 7725 7727
f 5844 5849 5596
f 7726 7548 7731
f 5596 5842 5844
f 7548 7726 7724
f 4440 4995 4424
f 6405 6389 6953
f 4424 5683 4440
f 6389 6405 7634
f 4424 4425 5684
f 6389 7635 6390
f 5684 5683 4424
f 7635 6389 7634
f 5685 4397 4427
f 7636 6392 6362
f 4427 5684 5685
f 6392 7636 7635
f 4398 4408 4397
f 6363 6362 6373
f 4397 5685 4398
f 6362 6363 7636
f 4384 4579 4398
f 6349 6363 6543
f 4398 4383 4384
f 6363 6349 6348
f 4713 5026 5023
f 6677 6981 6984
f 5023 4714 4713
f 6981 6677 6678
f 4316 4694 4714
f 6282 6678 6658
f 4714 5023 4316
f 6678 6282 6981
f 5068 4819 5006
f 5068 6964 6782
f 5006 5752 5068
f 6964 5068 5752
f 5732 5731 5699
f 5732 5699 7637
f 5699 5731 5746
f 5699 5746 7637
f 5763 5762 5761
f 7646 7644 7645
f 5761 5764 5763
f 7644 7646 7647
f 5810 5765 5762
f 7692 7645 7648
f 5762 5763 5810
f 7645 7692 7646
f 5766 4896 4895
f 7649 6853 6854
f 4895 5767 5766
f 6853 7649 7650
f 5770 5763 5764
f 7653 7647 7646
f 5764 5771 5770
f 7647 7653 7654
f 5810 5763 5770
f 7692 7653 7646
f 5770 5772 5810
f 7653 7692 7655
f 5772 5774 5773
f 7655 7656 7657
f 5773 5810 5772
f 7656 7655 7692
f 5812 5775 5771
f 7694 7654 7658
f 5771 5764 5812
f 7654 7694 7647
f 5776 5773 5774
f 7659 7657 7656
f 5774 5777 5776
f 7657 7659 7660
f 5781 5780 5779
f 7664 7662 7663
f 5779 5778 5781
f 7662 7664 7661
f 5785 5784 5783
f 7668 7666 7667
f 5783 5782 5785
f 7666 7668 7665
f 5786 5787 5785
f 7669 7668 7670
f 5785 5782 5786
f 7668 7669 7665
f 5788 5791 5790
f 7671 7673 7674
f 5790 5789 5788
f 7673 7671 7672
f 5767 4895 5813
f 7650 7695 6853
f 5813 5792 5767
f 7695 7650 7675
f 5766 5793 5786
f 7649 7669 7676
f 5786 5775 5766
f 7669 7649 7658
f 5796 5795 5794
f 7679 7677 7678
f 5794 5759 5796
f 7677 7679 7643
f 5797 4551 5814
f 7680 7696 6515
f 5814 5798 5797
f 7696 7680 7681
f 5799 5792 5813
f 7682 7695 7675
f 5813 5811 5799
f 7695 7682 7693
f 5797 5799 5811
f 7680 7693 7682
f 5811 4551 5797
f 7693 7680 6515
f 5801 5800 5781
f 7684 7664 7683
f 5781 5778 5801
f 7664 7684 7661
f 5793 5766 5767
f 7676 7650 7649
f 5767 5802 5793
f 7650 7676 7685
f 5783 5770 5771
f 7666 7654 7653
f 5771 5782 5783
f 7654 7666 7665
f 5772 5770 5783
f 7655 7666 7653
f 5783 5803 5772
f 7666 7655 7686
f 5803 5788 5774
f 7686 7657 7671
f 5774 5772 5803
f 7657 7686 7655
f 5777 5774 5788
f 7660 7671 7657
f 5788 5789 5777
f 7671 7660 7672
f 5802 5767 5792
f 7685 7675 7650
f 5792 5779 5802
f 7675 7685 7662
f 4896 5766 5775
f 6854 7658 7649
f 5775 5812 4896
f 7658 6854 7694
f 5789 5804 5798
f 7672 7681 7687
f 5798 5777 5789
f 7681 7672 7660
f 5799 5778 5779
f 7682 7662 7661
f 5779 5792 5799
f 7662 7682 7675
f 5799 5797 5801
f 7682 7684 7680
f 5801 5778 5799
f 7684 7682 7661
f 5775 5786 5782
f 7658 7665 7669
f 5782 5771 5775
f 7665 7658 7654
f 5793 5805 5787
f 7676 7670 7688
f 5787 5786 5793
f 7670 7676 7669
f 5802 5806 5805
f 7685 7688 7689
f 5805 5793 5802
f 7688 7685 7676
f 5784 5807 5803
f 7667 7686 7690
f 5803 5783 5784
f 7686 7667 7666
f 5807 5791 5788
f 7690 7671 7674
f 5788 5803 5807
f 7671 7690 7686
f 5790 5808 5804
f 7673 7687 7691
f 5804 5789 5790
f 7687 7673 7672
f 5802 5779 5780
f 7685 7663 7662
f 5780 5806 5802
f 7663 7685 7689
f 5808 5780 5781
f 7691 7664 7663
f 5781 5800 5808
f 7664 7691 7683
f 5791 5805 5806
f 7674 7689 7688
f 5806 5790 5791
f 7689 7674 7673
f 5785 5787 5807
f 7668 7690 7670
f 5807 5784 5785
f 7690 7668 7667
f 5765 5810 5773
f 7648 7656 7692
f 5773 5796 5765
f 7656 7648 7679
f 5796 5773 5776
f 7679 7659 7656
f 5776 5795 5796
f 7659 7679 7678
f 5765 5796 5759
f 7648 7643 7679
f 5759 5768 5765
f 7643 7648 7651
f 5814 5776 5777
f 7696 7660 7659
f 5777 5798 5814
f 7660 7696 7681
f 5762 5765 5768
f 7645 7651 7648
f 5768 5769 5762
f 7651 7645 7652
f 5753 5761 5762
f 5753 7645 7644
f 5762 5809 5753
f 7645 5753 5809
f 5807 5787 5805
f 7690 7688 7670
f 5805 5791 5807
f 7688 7690 7674
f 5800 5801 5804
f 7683 7687 7684
f 5804 5808 5800
f 7687 7683 7691
f 5801 5797 5798
f 7684 7681 7680
f 5798 5804 5801
f 7681 7684 7687
f 5790 5806 5780
f 7673 7663 7689
f 5780 5808 5790
f 7663 7673 7691
f 5809 5762 5769
f 5809 7652 7645
f 5769 5760 5809
f 7652 5809 5760
f 5816 5013 5012
f 7698 6970 6971
f 5012 5815 5816
f 6970 7698 7697
f 5815 5012 5149
f 7697 7101 6970
f 5149 5147 5815
f 7101 7697 7099
f 5818 5015 4699
f 7700 6663 6973
f 4699 5817 5818
f 6663 7700 7699
f 5818 4303 5016
f 7700 6974 6269
f 5016 5015 5818
f 6974 7700 6973
f 5820 5887 5877
f 7702 7755 7765
f 5877 5819 5820
f 7755 7702 7701
f 5883 5887 5820
f 7761 7702 7765
f 5820 5608 5883
f 7702 7761 7560
f 5109 4731 5821
f 7062 7703 6695
f 5821 5822 5109
f 7703 7062 7704
f 5822 5878 5886
f 7704 7764 7756
f 5886 5109 5822
f 7764 7704 7062
f 5823 5100 5009
f 7705 6967 7053
f 5009 5826 5823
f 6967 7705 7708
f 4269 4268 5860
f 6236 7738 6235
f 5860 5888 4269
f 7738 6236 7766
f 5824 5823 5826
f 7706 7708 7705
f 5826 5825 5824
f 7708 7706 7707
f 5109 5824 5825
f 7062 7707 7706
f 5825 4730 5109
f 7707 7062 6694
f 4459 5828 5827
f 6424 7709 7710
f 5827 4458 4459
f 7709 6424 6423
f 4459 4738 4466
f 6424 6431 6702
f 4466 5828 4459
f 6431 6424 7710
f 5828 4466 4159
f 7710 6127 6431
f 4159 5827 5828
f 6127 7710 7709
f 4466 4738 4456
f 6431 6421 6702
f 4456 5829 4466
f 6421 6431 7711
f 4453 4739 4465
f 6418 6430 6703
f 4465 5830 4453
f 6430 6418 7712
f 5830 5832 5831
f 7712 7713 7714
f 5831 5829 5830
f 7713 7712 7711
f 5830 4465 4161
f 7712 6129 6430
f 4161 5832 5830
f 6129 7712 7714
f 5832 4161 4156
f 7714 6124 6129
f 4156 5831 5832
f 6124 7714 7713
f 5682 5833 5836
f 7633 7718 7715
f 5836 5834 5682
f 7718 7633 7716
f 5838 5636 5681
f 7720 7632 7587
f 5681 5840 5838
f 7632 7720 7722
f 5839 5679 5665
f 7721 7616 7630
f 5665 5835 5839
f 7616 7721 7717
f 5682 5835 5837
f 7633 7719 7717
f 5837 5833 5682
f 7719 7633 7715
f 5833 5658 5655
f 7715 7606 7609
f 5655 5836 5833
f 7606 7715 7718
f 5662 5657 5837
f 7613 7719 7608
f 5837 5661 5662
f 7719 7613 7612
f 5651 5649 5834
f 7602 7716 7600
f 5834 5836 5651
f 7716 7602 7718
f 5835 5665 5661
f 7717 7612 7616
f 5661 5837 5835
f 7612 7717 7719
f 5653 5651 5836
f 7604 7718 7602
f 5836 5655 5653
f 7718 7604 7606
f 5657 5658 5833
f 7608 7715 7609
f 5833 5837 5657
f 7715 7608 7719
f 5834 5649 5636
f 7716 7587 7600
f 5636 5838 5834
f 7587 7716 7720
f 5840 5681 5679
f 7722 7630 7632
f 5679 5839 5840
f 7630 7722 7721
f 5839 5835 5682
f 7721 7633 7717
f 5682 5840 5839
f 7633 7721 7722
f 5682 5834 5838
f 7633 7720 7716
f 5838 5840 5682
f 7720 7633 7722
f 5595 5592 5846
f 7547 7728 7544
f 5846 5842 5595
f 7728 7547 7724
f 5841 5605 5847
f 7723 7729 7557
f 5847 5848 5841
f 7729 7723 7730
f 5604 5603 5844
f 7556 7726 7555
f 5844 5845 5604
f 7726 7556 7727
f 5844 5842 5605
f 7726 7557 7724
f 5605 5845 5844
f 7557 7726 7727
f 5843 5845 5605
f 7725 7557 7727
f 5605 5841 5843
f 7557 7725 7723
f 5591 5590 5841
f 7543 7723 7542
f 5841 5848 5591
f 7723 7543 7730
f 5605 5842 5846
f 7557 7728 7724
f 5846 5847 5605
f 7728 7557 7729
f 5593 5847 5846
f 7545 7728 7729
f 5846 5592 5593
f 7728 7545 7544
f 5847 5593 5591
f 7729 7543 7545
f 5591 5848 5847
f 7543 7729 7730
f 5606 5581 5582
f 7558 7534 7533
f 5582 5843 5606
f 7534 7558 7725
f 5849 5844 5603
f 7731 7555 7726
f 5603 5602 5849
f 7555 7731 7554
f 5849 5600 5599
f 7731 7551 7552
f 5599 5598 5849
f 7551 7731 7550
f 5849 5602 5601
f 7731 7553 7554
f 5601 5600 5849
f 7553 7731 7552
f 4996 4994 4995
f 6954 6953 6952
f 4995 4395 4996
f 6953 6954 6360
f 5853 4362 4363
f 7733 6328 6327
f 4363 5852 5853
f 6328 7733 7732
f 5852 4363 4620
f 7732 6584 6328
f 4620 5854 5852
f 6584 7732 7734
f 5856 5855 5850
f 7735 5850 5855
f 5850 5853 5856
f 5850 7735 7733
f 5854 4620 3914
f 7734 3914 6584
f 3914 5851 5854
f 3914 7734 5851
f 5856 5853 5852
f 7735 7732 7733
f 5852 5858 5856
f 7732 7735 7736
f 5858 5852 5854
f 7736 7734 7732
f 5854 5859 5858
f 7734 7736 7737
f 5859 5854 5851
f 7737 5851 7734
f 5851 5857 5859
f 5851 7737 5857
f 4364 3915 5855
f 6329 5855 3915
f 5855 5856 4364
f 5855 6329 7735
f 5862 4452 4451
f 7740 6416 6417
f 4451 5861 5862
f 6416 7740 7739
f 4742 4741 5863
f 6706 7741 6705
f 5863 5864 4742
f 7741 6706 7742
f 4746 4745 5865
f 6710 7743 6709
f 5865 5866 4746
f 7743 6710 7744
f 4749 4748 5867
f 6713 7745 6712
f 5867 5868 4749
f 7745 6713 7746
f 5870 4755 4754
f 7748 6718 6719
f 4754 5869 5870
f 6718 7748 7747
f 5865 4745 5019
f 7743 6977 6709
f 5019 5871 5865
f 6977 7743 7749
f 4754 5020 5872
f 6718 7750 6978
f 5872 5869 4754
f 7750 6718 7747
f 5863 4741 5021
f 7741 6979 6705
f 5021 5873 5863
f 6979 7741 7751
f 5098 5097 5874
f 7051 7752 7050
f 5874 5875 5098
f 7752 7051 7753
f 5099 4747 5867
f 7052 7745 6711
f 5867 5876 5099
f 7745 7052 7754
f 5878 5822 5821
f 7756 7703 7704
f 5821 5889 5878
f 7703 7756 7767
f 5880 4734 4735
f 7758 6699 6698
f 4735 5879 5880
f 6699 7758 7757
f 5127 4755 5870
f 7080 7748 6719
f 5870 5881 5127
f 7748 7080 7759
f 4706 4707 5873
f 6670 7751 6671
f 5873 5882 4706
f 7751 6670 7760
f 5019 4742 5864
f 6977 7742 6706
f 5864 5871 5019
f 7742 6977 7749
f 5020 4746 5866
f 6978 7744 6710
f 5866 5872 5020
f 7744 6978 7750
f 5874 5097 5127
f 7752 7080 7050
f 5127 5881 5874
f 7080 7752 7759
f 5861 4451 5609
f 7739 7561 6416
f 5609 5883 5861
f 7561 7739 7761
f 4449 4706 5882
f 6414 7760 6670
f 5882 5862 4449
f 7760 6414 7740
f 5879 4735 4448
f 7757 6413 6699
f 4448 5884 5879
f 6413 7757 7762
f 5880 5107 5611
f 7758 7563 7060
f 5611 5885 5880
f 7563 7758 7763
f 5821 4731 5885
f 7703 7763 6695
f 5885 5889 5821
f 7763 7703 7767
f 4268 5099 5876
f 6235 7754 7052
f 5876 5860 4268
f 7754 6235 7738
f 5824 5109 5886
f 7706 7764 7062
f 5886 5888 5824
f 7764 7706 7766
f 4750 5098 5875
f 6714 7753 7051
f 5875 5868 4750
f 7753 6714 7746
f 5884 4448 5819
f 7762 7701 6413
f 5819 5877 5884
f 7701 7762 7755
f 5887 5104 5103
f 7765 7056 7057
f 5103 5877 5887
f 7056 7765 7755
f 5883 5609 5104
f 7761 7057 7561
f 5104 5887 5883
f 7057 7761 7765
f 5878 5105 5612
f 7756 7564 7058
f 5612 5886 5878
f 7564 7756 7764
f 5823 5824 5888
f 7705 7766 7706
f 5888 5860 5823
f 7766 7705 7738
f 5613 5618 5891
f 7565 7769 7570
f 5891 5890 5613
f 7769 7565 7768
f 5624 5630 5631
f 7576 7582 7581
f 5631 5627 5624
f 7582 7576 7579
f 5749 5631 5892
f 5749 7770 7582
f 5892 5893 5749
f 7770 5749 5893
f 5629 5893 5892
f 5629 7770 5893
f 5892 5628 5629
f 7770 5629 7580
f 5895 5141 5146
f 7772 7098 7093
f 5146 5894 5895
f 7098 7772 7771
f 5895 4513 5143
f 7772 7095 6477
f 5143 5141 5895
f 7095 7772 7093
f 5896 5146 5141
f 7773 7093 7098
f 5141 5897 5896
f 7093 7773 7774
f 4559 4560 5898
f 6523 7775 6524
f 5898 5899 4559
f 7775 6523 7776
f 4697 4698 5901
f 6661 7778 6662
f 5901 5900 4697
f 7778 6661 7777
f 4979 4985 4978
f 6937 6936 6943
f 4972 4989 4979
f 6930 6937 6947
f 4982 4971 4972
f 6940 6930 6929
f 4979 4982 4972
f 6937 6930 6940
f 4971 4982 4980
f 6929 6938 6940
f 4984 4971 4983
f 6942 6941 6929
f 4983 4971 4980
f 6941 6938 6929
f 4976 4979 4987
f 6934 6945 6937
f 4973 4987 4989
f 6931 6947 6945
f 4989 4988 4974
f 6947 6932 6946
f 4975 4976 4987
f 6933 6945 6934
f 4985 4977 4978
f 6943 6936 6935
f 4976 4985 4979
f 6934 6937 6943
f 4989 4987 4979
f 6947 6937 6945
f 4989 4974 4973
f 6947 6931 6932
f 9575 9576 7812
f 9575 9791 9576
f 7812 7813 9575
f 9791 9575 9792
f 7816 7815 7814
f 7816 9793 9794
f 7814 9577 7816
f 9793 7816 9577
f 7819 7818 7817
f 9797 9795 9796
f 7817 7820 7819
f 9795 9797 9798
f 7823 7822 7821
f 9801 9799 9800
f 7821 7820 7823
f 9799 9801 9798
f 7826 7825 7824
f 9804 9802 9803
f 7824 7827 7826
f 9802 9804 9805
f 7830 7829 7828
f 9808 9806 9807
f 7828 7831 7830
f 9806 9808 9809
f 7832 9579 9578
f 9810 9578 9579
f 9578 7833 7832
f 9578 9810 9811
f 7836 7835 7834
f 9813 7834 9812
f 7834 9580 7836
f 7834 9813 9580
f 7839 7838 7837
f 9816 9814 9815
f 7837 7840 7839
f 9814 9816 9817
f 7843 7842 7841
f 9820 9818 9819
f 7841 7844 7843
f 9818 9820 9821
f 7847 7846 7845
f 9824 9822 9823
f 7845 7848 7847
f 9822 9824 9825
f 7851 7850 7849
f 9828 9826 9827
f 7849 7852 7851
f 9826 9828 9829
f 7855 7854 7853
f 9832 9830 9831
f 7853 7832 7855
f 9830 9832 9810
f 7858 7857 7856
f 9835 9833 9834
f 7856 7859 7858
f 9833 9835 9836
f 7862 7861 7860
f 9839 9837 9838
f 7860 7863 7862
f 9837 9839 9840
f 7866 7865 7864
f 9843 9841 9842
f 7864 7867 7866
f 9841 9843 9844
f 7870 7869 7868
f 9847 9845 9846
f 7868 7871 7870
f 9845 9847 9848
f 7874 7873 7872
f 9851 9849 9850
f 7872 7875 7874
f 9849 9851 9852
f 7878 7877 7876
f 9855 9853 9854
f 7876 7879 7878
f 9853 9855 9856
f 7882 7881 7880
f 9859 9857 9858
f 7880 7883 7882
f 9857 9859 9860
f 7886 7885 7884
f 9863 9861 9862
f 7884 7887 7886
f 9861 9863 9864
f 7890 7889 7888
f 9867 9865 9866
f 7888 7891 7890
f 9865 9867 9868
f 7894 7893 7892
f 9871 9869 9870
f 7892 7895 7894
f 9869 9871 9872
f 7898 7897 7896
f 7898 9873 9874
f 7896 7899 7898
f 9873 7898 7899
f 7902 7901 7900
f 9877 9875 9876
f 7900 7903 7902
f 9875 9877 9878
f 7906 7905 7904
f 9881 9879 9880
f 7904 7907 7906
f 9879 9881 9882
f 7910 7909 7908
f 9885 9883 9884
f 7908 7911 7910
f 9883 9885 9886
f 7780 9581 7912
f 7780 9887 9581
f 7912 7913 7780
f 9887 7780 9888
f 7916 7915 7914
f 9891 9889 9890
f 7914 7917 7916
f 9889 9891 9892
f 7920 7919 7918
f 9895 9893 9894
f 7918 7921 7920
f 9893 9895 9896
f 7924 7923 7922
f 9899 9897 9898
f 7922 7925 7924
f 9897 9899 9900
f 7928 7927 7926
f 9903 9901 9902
f 7926 7929 7928
f 9901 9903 9904
f 7932 7931 7930
f 9907 9905 9906
f 7930 7933 7932
f 9905 9907 9908
f 7936 7935 7934
f 9911 9909 9910
f 7934 7937 7936
f 9909 9911 9912
f 7940 7939 7938
f 9915 9913 9914
f 7938 7941 7940
f 9913 9915 9916
f 7944 7943 7942
f 9918 7942 9917
f 7942 7794 7944
f 7942 9918 7794
f 7824 7946 7945
f 9802 9919 9920
f 7945 7947 7824
f 9919 9802 9921
f 7950 7949 7948
f 9924 9922 9923
f 7948 7951 7950
f 9922 9924 9925
f 7954 7953 7952
f 9928 9926 9927
f 7952 7955 7954
f 9926 9928 9929
f 7958 7957 7956
f 9932 9930 9931
f 7956 7959 7958
f 9930 9932 9933
f 7961 7849 7960
f 9935 9934 9826
f 7960 7962 7961
f 9934 9935 9936
f 7965 7964 7963
f 9939 9937 9938
f 7963 7966 7965
f 9937 9939 9940
f 7969 7968 7967
f 9943 9941 9942
f 7967 7970 7969
f 9941 9943 9944
f 7973 7972 7971
f 9947 9945 9946
f 7971 7974 7973
f 9945 9947 9948
f 7977 7976 7975
f 9951 9949 9950
f 7975 7978 7977
f 9949 9951 9952
f 7979 7982 7981
f 9953 9955 9956
f 7981 7980 7979
f 9955 9953 9954
f 7985 7984 7983
f 9959 9957 9958
f 7983 7986 7985
f 9957 9959 9960
f 9582 7954 7987
f 9582 9961 9928
f 7987 7988 9582
f 9961 9582 7988
f 7848 7990 7989
f 9825 7989 7990
f 7989 7991 7848
f 7989 9825 9962
f 7901 7785 7795
f 9876 7795 7785
f 7795 7900 7901
f 7795 9876 9875
f 7993 7925 7992
f 9963 7992 9900
f 7992 9583 7993
f 7992 9963 9583
f 9584 7995 7994
f 9584 9964 7995
f 7994 7996 9584
f 9964 9584 9965
f 7998 7997 7987
f 9967 9961 9966
f 7987 7954 7998
f 9961 9967 9928
f 7877 7878 7999
f 9854 9968 9855
f 7999 8000 7877
f 9968 9854 9969
f 7884 7885 8001
f 9861 9970 9862
f 8001 8002 7884
f 9970 9861 9971
f 8004 7843 8003
f 9973 9972 9820
f 8003 8005 8004
f 9972 9973 9974
f 8006 7796 7871
f 8006 9848 7796
f 7871 7868 8006
f 9848 8006 9845
f 8009 8008 8007
f 9977 9975 9976
f 8007 8010 8009
f 9975 9977 9978
f 8013 8012 8011
f 9981 9979 9980
f 8011 8014 8013
f 9979 9981 9982
f 8016 8015 7904
f 9984 9879 9983
f 7904 8017 8016
f 9879 9984 9985
f 7907 7904 8015
f 9882 9983 9879
f 8015 8018 7907
f 9983 9882 9986
f 8021 8020 8019
f 9989 9987 9988
f 8019 8022 8021
f 9987 9989 9990
f 8025 8024 8023
f 9993 9991 9992
f 8023 8026 8025
f 9991 9993 9994
f 8027 7941 7938
f 9995 9913 9916
f 7938 8028 8027
f 9913 9995 9996
f 8031 8030 8029
f 9999 9997 9998
f 8029 8032 8031
f 9997 9999 10000
f 8035 8034 8033
f 10003 10001 10002
f 8033 8036 8035
f 10001 10003 10004
f 8039 8038 8037
f 10007 10005 10006
f 8037 8040 8039
f 10005 10007 10008
f 9586 8042 8041
f 9586 10009 10010
f 8041 9585 9586
f 10009 9586 9585
f 8045 8044 8043
f 10013 10011 10012
f 8043 8046 8045
f 10011 10013 10014
f 8048 8046 8047
f 10016 10015 10014
f 8047 8049 8048
f 10015 10016 10017
f 8051 8050 7872
f 10019 9849 10018
f 7872 8052 8051
f 9849 10019 10020
f 8055 8054 8053
f 10023 10021 10022
f 8053 8056 8055
f 10021 10023 10024
f 8059 8058 8057
f 10027 10025 10026
f 8057 8060 8059
f 10025 10027 10028
f 8062 8060 8061
f 10030 10029 10028
f 8061 8063 8062
f 10029 10030 10031
f 8066 8065 8064
f 10034 10032 10033
f 8064 8067 8066
f 10032 10034 10035
f 8070 8069 8068
f 10038 10036 10037
f 8068 8071 8070
f 10036 10038 10039
f 8074 8073 8072
f 10042 10040 10041
f 8072 8075 8074
f 10040 10042 10043
f 8078 8077 8076
f 10046 10044 10045
f 8076 8079 8078
f 10044 10046 10047
f 8082 8081 8080
f 10050 10048 10049
f 8080 8083 8082
f 10048 10050 10051
f 8086 8085 8084
f 10054 10052 10053
f 8084 8087 8086
f 10052 10054 10055
f 8090 8089 8088
f 10058 10056 10057
f 8088 8091 8090
f 10056 10058 10059
f 8094 8093 8092
f 10062 10060 10061
f 8092 8095 8094
f 10060 10062 10063
f 8098 8097 8096
f 10066 10064 10065
f 8096 8099 8098
f 10064 10066 10067
f 8102 8101 8100
f 10070 10068 10069
f 8100 8103 8102
f 10068 10070 10071
f 8105 9587 8104
f 8105 10072 9587
f 8104 8106 8105
f 10072 8105 10073
f 8107 7798 7797
f 10074 7797 7798
f 7797 7922 8107
f 7797 10074 9897
f 8110 8109 8108
f 10077 10075 10076
f 8108 8111 8110
f 10075 10077 10078
f 8114 8113 8112
f 10081 10079 10080
f 8112 8115 8114
f 10079 10081 10082
f 7923 8116 8107
f 9898 10074 10083
f 8107 7922 7923
f 10074 9898 9897
f 7914 7915 8117
f 9889 10084 9890
f 8117 8118 7914
f 10084 9889 10085
f 8121 8120 8119
f 10088 10086 10087
f 8119 8122 8121
f 10086 10088 10089
f 8124 8123 7813
f 10091 9792 10090
f 7813 7823 8124
f 9792 10091 9801
f 8126 8125 7814
f 10093 9793 10092
f 7814 7827 8126
f 9793 10093 9805
f 7842 7843 8004
f 9819 9973 9820
f 8004 8127 7842
f 9973 9819 10094
f 8129 8128 7839
f 10096 9816 10095
f 7839 7847 8129
f 9816 10096 9824
f 8131 8130 7851
f 10098 9828 10097
f 7851 7852 8131
f 9828 10098 9829
f 8134 8133 8132
f 10101 10099 10100
f 8132 8135 8134
f 10099 10101 10102
f 8138 8137 8136
f 10105 10103 10104
f 8136 8139 8138
f 10103 10105 10106
f 8140 7890 7891
f 10107 9868 9867
f 7891 7961 8140
f 9868 10107 9935
f 8141 7902 7905
f 10108 9880 9877
f 7905 7906 8141
f 9880 10108 9881
f 8142 7919 7920
f 10109 9895 9894
f 7920 8143 8142
f 9895 10109 10110
f 7924 8145 8144
f 9899 10111 10112
f 8144 7917 7924
f 10111 9899 9892
f 7929 7926 8146
f 9904 10113 9901
f 8146 8147 7929
f 10113 9904 10114
f 7940 7935 7936
f 9915 9911 9910
f 7936 7939 7940
f 9911 9915 9914
f 8149 8148 7829
f 10116 9807 10115
f 7829 7830 8149
f 9807 10116 9808
f 8150 8029 8030
f 10117 9998 9997
f 8030 8151 8150
f 9998 10117 10118
f 8153 8152 8039
f 10120 10007 10119
f 8039 8154 8153
f 10007 10120 10121
f 8041 8042 8155
f 10009 10122 10010
f 8155 8156 8041
f 10122 10009 10123
f 7876 7877 8159
f 9853 10126 9854
f 8159 8160 7876
f 10126 9853 10127
f 8162 8161 7887
f 10129 9864 10128
f 7887 7884 8162
f 9864 10129 9861
f 8165 8164 8163
f 10132 10130 10131
f 8163 8166 8165
f 10130 10132 10133
f 8169 8168 8167
f 10136 10134 10135
f 8167 8170 8169
f 10134 10136 10137
f 8101 8102 8171
f 10069 10138 10070
f 8171 8166 8101
f 10138 10069 10133
f 8170 8167 8172
f 10137 10139 10134
f 8172 8173 8170
f 10139 10137 10140
f 8106 8104 8112
f 10073 10079 10072
f 8112 8113 8106
f 10079 10073 10080
f 8118 8116 7923
f 10085 9898 10083
f 7923 7914 8118
f 9898 10085 9889
f 9578 8174 7856
f 9578 9833 8174
f 7856 7833 9578
f 9833 9578 9811
f 7893 7965 8175
f 9870 10141 9939
f 8175 8128 7893
f 10141 9870 10095
f 8177 7837 8176
f 10143 10142 9814
f 8176 8178 8177
f 10142 10143 10144
f 8129 7991 7896
f 10096 9873 9962
f 7896 7892 8129
f 9873 10096 9869
f 7846 7840 8179
f 9823 10145 9817
f 8179 8180 7846
f 10145 9823 10146
f 7857 8181 7833
f 9834 9811 10147
f 7833 7856 7857
f 9811 9834 9833
f 8130 7854 8182
f 10097 10148 9831
f 8182 8091 8130
f 10148 10097 10059
f 7960 7849 7850
f 9934 9827 9826
f 7850 8183 7960
f 9827 9934 10149
f 8185 7860 8184
f 10151 10150 9837
f 8184 8186 8185
f 10150 10151 10152
f 8189 8188 8187
f 10155 10153 10154
f 8187 8190 8189
f 10153 10155 10156
f 8193 8192 8191
f 10159 10157 10158
f 8191 8194 8193
f 10157 10159 10160
f 8196 8195 7863
f 10162 9840 10161
f 7863 8197 8196
f 9840 10162 10163
f 8198 9589 7799
f 10164 7799 9589
f 7799 7845 8198
f 7799 10164 9822
f 8201 8200 8199
f 10167 10165 10166
f 8199 8202 8201
f 10165 10167 10168
f 8204 8012 8203
f 10170 10169 9980
f 8203 7966 8204
f 10169 10170 9940
f 8207 8206 8205
f 10173 10171 10172
f 8205 8092 8207
f 10171 10173 10060
f 8209 8208 8082
f 10175 10050 10174
f 8082 8083 8209
f 10050 10175 10051
f 8210 8100 8101
f 10176 10069 10068
f 8101 8211 8210
f 10069 10176 10177
f 8214 8213 8212
f 10180 10178 10179
f 8212 8215 8214
f 10178 10180 10181
f 8165 8217 8216
f 10132 10182 10183
f 8216 8218 8165
f 10182 10132 10184
f 8221 8220 8219
f 10187 10185 10186
f 8219 8222 8221
f 10185 10187 10188
f 8225 8224 8223
f 10191 10189 10190
f 8223 8087 8225
f 10189 10191 10055
f 8228 8227 8226
f 10194 10192 10193
f 8226 8229 8228
f 10192 10194 10195
f 8128 8129 7892
f 10095 9869 10096
f 7892 7893 8128
f 9869 10095 9870
f 9590 8231 8230
f 9590 10196 8231
f 8230 8232 9590
f 10196 9590 10197
f 9591 9592 8233
f 9591 10198 9592
f 8233 8234 9591
f 10198 9591 10199
f 8237 8236 8235
f 10202 10200 10201
f 8235 8238 8237
f 10200 10202 10203
f 8241 8240 8239
f 10206 10204 10205
f 8239 8242 8241
f 10204 10206 10207
f 8240 8244 8243
f 10205 10208 10209
f 8243 8239 8240
f 10208 10205 10204
f 8244 8246 8245
f 10209 10210 10211
f 8245 8243 8244
f 10210 10209 10208
f 8246 8248 8247
f 10211 10212 10213
f 8247 8245 8246
f 10212 10211 10210
f 8248 8250 8249
f 10213 10214 10215
f 8249 8247 8248
f 10214 10213 10212
f 8250 8252 8251
f 10215 10216 10217
f 8251 8249 8250
f 10216 10215 10214
f 8253 9745 9747
f 10218 11625 11624
f 9747 8254 8253
f 11625 10218 10219
f 8165 8166 8171
f 10132 10138 10133
f 8171 8217 8165
f 10138 10132 10183
f 8216 8094 8095
f 10182 10063 10062
f 8095 8218 8216
f 10063 10182 10184
f 8255 8170 8173
f 10220 10140 10137
f 8173 8256 8255
f 10140 10220 10221
f 8257 8086 8087
f 10222 10055 10054
f 8087 8223 8257
f 10055 10222 10189
f 8207 8092 8093
f 10173 10061 10060
f 8093 8258 8207
f 10061 10173 10223
f 8224 8225 8255
f 10190 10220 10191
f 8255 8256 8224
f 10220 10190 10221
f 8259 8094 8216
f 10224 10182 10062
f 8216 8260 8259
f 10182 10224 10225
f 8261 8257 8223
f 10226 10189 10222
f 8223 8262 8261
f 10189 10226 10227
f 8226 8089 8171
f 10192 10138 10057
f 8171 8102 8226
f 10138 10192 10070
f 8263 8172 8258
f 10228 10223 10139
f 8258 8221 8263
f 10223 10228 10187
f 8260 8216 8217
f 10225 10183 10182
f 8217 8090 8260
f 10183 10225 10058
f 8264 8224 8256
f 10229 10221 10190
f 8256 8096 8264
f 10221 10229 10064
f 8267 8266 8265
f 10232 10230 10231
f 8265 8268 8267
f 10230 10232 10233
f 8270 8269 7933
f 10235 9908 10234
f 7933 7930 8270
f 9908 10235 9905
f 8272 8267 8271
f 10237 10236 10232
f 8271 8273 8272
f 10236 10237 10238
f 8274 8271 8267
f 10239 10232 10236
f 8267 8268 8274
f 10232 10239 10233
f 8275 8269 8270
f 10240 10235 10234
f 8270 8276 8275
f 10235 10240 10241
f 8279 8278 8277
f 10244 10242 10243
f 8277 8280 8279
f 10242 10244 10245
f 8283 8282 8281
f 10248 10246 10247
f 8281 8284 8283
f 10246 10248 10249
f 8272 8287 9574
f 10237 11525 10252
f 9574 8285 8272
f 11525 10237 10250
f 8273 8271 8288
f 10238 10253 10236
f 8288 8289 8273
f 10253 10238 10254
f 8290 8288 8271
f 10255 10236 10253
f 8271 8274 8290
f 10236 10255 10239
f 8291 8275 8276
f 10256 10241 10240
f 8276 8292 8291
f 10241 10256 10257
f 8293 8278 8279
f 10258 10244 10243
f 8279 8294 8293
f 10244 10258 10259
f 8296 8295 8282
f 10261 10247 10260
f 8282 8283 8296
f 10247 10261 10248
f 8288 8299 8298
f 10253 10263 10264
f 8298 8289 8288
f 10263 10253 10254
f 8290 8300 8299
f 10255 10264 10265
f 8299 8288 8290
f 10264 10255 10253
f 8292 8302 8301
f 10257 10266 10267
f 8301 8291 8292
f 10266 10257 10256
f 8306 8305 8304
f 10271 10269 10270
f 8304 8303 8306
f 10269 10271 10268
f 8309 8308 8307
f 10274 10272 10273
f 8307 8310 8309
f 10272 10274 10275
f 8313 8312 8311
f 10278 10276 10277
f 8311 8314 8313
f 10276 10278 10279
f 8286 8317 8315
f 10251 10280 10282
f 8315 8316 8286
f 10280 10251 10281
f 8317 8286 8297
f 10282 10262 10251
f 8297 8318 8317
f 10262 10282 10283
f 8319 7979 7980
f 10284 9954 9953
f 7980 8320 8319
f 9954 10284 10285
f 8322 8321 7928
f 10287 9903 10286
f 7928 7929 8322
f 9903 10287 9904
f 8322 7929 8147
f 10287 10114 9904
f 8147 8323 8322
f 10114 10287 10288
f 8326 8302 8325
f 10291 10290 10267
f 8325 8324 8326
f 10290 10291 10289
f 8328 8327 8276
f 10293 10241 10292
f 8276 8270 8328
f 10241 10293 10235
f 8315 8317 8329
f 10280 10294 10282
f 8329 9572 8315
f 10294 10280 11523
f 8329 8317 8318
f 10294 10283 10282
f 8318 8330 8329
f 10283 10294 10295
f 8319 8320 8332
f 10284 10297 10285
f 8332 8331 8319
f 10297 10284 10296
f 8334 8333 8321
f 10299 10286 10298
f 8321 8322 8334
f 10286 10299 10287
f 8334 8322 8323
f 10299 10288 10287
f 8323 8305 8334
f 10288 10299 10270
f 8304 8324 8325
f 10269 10290 10289
f 8325 8303 8304
f 10290 10269 10268
f 8278 8327 8328
f 10243 10293 10292
f 8328 8277 8278
f 10293 10243 10242
f 8335 9497 8337
f 10300 10302 11449
f 8337 8336 8335
f 10302 10300 10301
f 8338 9751 9750
f 10303 11628 11629
f 9750 8339 8338
f 11628 10303 10304
f 8344 8343 8342
f 10309 10307 10308
f 8342 8345 8344
f 10307 10309 10310
f 8348 8347 8346
f 10313 10311 10312
f 8346 8349 8348
f 10311 10313 10314
f 8352 8351 8350
f 10317 10315 10316
f 8350 8353 8352
f 10315 10317 10318
f 9720 8045 8355
f 11602 10320 10013
f 8355 9718 9720
f 10320 11602 11600
f 7781 8123 8104
f 7781 10072 10090
f 8104 9587 7781
f 10072 7781 9587
f 8356 7812 9576
f 10321 9576 9791
f 9576 8357 8356
f 9576 10321 8357
f 8359 7821 8358
f 10323 10322 9799
f 8358 8360 8359
f 10322 10323 10324
f 8109 7818 8361
f 10076 10325 9796
f 8361 8108 8109
f 10325 10076 10075
f 8112 8124 7817
f 10079 9795 10091
f 7817 8115 8112
f 9795 10079 10082
f 7821 7822 8362
f 9799 10326 9800
f 8362 8358 7821
f 10326 9799 10322
f 8118 7825 7826
f 10085 9804 9803
f 7826 8116 8118
f 9804 10085 10083
f 8118 8117 8363
f 10085 10327 10084
f 8363 7825 8118
f 10327 10085 9803
f 7945 8010 8364
f 9919 10328 9978
f 8364 8365 7945
f 10328 9919 10329
f 8122 8119 8366
f 10089 10330 10086
f 8366 8367 8122
f 10330 10089 10331
f 8007 8369 8368
f 9975 10332 10333
f 8368 8370 8007
f 10332 9975 10334
f 8356 8362 7822
f 10321 9800 10326
f 7822 7812 8356
f 9800 10321 9791
f 8104 8123 8124
f 10072 10091 10090
f 8124 8112 8104
f 10091 10072 10079
f 7826 7815 8107
f 9804 10074 9794
f 8107 8116 7826
f 10074 9804 10083
f 8126 7947 8371
f 10093 10335 9921
f 8371 8372 8126
f 10335 10093 10336
f 8373 8033 8034
f 10337 10002 10001
f 8034 8374 8373
f 10002 10337 10338
f 8377 8376 8375
f 10341 10339 10340
f 8375 8378 8377
f 10339 10341 10342
f 8380 8379 8036
f 10344 10004 10343
f 8036 8033 8380
f 10004 10344 10001
f 8383 8382 8381
f 10347 10345 10346
f 8381 8384 8383
f 10345 10347 10348
f 8309 8310 8312
f 10274 10277 10275
f 8312 8313 8309
f 10277 10274 10278
f 8386 8385 8081
f 10350 10049 10349
f 8081 8387 8386
f 10049 10350 10351
f 8390 8389 8388
f 10354 10352 10353
f 8388 8391 8390
f 10352 10354 10355
f 8394 8393 8392
f 10358 10356 10357
f 8392 8395 8394
f 10356 10358 10359
f 8397 8396 8394
f 10361 10358 10360
f 8394 8395 8397
f 10358 10361 10359
f 8400 8399 8398
f 10364 10362 10363
f 8398 8401 8400
f 10362 10364 10365
f 8402 9784 9783
f 10366 11660 11661
f 9783 8403 8402
f 11660 10366 10367
f 8406 8405 8404
f 10370 10368 10369
f 8404 8407 8406
f 10368 10370 10371
f 8398 8399 8408
f 10362 10372 10363
f 8408 8409 8398
f 10372 10362 10373
f 8412 8411 8410
f 10376 10374 10375
f 8410 8413 8412
f 10374 10376 10377
f 8413 8410 8414
f 10377 10378 10374
f 8414 8415 8413
f 10378 10377 10379
f 8418 8417 8416
f 10382 10380 10381
f 8416 8419 8418
f 10380 10382 10383
f 8422 8421 8420
f 10386 10384 10385
f 8420 8423 8422
f 10384 10386 10387
f 8426 8425 8424
f 10390 10388 10389
f 8424 8427 8426
f 10388 10390 10391
f 8430 8429 8428
f 10394 10392 10393
f 8428 8431 8430
f 10392 10394 10395
f 8434 8433 8432
f 10398 10396 10397
f 8432 8435 8434
f 10396 10398 10399
f 8436 8439 8438
f 10400 10402 10403
f 8438 8437 8436
f 10402 10400 10401
f 8440 9700 8442
f 10404 10406 11582
f 8442 8441 8440
f 10406 10404 10405
f 7909 7894 7895
f 9884 9872 9871
f 7895 7908 7909
f 9872 9884 9883
f 7898 7780 7913
f 7898 9888 7780
f 7913 7897 7898
f 9888 7898 9874
f 7967 7964 7894
f 9941 9871 9938
f 7894 7909 7967
f 9871 9941 9884
f 8015 8016 7963
f 9983 9937 9984
f 7963 7968 8015
f 9937 9983 9942
f 7908 7895 7897
f 9883 9874 9872
f 7897 7913 7908
f 9874 9883 9888
f 8445 8444 8443
f 10409 10407 10408
f 8443 8446 8445
f 10407 10409 10410
f 8449 8448 8447
f 10413 10411 10412
f 8447 8450 8449
f 10411 10413 10414
f 8452 8451 8075
f 10416 10043 10415
f 8075 8072 8452
f 10043 10416 10040
f 8194 8454 8453
f 10160 10417 10418
f 8453 8193 8194
f 10417 10160 10159
f 8457 8456 8455
f 10421 10419 10420
f 8455 8458 8457
f 10419 10421 10422
f 8461 8460 8459
f 10425 10423 10424
f 8459 8462 8461
f 10423 10425 10426
f 8465 8464 8463
f 10429 10427 10428
f 8463 8466 8465
f 10427 10429 10430
f 8274 8275 8291
f 10239 10256 10240
f 8291 8290 8274
f 10256 10239 10255
f 8279 8282 8295
f 10244 10260 10247
f 8295 8294 8279
f 10260 10244 10259
f 8467 8297 8287
f 10431 10252 10262
f 8287 8468 8467
f 10252 10431 10432
f 8318 8297 8467
f 10283 10431 10262
f 8467 8469 8318
f 10431 10283 10433
f 8292 8276 8327
f 10257 10292 10241
f 8327 8470 8292
f 10292 10257 10434
f 8330 8318 8469
f 10295 10433 10283
f 8469 8471 8330
f 10433 10295 10435
f 8470 8327 8278
f 10434 10243 10292
f 8278 8293 8470
f 10243 10434 10258
f 8474 8473 8472
f 10438 10436 10437
f 8472 8475 8474
f 10436 10438 10439
f 8478 8477 8476
f 10442 10440 10441
f 8476 8479 8478
f 10440 10442 10443
f 8482 8481 8480
f 10446 10444 10445
f 8480 8483 8482
f 10444 10446 10447
f 8486 8485 8484
f 10450 10448 10449
f 8484 8487 8486
f 10448 10450 10451
f 8432 8433 8488
f 10396 10452 10397
f 8488 8489 8432
f 10452 10396 10453
f 8492 8491 8490
f 10456 10454 10455
f 8490 8493 8492
f 10454 10456 10457
f 8427 8495 8494
f 10391 10458 10459
f 8494 8496 8427
f 10458 10391 10460
f 8420 8421 8497
f 10384 10461 10385
f 8497 8498 8420
f 10461 10384 10462
f 8501 8500 8499
f 10465 10463 10464
f 8499 8502 8501
f 10463 10465 10466
f 8504 8503 8240
f 10468 10205 10467
f 8240 8241 8504
f 10205 10468 10206
f 8503 8505 8244
f 10467 10209 10469
f 8244 8240 8503
f 10209 10467 10205
f 8505 8506 8246
f 10469 10211 10470
f 8246 8244 8505
f 10211 10469 10209
f 8506 8507 8248
f 10470 10213 10471
f 8248 8246 8506
f 10213 10470 10211
f 8507 8508 8250
f 10471 10215 10472
f 8250 8248 8507
f 10215 10471 10213
f 8508 8509 8252
f 10472 10217 10473
f 8252 8250 8508
f 10217 10472 10215
f 8254 9747 9748
f 10219 11626 11625
f 9748 8510 8254
f 11626 10219 10474
f 8008 8511 8369
f 9976 10333 10475
f 8369 8007 8008
f 10333 9976 9975
f 7959 8513 8512
f 9933 10476 10477
f 8512 7958 7959
f 10476 9933 9932
f 8514 8203 8012
f 10478 9980 10169
f 8012 8013 8514
f 9980 10478 9981
f 8021 7977 8111
f 9989 10078 9951
f 8111 8120 8021
f 10078 9989 10087
f 8515 9593 9591
f 10479 9591 9593
f 9591 8234 8515
f 9591 10479 10199
f 8027 8376 8516
f 9995 10480 10340
f 8516 8517 8027
f 10480 9995 10481
f 8040 8518 8154
f 10008 10121 10482
f 8154 8039 8040
f 10121 10008 10007
f 8120 8111 8108
f 10087 10075 10078
f 8108 8119 8120
f 10075 10087 10086
f 7956 7957 8515
f 9930 10479 9931
f 8515 8234 7956
f 10479 9930 10199
f 8152 8519 8038
f 10119 10006 10483
f 8038 8039 8152
f 10006 10119 10007
f 8178 8176 8200
f 10144 10166 10142
f 8200 8201 8178
f 10166 10144 10167
f 8204 8520 8011
f 10170 9979 10484
f 8011 8012 8204
f 9979 10170 9980
f 8119 8108 8361
f 10086 10325 10075
f 8361 8366 8119
f 10325 10086 10330
f 8010 8007 8370
f 9978 10334 9975
f 8370 8364 8010
f 10334 9978 10328
f 8438 8522 8521
f 10402 10485 10486
f 8521 8437 8438
f 10485 10402 10401
f 8423 8420 8428
f 10387 10392 10384
f 8428 8429 8423
f 10392 10387 10393
f 8036 8524 8523
f 10004 10487 10488
f 8523 8035 8036
f 10487 10004 10003
f 8525 8516 8373
f 10489 10337 10480
f 8373 8374 8525
f 10337 10489 10338
f 8526 8156 8155
f 10490 10122 10123
f 8155 8527 8526
f 10122 10490 10491
f 8032 8529 8528
f 10000 10492 10493
f 8528 8031 8032
f 10492 10000 9999
f 9643 8531 8530
f 11527 10494 10495
f 8530 8532 9643
f 10494 11527 10496
f 8534 8533 8030
f 10498 9998 10497
f 8030 8031 8534
f 9998 10498 9999
f 8536 8535 8032
f 10500 10000 10499
f 8032 8029 8536
f 10000 10500 9997
f 8537 8536 8029
f 10501 9997 10500
f 8029 8150 8537
f 9997 10501 10117
f 8533 8538 8151
f 10497 10118 10502
f 8151 8030 8533
f 10118 10497 9998
f 8156 8038 8519
f 10123 10483 10006
f 8519 8041 8156
f 10483 10123 10009
f 8526 8037 8038
f 10490 10006 10005
f 8038 8156 8526
f 10006 10490 10123
f 8535 8539 8529
f 10499 10493 10503
f 8529 8032 8535
f 10493 10499 10000
f 8534 8031 8528
f 10498 10492 9999
f 8528 8540 8534
f 10492 10498 10504
f 8543 8542 8541
f 10507 10505 10506
f 8541 8544 8543
f 10505 10507 10508
f 8533 8546 8545
f 10497 10509 10510
f 8545 8538 8533
f 10509 10497 10502
f 8546 8533 8534
f 10510 10498 10497
f 8534 8540 8546
f 10498 10510 10504
f 8549 8548 8547
f 10513 10511 10512
f 8547 8550 8549
f 10511 10513 10514
f 7819 8511 8361
f 9797 10325 10475
f 8361 7818 7819
f 10325 9797 9796
f 9582 7782 7953
f 9582 9927 7782
f 7953 7954 9582
f 9927 9582 9928
f 8011 8520 8551
f 9979 10515 10484
f 8551 8140 8011
f 10515 9979 10107
f 8023 8553 8552
f 9991 10516 10517
f 8552 8554 8023
f 10516 9991 10518
f 7941 8539 8535
f 9916 10499 10503
f 8535 7940 7941
f 10499 9916 9915
f 8014 8011 7962
f 9982 9936 9979
f 7962 8555 8014
f 9936 9982 10519
f 8135 8114 8110
f 10102 10077 10081
f 8110 7978 8135
f 10077 10102 9952
f 8558 8557 8556
f 10522 10520 10521
f 8556 8559 8558
f 10520 10522 10523
f 8114 8115 8109
f 10081 10076 10082
f 8109 8110 8114
f 10076 10081 10077
f 8202 8199 8195
f 10168 10161 10165
f 8195 8196 8202
f 10161 10168 10162
f 8369 8359 8360
f 10333 10324 10323
f 8360 8368 8369
f 10324 10333 10332
f 8115 7817 7818
f 10082 9796 9795
f 7818 8109 8115
f 9796 10082 10076
f 8059 8066 8067
f 10027 10035 10034
f 8067 8058 8059
f 10035 10027 10026
f 8561 8560 8068
f 10525 10036 10524
f 8068 8562 8561
f 10036 10525 10526
f 8564 8563 8066
f 10528 10034 10527
f 8066 8059 8564
f 10034 10528 10027
f 8567 8566 8565
f 10531 10529 10530
f 8565 8568 8567
f 10529 10531 10532
f 8000 8569 8159
f 9969 10126 10533
f 8159 7877 8000
f 10126 9969 9854
f 7828 7956 8234
f 9806 10199 9930
f 8234 7831 7828
f 10199 9806 9809
f 7838 8514 8176
f 9815 10142 10478
f 8176 7837 7838
f 10142 9815 9814
f 8020 8121 7915
f 9988 9890 10088
f 7915 7916 8020
f 9890 9988 9891
f 7946 8009 8010
f 9920 9978 9977
f 8010 7945 7946
f 9978 9920 9919
f 8148 8004 8005
f 10115 9974 9973
f 8005 8570 8148
f 9974 10115 10534
f 7893 7894 7964
f 9870 9938 9871
f 7964 7965 7893
f 9938 9870 9939
f 8513 8571 8025
f 10477 9993 10535
f 8025 8512 8513
f 9993 10477 10476
f 8121 8122 8117
f 10088 10084 10089
f 8117 7915 8121
f 10084 10088 9890
f 7965 7966 8203
f 9939 10169 9940
f 8203 8175 7965
f 10169 9939 10141
f 8179 7840 7837
f 10145 9814 9817
f 7837 8177 8179
f 9814 10145 10143
f 7831 8234 8233
f 9809 10198 10199
f 8233 8237 7831
f 10198 9809 10202
f 8572 8573 8295
f 10536 10260 10537
f 8295 8296 8572
f 10260 10536 10261
f 8117 8122 8367
f 10084 10331 10089
f 8367 8363 8117
f 10331 10084 10327
f 7947 7945 8365
f 9921 10329 9919
f 8365 8371 7947
f 10329 9921 10335
f 7951 7948 8574
f 9925 10538 9922
f 8574 8575 7951
f 10538 9925 10539
f 8379 8576 8524
f 10343 10488 10540
f 8524 8036 8379
f 10488 10343 10004
f 7968 7963 7964
f 9942 9938 9937
f 7964 7967 7968
f 9938 9942 9941
f 8577 8211 8163
f 10541 10130 10177
f 8163 8578 8577
f 10130 10541 10542
f 8215 8212 8579
f 10181 10543 10178
f 8579 8580 8215
f 10543 10181 10544
f 8217 8171 8089
f 10183 10057 10138
f 8089 8090 8217
f 10057 10183 10058
f 8263 8099 8173
f 10228 10140 10067
f 8173 8172 8263
f 10140 10228 10139
f 8078 8079 8581
f 10046 10545 10047
f 8581 8582 8078
f 10545 10046 10546
f 8077 8584 8583
f 10045 10547 10548
f 8583 8076 8077
f 10547 10045 10044
f 8586 8164 8585
f 10550 10549 10131
f 8585 8587 8586
f 10549 10550 10551
f 8948 8577 8588
f 10906 10552 10541
f 8588 8904 8948
f 10552 10906 10862
f 8213 8589 8084
f 10179 10052 10553
f 8084 8212 8213
f 10052 10179 10178
f 8258 8093 8220
f 10223 10186 10061
f 8220 8221 8258
f 10186 10223 10187
f 8229 8226 8102
f 10195 10070 10192
f 8102 8103 8229
f 10070 10195 10071
f 8259 8590 8219
f 10224 10185 10554
f 8219 8220 8259
f 10185 10224 10186
f 8226 8227 8088
f 10192 10056 10193
f 8088 8089 8226
f 10056 10192 10057
f 8099 8263 8591
f 10067 10555 10228
f 8591 8098 8099
f 10555 10067 10066
f 8090 8091 8182
f 10058 10148 10059
f 8182 8260 8090
f 10148 10058 10225
f 8264 8186 8184
f 10229 10150 10152
f 8184 8262 8264
f 10150 10229 10227
f 8236 8237 8233
f 10201 10198 10202
f 8233 8592 8236
f 10198 10201 10556
f 8236 8241 8242
f 10201 10207 10206
f 8242 8235 8236
f 10207 10201 10200
f 8592 8504 8241
f 10556 10206 10468
f 8241 8236 8592
f 10206 10556 10201
f 8554 8552 8142
f 10518 10109 10516
f 8142 8143 8554
f 10109 10518 10110
f 7864 7865 8593
f 9841 10557 9842
f 8593 8594 7864
f 10557 9841 10558
f 8597 8596 8595
f 10561 10559 10560
f 8595 8598 8597
f 10559 10561 10562
f 7867 7864 8143
f 9844 10110 9841
f 8143 7920 7867
f 10110 9844 9895
f 7868 7921 7786
f 9845 7786 9896
f 7786 8006 7868
f 7786 9845 8006
f 8000 8566 8567
f 9969 10531 10530
f 8567 8569 8000
f 10531 9969 10533
f 8123 7781 9575
f 10090 9575 7781
f 9575 7813 8123
f 9575 10090 9792
f 7821 8359 7819
f 9799 9797 10323
f 7819 7820 7821
f 9797 9799 9798
f 7820 7817 8124
f 9798 10091 9795
f 8124 7823 7820
f 10091 9798 9801
f 7827 7824 7947
f 9805 9921 9802
f 7947 8126 7827
f 9921 9805 10093
f 7825 8363 7946
f 9803 9920 10327
f 7946 7824 7825
f 9920 9803 9802
f 8367 8366 8008
f 10331 9976 10330
f 8008 8009 8367
f 9976 10331 9977
f 7822 7823 7813
f 9800 9792 9801
f 7813 7812 7822
f 9792 9800 9791
f 8601 8600 8599
f 10565 10563 10564
f 8599 8372 8601
f 10563 10565 10336
f 8366 8361 8511
f 10330 10475 10325
f 8511 8008 8366
f 10475 10330 9976
f 8359 8369 8511
f 10323 10475 10333
f 8511 7819 8359
f 10475 10323 9797
f 8363 8367 8009
f 10327 9977 10331
f 8009 7946 8363
f 9977 10327 9920
f 7832 7853 7800
f 9810 7800 9830
f 7800 9579 7832
f 7800 9810 9579
f 8128 8175 7838
f 10095 9815 10141
f 7838 7839 8128
f 9815 10095 9816
f 7855 8181 8219
f 9832 10185 10147
f 8219 8590 7855
f 10185 9832 10554
f 7862 7863 8195
f 9839 10161 9840
f 8195 8555 7862
f 10161 9839 10519
f 7848 7845 7799
f 9825 7799 9822
f 7799 7990 7848
f 7799 9825 7990
f 8014 8199 8200
f 9982 10166 10165
f 8200 8013 8014
f 10166 9982 9981
f 7846 7847 7839
f 9823 9816 9824
f 7839 7840 7846
f 9816 9823 9817
f 8259 8220 8093
f 10224 10061 10186
f 8093 8094 8259
f 10061 10224 10062
f 8013 8200 8176
f 9981 10142 10166
f 8176 8514 8013
f 10142 9981 10478
f 8555 8195 8199
f 10519 10165 10161
f 8199 8014 8555
f 10165 10519 9982
f 8175 8203 8514
f 10141 10478 10169
f 8514 7838 8175
f 10478 10141 9815
f 8602 8603 8604
f 10566 10568 10567
f 8604 8605 8602
f 10568 10566 10569
f 8260 8182 8590
f 10225 10554 10148
f 8590 8259 8260
f 10554 10225 10224
f 8262 8184 8606
f 10227 10570 10150
f 8606 8261 8262
f 10570 10227 10226
f 8557 8512 8025
f 10521 9993 10476
f 8025 8026 8557
f 9993 10521 9994
f 8607 8559 8556
f 10571 10520 10523
f 8556 8608 8607
f 10520 10571 10572
f 8609 8561 8562
f 10573 10526 10525
f 8562 7998 8609
f 10526 10573 9967
f 8609 7998 7954
f 10573 9928 9967
f 7954 7955 8609
f 9928 10573 9929
f 8610 8607 8608
f 10574 10572 10571
f 8608 8611 8610
f 10572 10574 10575
f 8023 8554 8594
f 9991 10558 10518
f 8594 8026 8023
f 10558 9991 9994
f 7921 7918 9594
f 9896 9594 9893
f 9594 7786 7921
f 9594 9896 7786
f 7958 8512 8557
f 9932 10521 10476
f 8557 8558 7958
f 10521 9932 10522
f 7994 7995 7834
f 9964 7834 7995
f 7834 7835 7994
f 7834 9964 9812
f 8594 8556 8557
f 10558 10521 10520
f 8557 8026 8594
f 10521 10558 9994
f 8230 8231 9584
f 10196 9584 8231
f 9584 7996 8230
f 9584 10196 9965
f 8004 8148 8149
f 9973 10116 10115
f 8149 8127 8004
f 10116 9973 10094
f 8570 7828 7829
f 10534 9807 9806
f 7829 8148 8570
f 9807 10534 10115
f 8594 8593 8608
f 10558 10572 10557
f 8608 8556 8594
f 10572 10558 10520
f 8559 7955 7952
f 10523 9926 9929
f 7952 8558 8559
f 9926 10523 10522
f 7955 8559 8607
f 9929 10571 10523
f 8607 8609 7955
f 10571 9929 10573
f 8612 8560 8561
f 10576 10525 10524
f 8561 8610 8612
f 10525 10576 10574
f 7886 7887 8565
f 9863 10529 9864
f 8565 8613 7886
f 10529 9863 10577
f 8616 8615 8614
f 10580 10578 10579
f 8614 8617 8616
f 10578 10580 10581
f 8618 8620 8998
f 10582 10951 10584
f 8998 8619 8618
f 10951 10582 10583
f 8613 8565 8566
f 10577 10530 10529
f 8566 8621 8613
f 10530 10577 10585
f 8622 7873 8617
f 10586 10581 9850
f 8617 8614 8622
f 10581 10586 10578
f 8624 8623 8336
f 10588 10301 10587
f 8336 8337 8624
f 10301 10588 10302
f 7852 7849 7961
f 9829 9935 9826
f 7961 7891 7852
f 9935 9829 9868
f 8131 7852 7891
f 10098 9868 9829
f 7891 7888 8131
f 9868 10098 9865
f 7862 8555 7962
f 9839 9936 10519
f 7962 7960 7862
f 9936 9839 9934
f 8183 7861 7862
f 10149 9839 9838
f 7862 7960 8183
f 9839 10149 9934
f 8261 8606 8228
f 10226 10194 10570
f 8228 8229 8261
f 10194 10226 10195
f 8257 8261 8229
f 10222 10195 10226
f 8229 8103 8257
f 10195 10222 10071
f 8086 8257 8103
f 10054 10071 10222
f 8103 8100 8086
f 10071 10054 10068
f 8085 8086 8100
f 10053 10068 10054
f 8100 8210 8085
f 10068 10053 10176
f 8452 8214 8215
f 10416 10181 10180
f 8215 8208 8452
f 10181 10416 10174
f 8073 8582 8625
f 10041 10589 10546
f 8625 8072 8073
f 10589 10041 10040
f 8345 8627 8626
f 10310 10590 10591
f 8626 8344 8345
f 10590 10310 10309
f 8343 8629 8628
f 10308 10592 10593
f 8628 8342 8343
f 10592 10308 10307
f 8629 8343 9753
f 10593 11631 10308
f 9753 9752 8629
f 11631 10593 11630
f 8347 8633 8632
f 10312 10596 10597
f 8632 8346 8347
f 10596 10312 10311
f 8349 8626 8627
f 10314 10591 10590
f 8627 8348 8349
f 10591 10314 10313
f 8626 8349 9755
f 10590 11633 10314
f 9755 9754 8626
f 11633 10590 11632
f 8597 8628 8629
f 10561 10593 10592
f 8629 8596 8597
f 10593 10561 10560
f 8598 8335 8628
f 10562 10592 10300
f 8628 8597 8598
f 10592 10562 10561
f 8636 8639 9757
f 10600 11635 10603
f 9757 9756 8636
f 11635 10600 11634
f 8641 8633 8640
f 10605 10604 10597
f 8640 8350 8641
f 10604 10605 10315
f 8642 8632 8633
f 10606 10597 10596
f 8633 8641 8642
f 10597 10606 10605
f 8632 8642 9759
f 10596 11637 10606
f 9759 9758 8632
f 11637 10596 11636
f 8647 8646 8645
f 10611 10609 10610
f 8645 8648 8647
f 10609 10611 10612
f 8651 8650 8649
f 10615 10613 10614
f 8649 8652 8651
f 10613 10615 10616
f 8655 8654 8653
f 10619 10617 10618
f 8653 8656 8655
f 10617 10619 10620
f 8652 8649 8646
f 10616 10610 10613
f 8646 8647 8652
f 10610 10616 10611
f 8659 8658 8657
f 10623 10621 10622
f 8657 8660 8659
f 10621 10623 10624
f 8662 8661 8650
f 10626 10614 10625
f 8650 8651 8662
f 10614 10626 10615
f 8665 8664 8663
f 10629 10627 10628
f 8663 8666 8665
f 10627 10629 10630
f 8669 8668 8667
f 10633 10631 10632
f 8667 8670 8669
f 10631 10633 10634
f 8663 8672 8671
f 10627 10635 10636
f 8671 8666 8663
f 10635 10627 10630
f 8429 8430 8673
f 10393 10637 10394
f 8673 8523 8429
f 10637 10393 10487
f 8531 9643 8674
f 10495 10638 11527
f 8674 8675 8531
f 10638 10495 10639
f 8678 8677 8676
f 10642 10640 10641
f 8676 8679 8678
f 10640 10642 10643
f 8675 8674 8677
f 10639 10641 10638
f 8677 8678 8675
f 10641 10639 10642
f 8042 8681 8680
f 10010 10644 10645
f 8680 8155 8042
f 10644 10010 10122
f 8155 8680 8682
f 10122 10646 10644
f 8682 8527 8155
f 10646 10122 10491
f 8683 8680 8681
f 10647 10645 10644
f 8681 8684 8683
f 10645 10647 10648
f 8685 8682 8680
f 10649 10644 10646
f 8680 8683 8685
f 10644 10649 10647
f 8686 8527 8682
f 10650 10646 10491
f 8682 8685 8686
f 10646 10650 10649
f 8541 8526 8527
f 10505 10491 10490
f 8527 8686 8541
f 10491 10505 10650
f 8542 8037 8526
f 10506 10490 10005
f 8526 8541 8542
f 10490 10506 10505
f 8687 8040 8037
f 10651 10005 10008
f 8037 8542 8687
f 10005 10651 10506
f 8530 8529 8539
f 10494 10503 10493
f 8539 8688 8530
f 10503 10494 10652
f 8531 8528 8529
f 10495 10493 10492
f 8529 8530 8531
f 10493 10495 10494
f 8675 8540 8528
f 10639 10492 10504
f 8528 8531 8675
f 10492 10639 10495
f 8678 8546 8540
f 10642 10504 10510
f 8540 8675 8678
f 10504 10642 10639
f 8679 8545 8546
f 10643 10510 10509
f 8546 8678 8679
f 10510 10643 10642
f 8689 9595 8545
f 8689 10509 9595
f 8545 8679 8689
f 10509 8689 10643
f 8692 8691 8690
f 10655 10653 10654
f 8690 8693 8692
f 10653 10655 10656
f 8696 8695 8694
f 10659 10657 10658
f 8694 9644 8696
f 10657 10659 11528
f 8698 8697 9645
f 10661 11529 10660
f 9645 8699 8698
f 11529 10661 10662
f 8701 8700 8693
f 10664 10656 10663
f 8693 8690 8701
f 10656 10664 10653
f 8703 8702 8700
f 10666 10663 10665
f 8700 8701 8703
f 10663 10666 10664
f 8706 8705 8704
f 10669 10667 10668
f 8704 8707 8706
f 10667 10669 10670
f 8709 8708 8698
f 10672 10661 10671
f 8698 8699 8709
f 10661 10672 10662
f 8705 8550 8547
f 10668 10511 10514
f 8547 8704 8705
f 10511 10668 10667
f 7950 8550 8705
f 9924 10668 10514
f 8705 8692 7950
f 10668 9924 10655
f 8700 8710 7949
f 10663 9923 10673
f 7949 8693 8700
f 9923 10663 10656
f 8702 8711 8710
f 10665 10673 10674
f 8710 8700 8702
f 10673 10665 10663
f 8695 8516 8525
f 10658 10489 10480
f 8525 8694 8695
f 10489 10658 10657
f 8712 8518 8040
f 10675 10008 10482
f 8040 8687 8712
f 10008 10675 10651
f 8713 8688 8539
f 10676 10503 10652
f 8539 8517 8713
f 10503 10676 10481
f 9646 8688 8713
f 11530 10676 10652
f 8713 8714 9646
f 10676 11530 10677
f 8696 8714 8713
f 10659 10676 10677
f 8713 8695 8696
f 10676 10659 10658
f 8695 8713 8517
f 10658 10481 10676
f 8517 8516 8695
f 10481 10658 10480
f 8544 8541 8686
f 10508 10650 10505
f 8686 8715 8544
f 10650 10508 10678
f 8532 8530 8688
f 10496 10652 10494
f 8688 9646 8532
f 10652 10496 11530
f 8715 8686 8685
f 10678 10649 10650
f 8685 8716 8715
f 10649 10678 10679
f 9647 8683 8684
f 11531 10648 10647
f 8684 8717 9647
f 10648 11531 10680
f 8716 8685 8683
f 10679 10647 10649
f 8683 9647 8716
f 10647 10679 11531
f 8720 8719 8718
f 10683 10681 10682
f 8718 8721 8720
f 10681 10683 10684
f 8724 8723 8722
f 10687 10685 10686
f 8722 8725 8724
f 10685 10687 10688
f 8727 8726 8712
f 10690 10675 10689
f 8712 8728 8727
f 10675 10690 10691
f 8721 8718 8729
f 10684 10692 10681
f 8729 8730 8721
f 10692 10684 10693
f 8732 8731 8726
f 10695 10689 10694
f 8726 8727 8732
f 10689 10695 10690
f 8730 8729 8733
f 10693 10696 10692
f 8733 8734 8730
f 10696 10693 10697
f 8735 8687 8542
f 10698 10506 10651
f 8542 8543 8735
f 10506 10698 10507
f 8712 8687 8735
f 10675 10698 10651
f 8735 8728 8712
f 10698 10675 10691
f 7904 7905 8736
f 9879 10699 9880
f 8736 8017 7904
f 10699 9879 9985
f 8737 7901 7902
f 10700 9877 9876
f 7902 8141 8737
f 9877 10700 10108
f 7902 7903 8736
f 9877 10699 9878
f 8736 7905 7902
f 10699 9877 9880
f 8740 8739 8738
f 10702 8738 10701
f 8738 7801 8740
f 8738 10702 7801
f 7903 7900 8741
f 9878 10703 9875
f 8741 8742 7903
f 10703 9878 10704
f 7900 7795 7787
f 9875 7787 7795
f 7787 8741 7900
f 7787 9875 10703
f 8736 7903 8742
f 10699 10704 9878
f 8742 8551 8736
f 10704 10699 10515
f 8551 8520 8017
f 10515 9985 10484
f 8017 8736 8551
f 9985 10515 10699
f 8204 8016 8017
f 10170 9985 9984
f 8017 8520 8204
f 9985 10170 10484
f 7966 7963 8016
f 9940 9984 9937
f 8016 8204 7966
f 9984 9940 10170
f 8742 8741 7889
f 10704 9866 10703
f 7889 7890 8742
f 9866 10704 9867
f 8741 7787 8743
f 10703 8743 7787
f 8743 7889 8741
f 8743 10703 9866
f 8551 8742 7890
f 10515 9867 10704
f 7890 8140 8551
f 9867 10515 10107
f 8011 8140 7961
f 9979 9935 10107
f 7961 7962 8011
f 9935 9979 9936
f 8744 7916 7917
f 10705 9892 9891
f 7917 8144 8744
f 9892 10705 10111
f 7924 7925 7993
f 9899 9963 9900
f 7993 8145 7924
f 9963 9899 10112
f 8111 7977 7978
f 10078 9952 9951
f 7978 8110 8111
f 9952 10078 10077
f 7797 7992 7925
f 7797 9900 7992
f 7925 7922 7797
f 9900 7797 9897
f 8120 8121 8020
f 10087 9988 10088
f 8020 8021 8120
f 9988 10087 9989
f 7923 7924 7917
f 9898 9892 9899
f 7917 7914 7923
f 9892 9898 9889
f 7977 8021 8022
f 9951 9990 9989
f 8022 7976 7977
f 9990 9951 9950
f 8134 8135 7978
f 10101 9952 10102
f 7978 7975 8134
f 9952 10101 9949
f 8019 8020 7916
f 9987 9891 9988
f 7916 8744 8019
f 9891 9987 10705
f 8746 8745 8073
f 10707 10041 10706
f 8073 8074 8746
f 10041 10707 10042
f 8255 8747 8169
f 10220 10136 10708
f 8169 8170 8255
f 10136 10220 10137
f 8173 8099 8096
f 10140 10064 10067
f 8096 8256 8173
f 10064 10140 10221
f 8582 8581 8748
f 10546 10709 10545
f 8748 8625 8582
f 10709 10546 10589
f 8591 7858 8132
f 10555 10099 9835
f 8132 8098 8591
f 10099 10555 10066
f 8135 7859 8113
f 10102 10080 9836
f 8113 8114 8135
f 10080 10102 10081
f 8071 8749 8161
f 10039 10128 10710
f 8161 8162 8071
f 10128 10039 10129
f 8160 8750 7880
f 10127 9857 10711
f 7880 7876 8160
f 9857 10127 9853
f 7880 8750 8751
f 9857 10712 10711
f 8751 7883 7880
f 10712 9857 9860
f 8002 8752 8162
f 9971 10129 10713
f 8162 7884 8002
f 10129 9971 9861
f 8161 8568 8565
f 10128 10529 10532
f 8565 7887 8161
f 10529 10128 9864
f 8000 7999 8621
f 9969 10585 9968
f 8621 8566 8000
f 10585 9969 10530
f 8615 8616 8054
f 10579 10022 10580
f 8054 8753 8615
f 10022 10579 10714
f 7816 7798 8107
f 7816 10074 7798
f 8107 7815 7816
f 10074 7816 9794
f 8125 7802 9577
f 10092 9577 7802
f 9577 7814 8125
f 9577 10092 9793
f 8599 8600 9596
f 10563 9596 10564
f 9596 9597 8599
f 9596 10563 9597
f 9598 9599 8238
f 9598 10203 9599
f 8238 8235 9598
f 10203 9598 10200
f 9592 9600 8592
f 9592 10556 9600
f 8592 8233 9592
f 10556 9592 10198
f 8754 9598 8235
f 8754 10200 9598
f 8235 8242 8754
f 10200 8754 10207
f 8592 9600 9601
f 10556 9601 9600
f 9601 8504 8592
f 9601 10556 10468
f 9602 8754 8242
f 9602 10207 8754
f 8242 8239 9602
f 10207 9602 10204
f 8504 9601 7783
f 10468 7783 9601
f 7783 8503 8504
f 7783 10468 10467
f 7779 9602 8239
f 7779 10204 9602
f 8239 8243 7779
f 10204 7779 10208
f 8503 7783 9603
f 10467 9603 7783
f 9603 8505 8503
f 9603 10467 10469
f 8755 7779 8243
f 8755 10208 7779
f 8243 8245 8755
f 10208 8755 10210
f 8505 9603 9604
f 10469 9604 9603
f 9604 8506 8505
f 9604 10469 10470
f 8247 7788 8755
f 10212 8755 7788
f 8755 8245 8247
f 8755 10212 10210
f 8506 9604 8756
f 10470 8756 9604
f 8756 8507 8506
f 8756 10470 10471
f 8249 9605 7788
f 10214 7788 9605
f 7788 8247 8249
f 7788 10214 10212
f 8507 8756 9606
f 10471 9606 8756
f 9606 8508 8507
f 9606 10471 10472
f 8251 7789 9605
f 10216 9605 7789
f 9605 8249 8251
f 9605 10216 10214
f 8508 9606 7803
f 10472 7803 9606
f 7803 8509 8508
f 7803 10472 10473
f 8251 9742 9739
f 10216 9739 11622
f 9739 7789 8251
f 9739 10216 7789
f 8510 9748 9746
f 10474 9746 11626
f 9746 9607 8510
f 9746 10474 9607
f 7979 8467 8468
f 9953 10432 10431
f 8468 7982 7979
f 10432 9953 9956
f 8319 8469 8467
f 10284 10431 10433
f 8467 7979 8319
f 10431 10284 9953
f 8471 8469 8319
f 10435 10284 10433
f 8319 8331 8471
f 10284 10435 10296
f 8268 8269 8275
f 10233 10240 10234
f 8275 8274 8268
f 10240 10233 10239
f 8280 8281 8282
f 10245 10247 10246
f 8282 8279 8280
f 10247 10245 10244
f 7935 8536 8537
f 9910 10501 10500
f 8537 7934 7935
f 10501 9910 9909
f 8517 8539 7941
f 10481 9916 10503
f 7941 8027 8517
f 9916 10481 9995
f 8535 8536 7935
f 10499 9910 10500
f 7935 7940 8535
f 9910 10499 9915
f 8373 8516 8376
f 10337 10340 10480
f 8376 8377 8373
f 10340 10337 10341
f 8758 8757 8379
f 10716 10343 10715
f 8379 8380 8758
f 10343 10716 10344
f 8422 8425 8426
f 10386 10390 10389
f 8426 8421 8422
f 10390 10386 10385
f 8028 8375 8376
f 9996 10340 10339
f 8376 8027 8028
f 10340 9996 9995
f 8379 8757 8759
f 10343 10717 10715
f 8759 8576 8379
f 10717 10343 10540
f 8656 8653 8382
f 10620 10346 10617
f 8382 8383 8656
f 10346 10620 10347
f 8384 8381 7984
f 10348 9958 10345
f 7984 7985 8384
f 9958 10348 9959
f 8709 8547 8548
f 10672 10512 10511
f 8548 8760 8709
f 10512 10672 10718
f 8380 8377 8378
f 10344 10342 10341
f 8378 8758 8380
f 10342 10344 10716
f 8763 8762 8761
f 10721 10719 10720
f 8761 8764 8763
f 10719 10721 10722
f 8766 8765 8548
f 10724 10512 10723
f 8548 8549 8766
f 10512 10724 10513
f 8380 8033 8373
f 10344 10337 10001
f 8373 8377 8380
f 10337 10344 10341
f 8487 8768 8767
f 10451 10725 10726
f 8767 8486 8487
f 10725 10451 10450
f 8768 8770 8769
f 10726 10727 10728
f 8769 8767 8768
f 10727 10726 10725
f 8435 8772 8771
f 10399 10729 10730
f 8771 8434 8435
f 10729 10399 10398
f 8775 8774 8773
f 10733 10731 10732
f 8773 8776 8775
f 10731 10733 10734
f 8425 8759 8777
f 10389 10735 10717
f 8777 8424 8425
f 10735 10389 10388
f 8576 8759 8425
f 10540 10389 10717
f 8425 8422 8576
f 10389 10540 10386
f 8423 8524 8576
f 10387 10540 10488
f 8576 8422 8423
f 10540 10387 10386
f 8524 8423 8429
f 10488 10393 10387
f 8429 8523 8524
f 10393 10488 10487
f 8778 8667 8668
f 10736 10632 10631
f 8668 8779 8778
f 10632 10736 10737
f 8781 8780 8666
f 10739 10630 10738
f 8666 8671 8781
f 10630 10739 10635
f 8783 8782 8781
f 10741 10739 10740
f 8781 8671 8783
f 10739 10741 10635
f 8786 8487 8484
f 10744 10448 10451
f 8484 8787 8786
f 10448 10744 10745
f 8789 8788 8672
f 10747 10636 10746
f 8672 8769 8789
f 10636 10747 10727
f 8786 8790 8768
f 10744 10726 10748
f 8768 8487 8786
f 10726 10744 10451
f 8767 8663 8664
f 10725 10628 10627
f 8664 8486 8767
f 10628 10725 10450
f 8768 8790 8791
f 10726 10749 10748
f 8791 8770 8768
f 10749 10726 10728
f 8769 8672 8663
f 10727 10627 10636
f 8663 8767 8769
f 10627 10727 10725
f 7944 8792 8791
f 9918 10749 10750
f 8791 8771 7944
f 10749 9918 10729
f 8434 8790 8786
f 10398 10744 10748
f 8786 8433 8434
f 10744 10398 10397
f 8500 8773 8435
f 10464 10399 10731
f 8435 8432 8500
f 10399 10464 10396
f 8500 8432 8489
f 10464 10453 10396
f 8489 8499 8500
f 10453 10464 10463
f 8795 8794 8793
f 10753 10751 10752
f 8793 8796 8795
f 10751 10753 10754
f 8488 8433 8786
f 10452 10744 10397
f 8786 8787 8488
f 10744 10452 10745
f 8773 8774 8772
f 10731 10730 10732
f 8772 8435 8773
f 10730 10731 10399
f 8771 8791 8790
f 10729 10748 10749
f 8790 8434 8771
f 10748 10729 10398
f 8797 8669 8670
f 10755 10634 10633
f 8670 8798 8797
f 10634 10755 10756
f 8796 8800 8799
f 10754 10757 10758
f 8799 8801 8796
f 10757 10754 10759
f 8803 8476 8802
f 10761 10760 10440
f 8802 8804 8803
f 10760 10761 10762
f 8806 8805 8795
f 10764 10753 10763
f 8795 8807 8806
f 10753 10764 10765
f 8800 8490 8808
f 10758 10766 10454
f 8808 8799 8800
f 10766 10758 10757
f 8780 8810 8809
f 10738 10767 10768
f 8809 8811 8780
f 10767 10738 10769
f 8813 8812 8779
f 10771 10737 10770
f 8779 8814 8813
f 10737 10771 10772
f 8780 8781 8815
f 10738 10773 10739
f 8815 8810 8780
f 10773 10738 10768
f 8762 8710 8711
f 10720 10674 10673
f 8711 8761 8762
f 10674 10720 10719
f 9644 8694 8702
f 11528 10665 10657
f 8702 8703 9644
f 10665 11528 10666
f 8694 8525 8711
f 10657 10674 10489
f 8711 8702 8694
f 10674 10657 10665
f 8817 8816 8731
f 10775 10694 10774
f 8731 8732 8817
f 10694 10775 10695
f 8374 8034 8764
f 10338 10722 10002
f 8764 8761 8374
f 10722 10338 10719
f 9648 8439 8436
f 11532 10400 10403
f 8436 9657 9648
f 10400 11532 11540
f 8574 7948 8762
f 10538 10720 9922
f 8762 8763 8574
f 10720 10538 10721
f 8723 8724 8816
f 10686 10774 10687
f 8816 8817 8723
f 10774 10686 10775
f 7948 7949 8710
f 9922 10673 9923
f 8710 8762 7948
f 10673 9922 10720
f 9608 9609 7931
f 9608 9906 9609
f 7931 7932 9608
f 9906 9608 9907
f 8771 8772 7943
f 10729 9917 10730
f 7943 7944 8771
f 9917 10729 9918
f 7784 8150 8151
f 7784 10118 10117
f 8151 9610 7784
f 10118 7784 9610
f 8436 8437 8819
f 10400 10777 10401
f 8819 8818 8436
f 10777 10400 10776
f 9610 8151 8538
f 9610 10502 10118
f 8538 7805 9610
f 10502 9610 7805
f 9657 8436 8818
f 11540 10776 10400
f 8818 9658 9657
f 10776 11540 11541
f 8820 8821 8521
f 10778 10485 10779
f 8521 8815 8820
f 10485 10778 10773
f 8823 8822 8658
f 10781 10622 10780
f 8658 8659 8823
f 10622 10781 10623
f 8671 8672 8788
f 10635 10746 10636
f 8788 8783 8671
f 10746 10635 10741
f 9612 8684 8681
f 9612 10645 10648
f 8681 9611 9612
f 10645 9612 9611
f 9612 7790 8717
f 9612 10680 7790
f 8717 8684 9612
f 10680 9612 10648
f 8769 8770 8824
f 10727 10782 10728
f 8824 8789 8769
f 10782 10727 10747
f 8783 7791 7806
f 10741 7806 7791
f 7806 8782 8783
f 7806 10741 10740
f 8770 8791 8792
f 10728 10750 10749
f 8792 8824 8770
f 10750 10728 10782
f 8772 8774 8825
f 10730 10783 10732
f 8825 7943 8772
f 10783 10730 9917
f 7794 9613 8792
f 7794 10750 9613
f 8792 7944 7794
f 10750 7794 9918
f 8815 8781 8782
f 10773 10740 10739
f 8782 8820 8815
f 10740 10773 10778
f 8828 8827 8826
f 10786 10784 10785
f 8826 8829 8828
f 10784 10786 10787
f 8707 8704 8699
f 10670 10662 10667
f 8699 9645 8707
f 10662 10670 11529
f 8699 8704 8547
f 10662 10511 10667
f 8547 8709 8699
f 10511 10662 10672
f 8765 8830 8760
f 10723 10718 10788
f 8760 8548 8765
f 10718 10723 10512
f 8654 8655 8831
f 10618 10789 10619
f 8831 8832 8654
f 10789 10618 10790
f 8835 8834 8833
f 10793 10791 10792
f 8833 8836 8835
f 10791 10793 10794
f 8575 8574 8837
f 10539 10795 10538
f 8837 8833 8575
f 10795 10539 10791
f 8837 8574 8763
f 10795 10721 10538
f 8763 8838 8837
f 10721 10795 10796
f 8839 8837 8838
f 10797 10796 10795
f 8838 8840 8839
f 10796 10797 10798
f 8835 8842 8841
f 10793 10799 10800
f 8841 8843 8835
f 10799 10793 10801
f 8178 8019 8744
f 10144 10705 9987
f 8744 8177 8178
f 10705 10144 10143
f 8145 7993 8198
f 10112 10164 9963
f 8198 8180 8145
f 10164 10112 10146
f 8097 8133 8185
f 10065 10151 10100
f 8185 8186 8097
f 10151 10065 10152
f 8197 8134 7975
f 10163 9949 10101
f 7975 8196 8197
f 9949 10163 10162
f 8202 7976 8022
f 10168 9990 9950
f 8022 8201 8202
f 9990 10168 10167
f 8214 8625 8748
f 10180 10709 10589
f 8748 8213 8214
f 10709 10180 10179
f 8145 8180 8179
f 10112 10145 10146
f 8179 8144 8145
f 10145 10112 10111
f 8262 8223 8224
f 10227 10190 10189
f 8224 8264 8262
f 10190 10227 10229
f 8201 8022 8019
f 10167 9987 9990
f 8019 8178 8201
f 9987 10167 10144
f 8196 7975 7976
f 10162 9950 9949
f 7976 8202 8196
f 9950 10162 10168
f 8177 8744 8144
f 10143 10111 10705
f 8144 8179 8177
f 10111 10143 10145
f 8133 8134 8197
f 10100 10163 10101
f 8197 8185 8133
f 10163 10100 10151
f 8747 8255 8225
f 10708 10191 10220
f 8225 8589 8747
f 10191 10708 10553
f 8096 8097 8186
f 10064 10152 10065
f 8186 8264 8096
f 10152 10064 10229
f 7835 7842 8127
f 9812 10094 9819
f 8127 7994 7835
f 10094 9812 9964
f 7911 7908 7913
f 9886 9888 9883
f 7913 7912 7911
f 9888 9886 9887
f 8600 8601 7841
f 10564 9818 10565
f 7841 7836 8600
f 9818 10564 9813
f 8844 8326 8147
f 10802 10114 10291
f 8147 8146 8844
f 10114 10802 10113
f 7996 8149 7830
f 9965 9808 10116
f 7830 8230 7996
f 9808 9965 10196
f 8269 8268 8265
f 10234 10230 10233
f 8265 7933 8269
f 10230 10234 9908
f 8277 8328 8307
f 10242 10272 10293
f 8307 8308 8277
f 10272 10242 10273
f 8326 8324 8323
f 10291 10288 10289
f 8323 8147 8326
f 10288 10291 10114
f 8324 8304 8305
f 10289 10270 10269
f 8305 8323 8324
f 10270 10289 10288
f 8500 8501 8776
f 10464 10734 10465
f 8776 8773 8500
f 10734 10464 10731
f 7842 7835 7836
f 9819 9813 9812
f 7836 7841 7842
f 9813 9819 9818
f 7815 7826 7827
f 9794 9805 9804
f 7827 7814 7815
f 9805 9794 9793
f 8127 8149 7996
f 10094 9965 10116
f 7996 7994 8127
f 9965 10094 9964
f 8846 8845 8424
f 10804 10388 10803
f 8424 8777 8846
f 10388 10804 10735
f 8847 8474 8475
f 10805 10439 10438
f 8475 8848 8847
f 10439 10805 10806
f 8477 8849 8802
f 10441 10760 10807
f 8802 8476 8477
f 10760 10441 10440
f 8850 8480 8481
f 10808 10445 10444
f 8481 8851 8850
f 10445 10808 10809
f 8852 8808 8490
f 10810 10454 10766
f 8490 8491 8852
f 10454 10810 10455
f 8801 8807 8795
f 10759 10753 10765
f 8795 8796 8801
f 10753 10759 10754
f 8854 8853 8805
f 10812 10763 10811
f 8805 8855 8854
f 10763 10812 10813
f 8796 8793 8856
f 10754 10814 10751
f 8856 8800 8796
f 10814 10754 10758
f 8803 8857 8479
f 10761 10443 10815
f 8479 8476 8803
f 10443 10761 10440
f 8805 8853 8794
f 10763 10752 10811
f 8794 8795 8805
f 10752 10763 10753
f 8800 8856 8493
f 10758 10457 10814
f 8493 8490 8800
f 10457 10758 10454
f 8859 8858 8483
f 10817 10447 10816
f 8483 8480 8859
f 10447 10817 10444
f 8473 8861 8860
f 10437 10818 10819
f 8860 8472 8473
f 10818 10437 10436
f 8856 8793 8862
f 10814 10820 10751
f 8862 8863 8856
f 10820 10814 10821
f 8865 8864 8853
f 10823 10811 10822
f 8853 8854 8865
f 10811 10823 10812
f 8483 8867 8866
f 10447 10824 10825
f 8866 8482 8483
f 10824 10447 10446
f 8858 8868 8867
f 10816 10825 10826
f 8867 8483 8858
f 10825 10816 10447
f 8870 8478 8869
f 10828 10827 10442
f 8869 8871 8870
f 10827 10828 10829
f 8857 8873 8872
f 10815 10830 10831
f 8872 8479 8857
f 10830 10815 10443
f 8472 8860 8873
f 10436 10831 10818
f 8873 8857 8472
f 10831 10436 10815
f 8482 8866 8874
f 10446 10832 10824
f 8874 8875 8482
f 10832 10446 10833
f 8864 8876 8794
f 10822 10752 10834
f 8794 8853 8864
f 10752 10822 10811
f 8794 8876 8862
f 10752 10820 10834
f 8862 8793 8794
f 10820 10752 10751
f 8863 8877 8493
f 10821 10457 10835
f 8493 8856 8863
f 10457 10821 10814
f 8492 8493 8877
f 10456 10835 10457
f 8877 8878 8492
f 10835 10456 10836
f 8880 8879 8281
f 10838 10246 10837
f 8281 8280 8880
f 10246 10838 10245
f 8881 8880 8280
f 10839 10245 10838
f 8280 8277 8881
f 10245 10839 10242
f 8882 8881 8277
f 10840 10242 10839
f 8277 8308 8882
f 10242 10840 10273
f 8883 8882 8308
f 10841 10273 10840
f 8308 8309 8883
f 10273 10841 10274
f 8313 8884 8883
f 10278 10841 10842
f 8883 8309 8313
f 10841 10278 10274
f 8329 8330 8284
f 10294 10249 10295
f 8284 8884 8329
f 10249 10294 10842
f 8879 8885 8284
f 10837 10249 10843
f 8284 8281 8879
f 10249 10837 10246
f 7997 7870 7871
f 9966 9848 9847
f 7871 7987 7997
f 9848 9966 9961
f 8001 7882 7883
f 9970 9860 9859
f 7883 8002 8001
f 9860 9970 9971
f 8047 8055 8056
f 10015 10024 10023
f 8056 8049 8047
f 10024 10015 10017
f 8069 8070 8063
f 10037 10031 10038
f 8063 8061 8069
f 10031 10037 10029
f 8886 8350 8640
f 10844 10604 10315
f 8640 8887 8886
f 10604 10844 10845
f 8752 8002 7883
f 10713 9860 9971
f 7883 8751 8752
f 9860 10713 10712
f 7796 7988 7987
f 7796 9961 7988
f 7987 7871 7796
f 9961 7796 9848
f 8889 8888 8253
f 10847 10218 10846
f 8253 8254 8889
f 10218 10847 10219
f 8890 8889 8254
f 10848 10219 10847
f 8254 8510 8890
f 10219 10848 10474
f 8888 9614 7804
f 10846 7804 9614
f 7804 8253 8888
f 7804 10846 10218
f 8890 8510 9607
f 10848 9607 10474
f 9607 9615 8890
f 9607 10848 9615
f 7807 8889 8890
f 7807 10848 10847
f 8890 9615 7807
f 10848 7807 9615
f 7807 9614 8888
f 7807 10846 9614
f 8888 8889 7807
f 10846 7807 10847
f 8836 8833 8837
f 10794 10795 10791
f 8837 8839 8836
f 10795 10794 10797
f 8892 8891 8665
f 10850 10629 10849
f 8665 8811 8892
f 10629 10850 10769
f 8893 8809 8810
f 10851 10768 10767
f 8810 8522 8893
f 10768 10851 10486
f 8811 8809 8894
f 10769 10852 10767
f 8894 8892 8811
f 10852 10769 10850
f 8811 8665 8666
f 10769 10630 10629
f 8666 8780 8811
f 10630 10769 10738
f 8708 8709 8760
f 10671 10718 10672
f 8760 8895 8708
f 10718 10671 10853
f 8831 8660 8657
f 10789 10621 10624
f 8657 8832 8831
f 10621 10789 10790
f 8845 8846 8775
f 10803 10733 10804
f 8775 8776 8845
f 10733 10803 10734
f 8501 8495 8845
f 10465 10803 10459
f 8845 8776 8501
f 10803 10465 10734
f 8495 8427 8424
f 10459 10388 10391
f 8424 8845 8495
f 10388 10459 10803
f 8502 8852 8847
f 10466 10805 10810
f 8847 8494 8502
f 10805 10466 10458
f 8491 8492 8473
f 10455 10437 10456
f 8473 8474 8491
f 10437 10455 10438
f 8492 8878 8861
f 10456 10819 10836
f 8861 8473 8492
f 10819 10456 10437
f 8622 8621 7999
f 10586 9968 10585
f 7999 8052 8622
f 9968 10586 10020
f 7875 8335 8336
f 9852 10301 10300
f 8336 7874 7875
f 10301 9852 9851
f 7881 8043 8044
f 9858 10012 10011
f 8044 7879 7881
f 10012 9858 9856
f 7881 7882 8896
f 9858 10854 9859
f 8896 8043 7881
f 10854 9858 10011
f 8640 8633 8048
f 10604 10016 10597
f 8048 8049 8640
f 10016 10604 10017
f 8354 8628 8335
f 10319 10300 10592
f 8335 7875 8354
f 10300 10319 9852
f 7999 7878 8051
f 9968 10019 9855
f 8051 8052 7999
f 10019 9968 10020
f 8001 7885 8753
f 9970 10714 9862
f 8753 8897 8001
f 10714 9970 10855
f 8053 8898 8887
f 10021 10845 10856
f 8887 8056 8053
f 10845 10021 10024
f 7879 8044 8051
f 9856 10019 10012
f 8051 7878 7879
f 10019 9856 9855
f 9718 8345 8342
f 11600 10307 10310
f 8342 9719 9718
f 10307 11600 11601
f 8619 8900 8899
f 10583 10857 10858
f 8899 8618 8619
f 10857 10583 10582
f 8613 8614 8615
f 10577 10579 10578
f 8615 7886 8613
f 10579 10577 9863
f 7874 8336 8618
f 9851 10582 10301
f 8618 8899 7874
f 10582 9851 10857
f 8613 8621 8622
f 10577 10586 10585
f 8622 8614 8613
f 10586 10577 10578
f 8053 8900 8619
f 10021 10583 10858
f 8619 8898 8053
f 10583 10021 10856
f 8753 7885 7886
f 10714 9863 9862
f 7886 8615 8753
f 9863 10714 10579
f 9716 8048 8633
f 11598 10597 10016
f 8633 8347 9716
f 10597 11598 10312
f 7882 8001 8897
f 9859 10855 9970
f 8897 8896 7882
f 10855 9859 10854
f 8887 8640 8049
f 10845 10017 10604
f 8049 8056 8887
f 10017 10845 10024
f 8088 8227 7850
f 10056 9827 10193
f 7850 7851 8088
f 9827 10056 9828
f 8590 8182 7854
f 10554 9831 10148
f 7854 7855 8590
f 9831 10554 9832
f 7858 8591 8222
f 9835 10188 10555
f 8222 7857 7858
f 10188 9835 9834
f 7861 8606 8184
f 9838 10150 10570
f 8184 7860 7861
f 10150 9838 9837
f 8130 8091 8088
f 10097 10056 10059
f 8088 7851 8130
f 10056 10097 9828
f 8097 8098 8132
f 10065 10099 10066
f 8132 8133 8097
f 10099 10065 10100
f 8222 8219 8181
f 10188 10147 10185
f 8181 7857 8222
f 10147 10188 9834
f 8227 8228 8183
f 10193 10149 10194
f 8183 7850 8227
f 10149 10193 9827
f 8130 8131 7853
f 10097 9830 10098
f 7853 7854 8130
f 9830 10097 9831
f 8185 8197 7863
f 10151 9840 10163
f 7863 7860 8185
f 9840 10151 9837
f 7832 7833 8181
f 9810 10147 9811
f 8181 7855 7832
f 10147 9810 9832
f 8228 8606 7861
f 10194 9838 10570
f 7861 8183 8228
f 9838 10194 10149
f 7859 8135 8132
f 9836 10099 10102
f 8132 7858 7859
f 10099 9836 9835
f 9027 9705 9704
f 10979 11586 11587
f 9704 9036 9027
f 11586 10979 10988
f 8745 8078 8582
f 10706 10546 10046
f 8582 8073 8745
f 10546 10706 10041
f 8192 9707 9706
f 10158 11588 11589
f 9706 8191 8192
f 11588 10158 10157
f 8082 8208 8215
f 10050 10181 10174
f 8215 8580 8082
f 10181 10050 10544
f 8077 8078 8745
f 10045 10706 10046
f 8745 8903 8077
f 10706 10045 10861
f 8072 8625 8214
f 10040 10180 10589
f 8214 8452 8072
f 10180 10040 10416
f 8082 8580 8904
f 10050 10862 10544
f 8904 8905 8082
f 10862 10050 10863
f 8906 8907 9788
f 10864 11665 10865
f 9788 9787 8906
f 11665 10864 11664
f 7873 8622 8052
f 9850 10020 10586
f 8052 7872 7873
f 10020 9850 9849
f 8045 8046 8048
f 10013 10016 10014
f 8048 8355 8045
f 10016 10013 10320
f 8043 8896 8047
f 10011 10015 10854
f 8047 8046 8043
f 10015 10011 10014
f 8050 8354 7875
f 10018 9852 10319
f 7875 7872 8050
f 9852 10018 9849
f 8897 8753 8054
f 10855 10022 10714
f 8054 8055 8897
f 10022 10855 10023
f 8044 8045 8050
f 10012 10018 10013
f 8050 8051 8044
f 10018 10012 10019
f 8900 8616 8617
f 10858 10581 10580
f 8617 8899 8900
f 10581 10858 10857
f 7873 7874 8899
f 9850 10857 9851
f 8899 8617 7873
f 10857 9850 10581
f 8900 8053 8054
f 10858 10022 10021
f 8054 8616 8900
f 10022 10858 10580
f 8896 8897 8055
f 10854 10023 10855
f 8055 8047 8896
f 10023 10854 10015
f 8626 9754 9760
f 10590 11638 11632
f 9760 8344 8626
f 11638 10590 10309
f 8632 9758 9761
f 10596 11639 11636
f 9761 8346 8632
f 11639 10596 10311
f 8629 9752 9762
f 10593 11640 11630
f 9762 8596 8629
f 11640 10593 10560
f 9608 7932 8911
f 9608 10869 9907
f 8911 9616 9608
f 10869 9608 9616
f 7933 8265 8911
f 9908 10869 10230
f 8911 7932 7933
f 10869 9908 9907
f 8585 8218 8095
f 10549 10063 10184
f 8095 8912 8585
f 10063 10549 10870
f 8205 8912 8095
f 10171 10063 10870
f 8095 8092 8205
f 10063 10171 10060
f 8914 8913 8587
f 10872 10551 10871
f 8587 8915 8914
f 10551 10872 10873
f 8272 8916 8266
f 10237 10231 10874
f 8266 8267 8272
f 10231 10237 10232
f 8265 8266 8917
f 10230 10875 10231
f 8917 8911 8265
f 10875 10230 10869
f 8715 9643 8532
f 10678 10496 11527
f 8532 8544 8715
f 10496 10678 10508
f 9646 8543 8544
f 11530 10508 10507
f 8544 8532 9646
f 10508 11530 10496
f 8716 8674 9643
f 10679 11527 10638
f 9643 8715 8716
f 11527 10679 10678
f 8717 8676 8677
f 10680 10641 10640
f 8677 9647 8717
f 10641 10680 11531
f 9647 8677 8674
f 11531 10638 10641
f 8674 8716 9647
f 10638 11531 10679
f 8691 8722 8723
f 10654 10686 10685
f 8723 8690 8691
f 10686 10654 10653
f 8728 8696 9644
f 10691 11528 10659
f 9644 8727 8728
f 11528 10691 10690
f 8817 8701 8690
f 10775 10653 10664
f 8690 8723 8817
f 10653 10775 10686
f 8732 8703 8701
f 10695 10664 10666
f 8701 8817 8732
f 10664 10695 10775
f 8734 8706 8707
f 10697 10670 10669
f 8707 8730 8734
f 10670 10697 10693
f 8543 9646 8714
f 10507 10677 11530
f 8714 8735 8543
f 10677 10507 10698
f 8735 8714 8696
f 10698 10659 10677
f 8696 8728 8735
f 10659 10698 10691
f 8697 8720 8721
f 10660 10684 10683
f 8721 9645 8697
f 10684 10660 11529
f 9645 8721 8730
f 11529 10693 10684
f 8730 8707 9645
f 10693 11529 10670
f 8703 8732 8727
f 10666 10690 10695
f 8727 9644 8703
f 10690 10666 11528
f 7790 7808 8676
f 7790 10640 7808
f 8676 8717 7790
f 10640 7790 10680
f 7986 7983 8661
f 9960 10625 9957
f 8661 8662 7986
f 10625 9960 10626
f 8920 8919 8918
f 10878 10876 10877
f 8918 8921 8920
f 10876 10878 10879
f 8923 8922 8739
f 10881 10701 10880
f 8739 8740 8923
f 10701 10881 10702
f 8926 8925 8924
f 10884 10882 10883
f 8924 8927 8926
f 10882 10884 10885
f 8930 8929 8928
f 10888 10886 10887
f 8928 8919 8930
f 10886 10888 10877
f 8927 8924 8922
f 10885 10880 10882
f 8922 8923 8927
f 10880 10885 10881
f 8918 8931 8925
f 10876 10883 10889
f 8925 8926 8918
f 10883 10876 10884
f 8919 8928 8931
f 10877 10889 10886
f 8931 8918 8919
f 10889 10877 10876
f 8932 8285 8314
f 10890 10279 10250
f 8314 8311 8932
f 10279 10890 10276
f 8740 8934 8933
f 10702 10891 10892
f 8933 8923 8740
f 10891 10702 10881
f 8936 8935 8926
f 10894 10884 10893
f 8926 8927 8936
f 10884 10894 10885
f 8919 8920 8937
f 10877 10895 10878
f 8937 8930 8919
f 10895 10877 10888
f 8926 8935 8921
f 10884 10879 10893
f 8921 8918 8926
f 10879 10884 10876
f 8923 8933 8936
f 10881 10894 10891
f 8936 8927 8923
f 10894 10881 10885
f 7969 8920 8921
f 9943 10879 10878
f 8921 8018 7969
f 10879 9943 9986
f 8932 8916 8272
f 10890 10237 10874
f 8272 8285 8932
f 10237 10890 10250
f 7865 7866 8058
f 9842 10026 9843
f 8058 8067 7865
f 10026 9842 10035
f 8938 8057 7869
f 10896 9846 10025
f 7869 7870 8938
f 9846 10896 9847
f 7998 8562 8939
f 9967 10897 10526
f 8939 7997 7998
f 10897 9967 9966
f 8058 7866 7869
f 10026 9846 9843
f 7869 8057 8058
f 9846 10026 10025
f 8608 8593 8064
f 10572 10032 10557
f 8064 8611 8608
f 10032 10572 10575
f 8609 8607 8610
f 10573 10574 10571
f 8610 8561 8609
f 10574 10573 10525
f 8939 8938 7870
f 10897 9847 10896
f 7870 7997 8939
f 9847 10897 9966
f 8003 7843 7844
f 9972 9821 9820
f 7844 7974 8003
f 9821 9972 9948
f 7895 7892 7896
f 9872 9873 9869
f 7896 7897 7895
f 9873 9872 9874
f 7846 8180 8198
f 9823 10164 10146
f 8198 7845 7846
f 10164 9823 9822
f 8129 7847 7848
f 10096 9825 9824
f 7848 7991 8129
f 9825 10096 9962
f 7957 7958 8558
f 9931 10522 9932
f 8558 7952 7957
f 10522 9931 9926
f 7953 8515 7957
f 9927 9931 10479
f 7957 7952 7953
f 9931 9927 9926
f 9593 8515 7953
f 9593 9927 10479
f 7953 7782 9593
f 9927 9593 7782
f 7959 7956 7828
f 9933 9806 9930
f 7828 8570 7959
f 9806 9933 10534
f 8513 7959 8570
f 10477 10534 9933
f 8570 8005 8513
f 10534 10477 9974
f 8571 8513 8005
f 10535 9974 10477
f 8005 8003 8571
f 9974 10535 9972
f 8550 7950 7951
f 10514 9925 9924
f 7951 8549 8550
f 9925 10514 10513
f 8549 7951 8575
f 10513 10539 9925
f 8575 8766 8549
f 10539 10513 10724
f 7949 7950 8692
f 9923 10655 9924
f 8692 8693 7949
f 10655 9923 10656
f 8706 8691 8692
f 10669 10655 10654
f 8692 8705 8706
f 10655 10669 10668
f 8734 8722 8691
f 10697 10654 10685
f 8691 8706 8734
f 10654 10697 10669
f 8733 8725 8722
f 10696 10685 10688
f 8722 8734 8733
f 10685 10696 10697
f 8932 8311 8929
f 10890 10887 10276
f 8929 8930 8932
f 10887 10890 10888
f 8916 8932 8930
f 10874 10888 10890
f 8930 8937 8916
f 10888 10874 10895
f 8484 8485 8940
f 10448 10898 10449
f 8940 8806 8484
f 10898 10448 10764
f 8941 8496 8848
f 10899 10806 10460
f 8848 8804 8941
f 10806 10899 10762
f 8472 8857 8803
f 10436 10761 10815
f 8803 8475 8472
f 10761 10436 10439
f 8942 8481 8482
f 10900 10446 10445
f 8482 8875 8942
f 10446 10900 10833
f 8944 8943 8669
f 10902 10633 10901
f 8669 8797 8944
f 10633 10902 10755
f 8779 8668 8945
f 10737 10903 10632
f 8945 8814 8779
f 10903 10737 10772
f 8946 8813 8894
f 10904 10852 10771
f 8894 8947 8946
f 10852 10904 10905
f 8948 8904 8580
f 10906 10544 10862
f 8580 8579 8948
f 10544 10906 10543
f 8949 8785 9701
f 10907 11583 10743
f 9701 8950 8949
f 11583 10907 10908
f 7910 8916 8937
f 9885 10895 10874
f 8937 7970 7910
f 10895 9885 9944
f 7869 7866 7867
f 9846 9844 9843
f 7867 7868 7869
f 9844 9846 9845
f 7879 7876 7880
f 9856 9857 9853
f 7880 7881 7879
f 9857 9856 9858
f 8258 8172 8167
f 10223 10134 10139
f 8167 8207 8258
f 10134 10223 10173
f 8206 8168 8079
f 10172 10047 10135
f 8079 8076 8206
f 10047 10172 10044
f 8222 8591 8263
f 10188 10228 10555
f 8263 8221 8222
f 10228 10188 10187
f 8106 8113 7859
f 10073 9836 10080
f 7859 7856 8106
f 9836 10073 9833
f 7867 7920 7921
f 9844 9896 9895
f 7921 7868 7867
f 9896 9844 9845
f 9599 9590 8232
f 9599 10197 9590
f 8232 8238 9599
f 10197 9599 10203
f 8238 8232 7831
f 10203 9809 10197
f 7831 8237 8238
f 9809 10203 10202
f 7830 7831 8232
f 9808 10197 9809
f 8232 8230 7830
f 10197 9808 10196
f 8603 8583 8584
f 10567 10548 10547
f 8584 8604 8603
f 10548 10567 10568
f 8914 8915 8602
f 10872 10566 10873
f 8602 8605 8914
f 10566 10872 10569
f 8936 7906 7907
f 10894 9882 9881
f 7907 8935 8936
f 9882 10894 10893
f 7910 7911 8266
f 9885 10231 9886
f 8266 8916 7910
f 10231 9885 10874
f 9581 9617 8917
f 9581 10875 9617
f 8917 7912 9581
f 10875 9581 9887
f 8920 7969 7970
f 10878 9944 9943
f 7970 8937 8920
f 9944 10878 10895
f 9618 8951 8737
f 9618 10700 8951
f 8737 8934 9618
f 10700 9618 10892
f 8935 7907 8018
f 10893 9986 9882
f 8018 8921 8935
f 9986 10893 10879
f 8933 8141 7906
f 10891 9881 10108
f 7906 8936 8933
f 9881 10891 10894
f 8934 8737 8141
f 10892 10108 10700
f 8141 8933 8934
f 10108 10892 10891
f 8266 7911 7912
f 10231 9887 9886
f 7912 8917 8266
f 9887 10231 10875
f 7968 7969 8018
f 9942 9986 9943
f 8018 8015 7968
f 9986 9942 9983
f 7909 7910 7970
f 9884 9944 9885
f 7970 7967 7909
f 9944 9884 9941
f 8929 7985 7986
f 10887 9960 9959
f 7986 8928 8929
f 9960 10887 10886
f 8375 7983 7984
f 10339 9958 9957
f 7984 8378 8375
f 9958 10339 10342
f 8312 8383 8384
f 10277 10348 10347
f 8384 8311 8312
f 10348 10277 10276
f 8758 8381 8382
f 10716 10346 10345
f 8382 8757 8758
f 10346 10716 10715
f 8922 8647 8648
f 10880 10612 10611
f 8648 8739 8922
f 10612 10880 10701
f 7937 8645 8646
f 9912 10610 10609
f 8646 7936 7937
f 10610 9912 9911
f 8925 8651 8652
f 10883 10616 10615
f 8652 8924 8925
f 10616 10883 10882
f 7939 8649 8650
f 9914 10614 10613
f 8650 7938 7939
f 10614 9914 9913
f 8307 8655 8656
f 10272 10620 10619
f 8656 8310 8307
f 10620 10272 10275
f 8759 8653 8654
f 10717 10618 10617
f 8654 8777 8759
f 10618 10717 10735
f 9609 7809 8823
f 9609 10781 7809
f 8823 7931 9609
f 10781 9609 9906
f 8924 8652 8647
f 10882 10611 10616
f 8647 8922 8924
f 10611 10882 10880
f 7936 8646 8649
f 9911 10613 10610
f 8649 7939 7936
f 10613 9911 9914
f 8659 8660 8270
f 10623 10235 10624
f 8270 7930 8659
f 10235 10623 9905
f 8775 8657 8658
f 10733 10622 10621
f 8658 8774 8775
f 10622 10733 10732
f 8931 8662 8651
f 10889 10615 10626
f 8651 8925 8931
f 10615 10889 10883
f 7938 8650 8661
f 9913 10625 10614
f 8661 8028 7938
f 10625 9913 9996
f 8310 8656 8383
f 10275 10347 10620
f 8383 8312 8310
f 10347 10275 10277
f 8757 8382 8653
f 10715 10617 10346
f 8653 8759 8757
f 10617 10715 10717
f 8311 8384 7985
f 10276 9959 10348
f 7985 8929 8311
f 9959 10276 10887
f 8378 7984 8381
f 10342 10345 9958
f 8381 8758 8378
f 10345 10342 10716
f 7931 8823 8659
f 9906 10623 10781
f 8659 7930 7931
f 10623 9906 9905
f 8774 8658 8822
f 10732 10780 10622
f 8822 8825 8774
f 10780 10732 10783
f 8777 8654 8832
f 10735 10790 10618
f 8832 8846 8777
f 10790 10735 10804
f 8831 8655 8307
f 10789 10272 10619
f 8307 8328 8831
f 10272 10789 10293
f 8846 8832 8657
f 10804 10621 10790
f 8657 8775 8846
f 10621 10804 10733
f 8660 8831 8328
f 10624 10293 10789
f 8328 8270 8660
f 10293 10624 10235
f 8928 7986 8662
f 10886 10626 9960
f 8662 8931 8928
f 10626 10886 10889
f 8028 8661 7983
f 9996 9957 10625
f 7983 8375 8028
f 9957 9996 10339
f 8439 9648 9683
f 10403 11566 11532
f 9683 8952 8439
f 11566 10403 10909
f 8034 8035 8953
f 10002 10910 10003
f 8953 8764 8034
f 10910 10002 10722
f 8525 8374 8761
f 10489 10719 10338
f 8761 8711 8525
f 10719 10489 10674
f 8035 8523 8673
f 10003 10637 10487
f 8673 8953 8035
f 10637 10003 10910
f 7806 8954 8820
f 7806 10778 8954
f 8820 8782 7806
f 10778 7806 10740
f 7901 8737 8951
f 9876 8951 10700
f 8951 7785 7901
f 8951 9876 7785
f 7989 7899 7896
f 7989 9873 7899
f 7896 7991 7989
f 9873 7989 9962
f 7943 8825 9619
f 9917 9619 10783
f 9619 7942 7943
f 9619 9917 7942
f 9585 8041 8519
f 9585 10483 10009
f 8519 8955 9585
f 10483 9585 8955
f 8689 8679 8676
f 8689 10640 10643
f 8676 7808 8689
f 10640 8689 7808
f 9586 9611 8681
f 9586 10645 9611
f 8681 8042 9586
f 10645 9586 10010
f 9621 8152 8153
f 9621 10120 10119
f 8153 9620 9621
f 10120 9621 11526
f 7810 7934 8537
f 7810 10501 9909
f 8537 9622 7810
f 10501 7810 9622
f 9619 8825 8822
f 9619 10780 10783
f 8822 9623 9619
f 10780 9619 9623
f 8738 8739 8648
f 8738 10612 10701
f 8648 7792 8738
f 10612 8738 7792
f 8818 8819 9624
f 10776 9624 10777
f 9624 9625 8818
f 9624 10776 9625
f 9625 9649 9658
f 9625 11541 9649
f 9658 8818 9625
f 11541 9625 10776
f 8105 8106 7856
f 8105 9833 10073
f 7856 8174 8105
f 9833 8105 8174
f 8519 8152 9621
f 10483 9621 10119
f 9621 8955 8519
f 9621 10483 8955
f 7800 7853 8131
f 7800 10098 9830
f 8131 9626 7800
f 10098 7800 9626
f 8537 8150 7784
f 10501 7784 10117
f 7784 9622 8537
f 7784 10501 9622
f 9589 8198 7993
f 9589 9963 10164
f 7993 9583 9589
f 9963 9589 9583
f 9627 8697 8698
f 9627 10661 10660
f 8698 7793 9627
f 10661 9627 7793
f 8956 8950 9639
f 10911 9639 10908
f 9639 9640 8956
f 9639 10911 9640
f 8934 8740 7801
f 10892 7801 10702
f 7801 9618 8934
f 7801 10892 9618
f 9684 8959 8958
f 11567 10912 10913
f 8958 9683 9684
f 10912 11567 11566
f 9650 9642 9639
f 11533 9639 9642
f 9639 8950 9650
f 9639 11533 10908
f 9701 9653 9650
f 11583 11533 11536
f 9650 8950 9701
f 11533 11583 10908
f 8765 8766 8834
f 10723 10792 10724
f 8834 8830 8765
f 10792 10723 10788
f 8809 8893 8947
f 10767 10905 10851
f 8947 8894 8809
f 10905 10767 10852
f 8813 8946 8960
f 10771 10914 10904
f 8960 8812 8813
f 10914 10771 10770
f 8815 8521 8522
f 10773 10486 10485
f 8522 8810 8815
f 10486 10773 10768
f 8961 8893 8522
f 10915 10486 10851
f 8522 8438 8961
f 10486 10915 10402
f 8953 8838 8763
f 10910 10721 10796
f 8763 8764 8953
f 10721 10910 10722
f 8840 8838 8953
f 10798 10910 10796
f 8953 8962 8840
f 10910 10798 10916
f 8963 9700 9702
f 10917 11584 11582
f 9702 8842 8963
f 11584 10917 10800
f 8784 8841 8842
f 10742 10800 10799
f 8842 9702 8784
f 10800 10742 11584
f 8785 8949 8841
f 10743 10799 10907
f 8841 8784 8785
f 10799 10743 10742
f 8839 8964 8963
f 10797 10917 10918
f 8963 8836 8839
f 10917 10797 10794
f 8965 8760 8830
f 10919 10788 10718
f 8830 8843 8965
f 10788 10919 10801
f 8834 8766 8575
f 10792 10539 10724
f 8575 8833 8834
f 10539 10792 10791
f 8834 8835 8843
f 10792 10801 10793
f 8843 8830 8834
f 10801 10792 10788
f 8949 8965 8843
f 10907 10801 10919
f 8843 8841 8949
f 10801 10907 10799
f 8835 8836 8963
f 10793 10917 10794
f 8963 8842 8835
f 10917 10793 10800
f 8964 8839 8840
f 10918 10798 10797
f 8840 8960 8964
f 10798 10918 10914
f 8778 8962 8953
f 10736 10910 10916
f 8953 8673 8778
f 10910 10736 10637
f 8670 8667 8430
f 10634 10394 10631
f 8430 8431 8670
f 10394 10634 10395
f 8667 8778 8673
f 10631 10637 10736
f 8673 8430 8667
f 10637 10631 10394
f 8801 8799 8489
f 10759 10453 10757
f 8489 8488 8801
f 10453 10759 10452
f 8804 8802 8497
f 10762 10461 10760
f 8497 8941 8804
f 10461 10762 10899
f 8484 8806 8807
f 10448 10765 10764
f 8807 8787 8484
f 10765 10448 10745
f 8799 8808 8499
f 10757 10463 10766
f 8499 8489 8799
f 10463 10757 10453
f 8827 8966 8859
f 10785 10817 10920
f 8859 8826 8827
f 10817 10785 10784
f 8494 8847 8848
f 10458 10806 10805
f 8848 8496 8494
f 10806 10458 10460
f 8827 8828 8498
f 10785 10462 10786
f 8498 8849 8827
f 10462 10785 10807
f 8798 8850 8851
f 10756 10809 10808
f 8851 8797 8798
f 10809 10756 10755
f 8808 8852 8502
f 10766 10466 10810
f 8502 8499 8808
f 10466 10766 10463
f 8807 8801 8488
f 10765 10452 10759
f 8488 8787 8807
f 10452 10765 10745
f 8491 8474 8847
f 10455 10805 10438
f 8847 8852 8491
f 10805 10455 10810
f 8940 8968 8967
f 10898 10921 10922
f 8967 8855 8940
f 10921 10898 10813
f 8804 8848 8475
f 10762 10439 10806
f 8475 8803 8804
f 10439 10762 10761
f 8969 8944 8797
f 10923 10755 10902
f 8797 8851 8969
f 10755 10923 10809
f 8813 8814 8892
f 10771 10850 10772
f 8892 8894 8813
f 10850 10771 10852
f 8967 8968 8970
f 10921 10924 10922
f 8970 8971 8967
f 10924 10921 10925
f 8892 8814 8945
f 10850 10903 10772
f 8945 8891 8892
f 10903 10850 10849
f 8891 8945 8943
f 10849 10901 10903
f 8943 8972 8891
f 10901 10849 10926
f 8778 8779 8812
f 10736 10770 10737
f 8812 8962 8778
f 10770 10736 10916
f 8812 8960 8840
f 10770 10798 10914
f 8840 8962 8812
f 10798 10770 10916
f 8973 8719 8720
f 8973 10683 10682
f 8720 9628 8973
f 10683 8973 9628
f 9628 8720 8697
f 9628 10660 10683
f 8697 9627 9628
f 10660 9628 9627
f 8974 8453 8454
f 10927 10418 10417
f 8454 8975 8974
f 10418 10927 10928
f 8397 8977 8976
f 10361 10929 10930
f 8976 8396 8397
f 10929 10361 10360
f 8401 8979 8978
f 10365 10931 10932
f 8978 8400 8401
f 10931 10365 10364
f 8412 8981 8980
f 10376 10933 10934
f 8980 8411 8412
f 10933 10376 10375
f 8983 8982 8445
f 10936 10409 10935
f 8445 8446 8983
f 10409 10936 10410
f 8388 8389 8456
f 10352 10420 10353
f 8456 8457 8388
f 10420 10352 10421
f 8404 8405 8460
f 10368 10424 10369
f 8460 8461 8404
f 10424 10368 10425
f 8137 8985 8984
f 10104 10937 10938
f 8984 8136 8137
f 10937 10104 10103
f 8450 8447 8188
f 10414 10154 10411
f 8188 8189 8450
f 10154 10414 10155
f 8416 8417 8465
f 10380 10429 10381
f 8465 8466 8416
f 10429 10380 10430
f 8352 8353 9764
f 10317 11642 10318
f 9764 9763 8352
f 11642 10317 11641
f 8637 8989 9765
f 10601 11643 10942
f 9765 9756 8637
f 11643 10601 11634
f 8913 8914 8990
f 10871 10943 10872
f 8990 8991 8913
f 10943 10871 10944
f 8351 8642 8641
f 10316 10605 10606
f 8641 8350 8351
f 10605 10316 10315
f 9497 9709 9708
f 11449 11590 11591
f 9708 8337 9497
f 11590 11449 10302
f 8994 9767 9778
f 10947 11656 11645
f 9778 8995 8994
f 11656 10947 10948
f 8996 9769 9768
f 10949 11646 11647
f 9768 8997 8996
f 11646 10949 10950
f 8619 9714 9715
f 10583 11597 11596
f 9715 8898 8619
f 11597 10583 10856
f 8887 8898 8989
f 10845 10942 10856
f 8989 8637 8887
f 10942 10845 10601
f 8338 8339 8598
f 10303 10562 10304
f 8598 8595 8338
f 10562 10303 10559
f 8886 8887 8637
f 10844 10601 10845
f 8637 8638 8886
f 10601 10844 10602
f 8999 8612 8610
f 10952 10574 10576
f 8610 8611 8999
f 10574 10952 10575
f 8065 8999 8611
f 10033 10575 10952
f 8611 8064 8065
f 10575 10033 10032
f 9000 8553 8023
f 10953 9991 10517
f 8023 8024 9000
f 9991 10953 9992
f 9594 7918 8356
f 9594 10321 9893
f 8356 8357 9594
f 10321 9594 8357
f 8358 8142 8552
f 10322 10516 10109
f 8552 8360 8358
f 10516 10322 10324
f 7919 8142 8358
f 9894 10322 10109
f 8358 8362 7919
f 10322 9894 10326
f 7972 7973 8365
f 9946 10329 9947
f 8365 8364 7972
f 10329 9946 10328
f 8553 9000 8370
f 10517 10334 10953
f 8370 8368 8553
f 10334 10517 10332
f 7918 7919 8362
f 9893 10326 9894
f 8362 8356 7918
f 10326 9893 10321
f 9001 8601 8372
f 10954 10336 10565
f 8372 8371 9001
f 10336 10954 10335
f 9000 7972 8364
f 10953 10328 9946
f 8364 8370 9000
f 10328 10953 10334
f 8552 8553 8368
f 10516 10332 10517
f 8368 8360 8552
f 10332 10516 10324
f 7973 9001 8371
f 9947 10335 10954
f 8371 8365 7973
f 10335 9947 10329
f 8125 8126 8372
f 10092 10336 10093
f 8372 8599 8125
f 10336 10092 10563
f 7802 8125 8599
f 7802 10563 10092
f 8599 9597 7802
f 10563 7802 9597
f 8003 7974 7971
f 9972 9945 9948
f 7971 8571 8003
f 9945 9972 10535
f 8571 7971 8024
f 10535 9992 9945
f 8024 8025 8571
f 9992 10535 9993
f 7864 8594 8554
f 9841 10518 10558
f 8554 8143 7864
f 10518 9841 10110
f 7836 9580 9596
f 9813 9596 9580
f 9596 8600 7836
f 9596 9813 10564
f 7844 7841 8601
f 9821 10565 9818
f 8601 9001 7844
f 10565 9821 10954
f 8024 7971 7972
f 9992 9946 9945
f 7972 9000 8024
f 9946 9992 10953
f 7974 7844 9001
f 9948 10954 9821
f 9001 7973 7974
f 10954 9948 9947
f 8593 7865 8067
f 10557 10035 9842
f 8067 8064 8593
f 10035 10557 10032
f 8060 8062 8564
f 10028 10528 10030
f 8564 8059 8060
f 10528 10028 10027
f 8060 8057 8938
f 10028 10896 10025
f 8938 8061 8060
f 10896 10028 10029
f 8563 9002 8065
f 10527 10033 10955
f 8065 8066 8563
f 10033 10527 10034
f 8069 8939 8562
f 10037 10526 10897
f 8562 8068 8069
f 10526 10037 10036
f 8749 8071 8068
f 10710 10036 10039
f 8068 8560 8749
f 10036 10710 10524
f 9003 8749 8560
f 10956 10524 10710
f 8560 8612 9003
f 10524 10956 10576
f 8061 8938 8939
f 10029 10897 10896
f 8939 8069 8061
f 10897 10029 10037
f 8999 9004 9003
f 10952 10956 10957
f 9003 8612 8999
f 10956 10952 10576
f 9002 9004 8999
f 10955 10952 10957
f 8999 8065 9002
f 10952 10955 10033
f 8160 8159 8563
f 10127 10527 10126
f 8563 8564 8160
f 10527 10127 10528
f 8063 8751 8750
f 10031 10711 10712
f 8750 8062 8063
f 10711 10031 10030
f 8071 8162 8752
f 10039 10713 10129
f 8752 8070 8071
f 10713 10039 10038
f 8159 8569 9002
f 10126 10955 10533
f 9002 8563 8159
f 10955 10126 10527
f 8567 8568 9003
f 10531 10956 10532
f 9003 9004 8567
f 10956 10531 10957
f 8568 8161 8749
f 10532 10710 10128
f 8749 9003 8568
f 10710 10532 10956
f 8070 8752 8751
f 10038 10712 10713
f 8751 8063 8070
f 10712 10038 10031
f 8062 8750 8160
f 10030 10127 10711
f 8160 8564 8062
f 10127 10030 10528
f 8569 8567 9004
f 10533 10957 10531
f 9004 9002 8569
f 10957 10533 10955
f 8972 8485 8486
f 10926 10450 10449
f 8486 8664 8972
f 10450 10926 10628
f 8968 8940 8485
f 10922 10449 10898
f 8485 8972 8968
f 10449 10922 10926
f 8891 8972 8664
f 10849 10628 10926
f 8664 8665 8891
f 10628 10849 10629
f 8668 8669 8943
f 10632 10901 10633
f 8943 8945 8668
f 10901 10632 10903
f 8970 8968 8972
f 10924 10926 10922
f 8972 8943 8970
f 10926 10924 10901
f 9005 8967 8971
f 10958 10925 10921
f 8971 9006 9005
f 10925 10958 10959
f 8969 8942 8971
f 10923 10925 10900
f 8971 8970 8969
f 10925 10923 10924
f 9005 8854 8855
f 10958 10813 10812
f 8855 8967 9005
f 10813 10958 10921
f 9006 8865 8854
f 10959 10812 10823
f 8854 9005 9006
f 10812 10959 10958
f 8806 8940 8855
f 10764 10813 10898
f 8855 8805 8806
f 10813 10764 10763
f 8290 8291 8301
f 10255 10266 10256
f 8301 8300 8290
f 10266 10255 10265
f 8573 8306 8294
f 10537 10259 10271
f 8294 8295 8573
f 10259 10537 10260
f 7981 8298 7927
f 9955 9902 10263
f 7927 9007 7981
f 9902 9955 10960
f 8879 8882 8883
f 10837 10841 10840
f 8883 8885 8879
f 10841 10837 10843
f 8882 8879 8880
f 10840 10838 10837
f 8880 8881 8882
f 10838 10840 10839
f 8545 9595 7805
f 10509 7805 9595
f 7805 8538 8545
f 7805 10509 10502
f 8823 7809 9623
f 10781 9623 7809
f 9623 8822 8823
f 9623 10781 10780
f 8942 8875 9006
f 10900 10959 10833
f 9006 8971 8942
f 10959 10900 10925
f 8944 8969 8970
f 10902 10924 10923
f 8970 8943 8944
f 10924 10902 10901
f 8942 8969 8851
f 10900 10809 10923
f 8851 8481 8942
f 10809 10900 10445
f 8139 9009 9008
f 10106 10961 10962
f 9008 8138 8139
f 10961 10106 10105
f 9011 9010 8190
f 10964 10156 10963
f 8190 8187 9011
f 10156 10964 10153
f 9012 8974 8975
f 10965 10928 10927
f 8975 9013 9012
f 10928 10965 10966
f 9014 8982 8983
f 10967 10936 10935
f 8983 9015 9014
f 10936 10967 10968
f 9770 9759 8642
f 11648 10606 11637
f 8642 8351 9770
f 10606 11648 10316
f 9771 9762 8910
f 11649 10868 11640
f 8910 9017 9771
f 10868 11649 10970
f 8344 9760 9753
f 10309 11631 11638
f 9753 8343 8344
f 11631 10309 10308
f 8349 8346 9761
f 10314 11639 10311
f 9761 9755 8349
f 11639 10314 11633
f 8961 9018 8947
f 10915 10905 10971
f 8947 8893 8961
f 10905 10915 10851
f 8442 8946 8947
f 10406 10905 10904
f 8947 9018 8442
f 10905 10406 10971
f 8964 8960 8946
f 10918 10904 10914
f 8946 8442 8964
f 10904 10918 10406
f 8964 8442 9700
f 10918 11582 10406
f 9700 8963 8964
f 11582 10918 10917
f 8316 8315 9572
f 10281 11523 10280
f 9572 9573 8316
f 11523 10281 11524
f 8285 9574 9573
f 10250 11524 11525
f 9573 8314 8285
f 11524 10250 10279
f 8330 8471 8283
f 10295 10248 10435
f 8283 8284 8330
f 10248 10295 10249
f 8331 8296 8283
f 10296 10248 10261
f 8283 8471 8331
f 10248 10296 10435
f 8273 8289 7982
f 10238 9956 10254
f 7982 8468 8273
f 9956 10238 10432
f 9007 9019 7980
f 10960 9954 10972
f 7980 7981 9007
f 9954 10960 9955
f 7980 9019 9020
f 9954 10973 10972
f 9020 8320 7980
f 10973 9954 10285
f 8320 9020 9021
f 10285 10974 10973
f 9021 8332 8320
f 10974 10285 10297
f 9019 9007 7927
f 10972 9902 10960
f 7927 7928 9019
f 9902 10972 9903
f 8321 9020 9019
f 10286 10972 10973
f 9019 7928 8321
f 10972 10286 9903
f 8333 9021 9020
f 10298 10973 10974
f 9020 8321 8333
f 10973 10298 10286
f 8301 8302 8326
f 10266 10291 10267
f 8326 8844 8301
f 10291 10266 10802
f 8292 8470 8325
f 10257 10290 10434
f 8325 8302 8292
f 10290 10257 10267
f 8470 8293 8303
f 10434 10268 10258
f 8303 8325 8470
f 10268 10434 10290
f 8965 8949 8950
f 10919 10908 10907
f 8950 8956 8965
f 10908 10919 10911
f 8760 8965 8956
f 10718 10911 10919
f 8956 8895 8760
f 10911 10718 10853
f 8496 8941 8426
f 10460 10390 10899
f 8426 8427 8496
f 10390 10460 10391
f 8941 8497 8421
f 10899 10385 10461
f 8421 8426 8941
f 10385 10899 10390
f 8495 8501 8502
f 10459 10466 10465
f 8502 8494 8495
f 10466 10459 10458
f 8478 8870 8966
f 10442 10920 10828
f 8966 8477 8478
f 10920 10442 10441
f 8966 8827 8849
f 10920 10807 10785
f 8849 8477 8966
f 10807 10920 10441
f 8478 8479 8872
f 10442 10830 10443
f 8872 8869 8478
f 10830 10442 10827
f 8498 8497 8802
f 10462 10760 10461
f 8802 8849 8498
f 10760 10462 10807
f 8498 8828 8428
f 10462 10392 10786
f 8428 8420 8498
f 10392 10462 10384
f 8870 8858 8859
f 10828 10817 10816
f 8859 8966 8870
f 10817 10828 10920
f 8828 8829 8431
f 10786 10395 10787
f 8431 8428 8828
f 10395 10786 10392
f 8850 8798 8829
f 10808 10787 10756
f 8829 8826 8850
f 10787 10808 10784
f 8870 8871 8868
f 10828 10826 10829
f 8868 8858 8870
f 10826 10828 10816
f 8480 8850 8826
f 10444 10784 10808
f 8826 8859 8480
f 10784 10444 10817
f 8798 8670 8431
f 10756 10395 10634
f 8431 8829 8798
f 10395 10756 10787
f 8875 8874 8865
f 10833 10823 10832
f 8865 9006 8875
f 10823 10833 10959
f 8954 9022 8821
f 8954 10779 9022
f 8821 8820 8954
f 10779 8954 10778
f 8917 9617 9616
f 10875 9616 9617
f 9616 8911 8917
f 9616 10875 10869
f 7934 7810 9629
f 9909 9629 7810
f 9629 7937 7934
f 9629 9909 9912
f 8645 9630 7792
f 10609 7792 9630
f 7792 8648 8645
f 7792 10609 10612
f 7937 9629 9630
f 9912 9630 9629
f 9630 8645 7937
f 9630 9912 10609
f 8824 8792 9613
f 10782 9613 10750
f 9613 9631 8824
f 9613 10782 9631
f 8824 9631 9632
f 10782 9632 9631
f 9632 8789 8824
f 9632 10782 10747
f 8788 8789 9632
f 10746 9632 10747
f 9632 7811 8788
f 9632 10746 7811
f 8783 8788 7811
f 10741 7811 10746
f 7811 7791 8783
f 7811 10741 7791
f 7888 9633 9626
f 9865 9626 9633
f 9626 8131 7888
f 9626 9865 10098
f 7888 7889 8743
f 9865 8743 9866
f 8743 9633 7888
f 8743 9865 9633
f 8401 8398 8416
f 10365 10380 10362
f 8416 8466 8401
f 10380 10365 10430
f 8398 8409 8419
f 10362 10383 10373
f 8419 8416 8398
f 10383 10362 10380
f 9023 8979 8463
f 10975 10427 10932
f 8463 9024 9023
f 10427 10975 10976
f 8979 8401 8466
f 10932 10430 10365
f 8466 8463 8979
f 10430 10932 10427
f 8395 8392 8407
f 10359 10371 10356
f 8407 8404 8395
f 10371 10359 10368
f 8404 8461 8397
f 10368 10361 10425
f 8397 8395 8404
f 10361 10368 10359
f 9025 8977 8462
f 10977 10426 10930
f 8462 9026 9025
f 10426 10977 10978
f 8461 8462 8977
f 10425 10930 10426
f 8977 8397 8461
f 10930 10425 10361
f 9027 8586 9789
f 10979 11666 10550
f 9789 8906 9027
f 11666 10979 10864
f 8413 8415 8391
f 10377 10355 10379
f 8391 8388 8413
f 10355 10377 10352
f 8412 8413 8388
f 10376 10352 10377
f 8388 8457 8412
f 10352 10376 10421
f 8981 8412 8457
f 10934 10421 10376
f 8457 8458 8981
f 10421 10934 10422
f 9028 9027 8906
f 10980 10864 10979
f 8906 9029 9028
f 10864 10980 10981
f 9031 8588 9030
f 10983 10982 10552
f 9030 9032 9031
f 10982 10983 10984
f 9033 8387 8081
f 10985 10049 10351
f 8081 9034 9033
f 10049 10985 10986
f 9036 9035 9785
f 10988 11662 10987
f 9785 8578 9036
f 11662 10988 10542
f 9037 9035 9036
f 10989 10988 10987
f 9036 9038 9037
f 10988 10989 10990
f 8586 9027 9036
f 10550 10988 10979
f 9036 8578 8586
f 10988 10550 10542
f 8209 8451 8452
f 10175 10416 10415
f 8452 8208 8209
f 10416 10175 10174
f 8991 8990 9039
f 10944 10991 10943
f 9039 9040 8991
f 10991 10944 10992
f 9040 9042 9041
f 10992 10993 10994
f 9041 8991 9040
f 10993 10992 10944
f 9034 8081 8082
f 10986 10050 10049
f 8082 8905 9034
f 10050 10986 10863
f 9024 8463 8464
f 10976 10428 10427
f 8464 9031 9024
f 10428 10976 10983
f 9026 8462 8459
f 10978 10423 10426
f 8459 9037 9026
f 10423 10978 10989
f 9043 8458 8455
f 10995 10419 10422
f 8455 9028 9043
f 10419 10995 10980
f 9044 9043 9028
f 10996 10980 10995
f 9028 9029 9044
f 10980 10996 10981
f 9023 9032 8978
f 10975 10931 10984
f 8978 8979 9023
f 10931 10975 10932
f 9025 9038 8976
f 10977 10929 10990
f 8976 8977 9025
f 10929 10977 10930
f 9044 9029 8980
f 10996 10933 10981
f 8980 8981 9044
f 10933 10996 10934
f 9046 9045 9041
f 10998 10993 10997
f 9041 9042 9046
f 10993 10998 10994
f 9045 9048 9047
f 10997 10999 11000
f 9047 9041 9045
f 10999 10997 10993
f 8903 8745 8746
f 10861 10707 10706
f 8746 9049 8903
f 10707 10861 11001
f 8085 8579 8212
f 10053 10178 10543
f 8212 8084 8085
f 10178 10053 10052
f 8164 8586 8578
f 10131 10542 10550
f 8578 8163 8164
f 10542 10131 10130
f 8169 8581 8079
f 10136 10047 10545
f 8079 8168 8169
f 10047 10136 10135
f 8206 8076 8583
f 10172 10547 10044
f 8583 8205 8206
f 10547 10172 10171
f 8211 8577 8948
f 10177 10906 10541
f 8948 8210 8211
f 10906 10177 10176
f 8211 8101 8166
f 10177 10133 10069
f 8166 8163 8211
f 10133 10177 10130
f 8164 8165 8218
f 10131 10184 10132
f 8218 8585 8164
f 10184 10131 10549
f 8589 8225 8087
f 10553 10055 10191
f 8087 8084 8589
f 10055 10553 10052
f 8210 8948 8579
f 10176 10543 10906
f 8579 8085 8210
f 10543 10176 10053
f 8747 8748 8581
f 10708 10545 10709
f 8581 8169 8747
f 10545 10708 10136
f 8589 8213 8748
f 10553 10709 10179
f 8748 8747 8589
f 10709 10553 10708
f 8207 8167 8168
f 10173 10135 10134
f 8168 8206 8207
f 10135 10173 10172
f 8912 8915 8587
f 10870 10551 10873
f 8587 8585 8912
f 10551 10870 10549
f 9050 8907 8913
f 11002 10871 10865
f 8913 8991 9050
f 10871 11002 10944
f 8991 9041 9047
f 10944 10999 10993
f 9047 9050 8991
f 10999 10944 11002
f 8399 8400 8137
f 10363 10104 10364
f 8137 8138 8399
f 10104 10363 10105
f 8460 8405 8139
f 10424 10106 10369
f 8139 8136 8460
f 10106 10424 10103
f 8410 8411 8189
f 10374 10155 10375
f 8189 8190 8410
f 10155 10374 10156
f 9015 8983 8389
f 10968 10353 10936
f 8389 8390 9015
f 10353 10968 10354
f 8982 9014 8393
f 10935 10357 10967
f 8393 8394 8982
f 10357 10935 10358
f 8445 8982 8394
f 10409 10358 10935
f 8394 8396 8445
f 10358 10409 10360
f 9037 8459 8984
f 10989 10937 10423
f 8984 8403 9037
f 10937 10989 10367
f 9009 8139 8405
f 10962 10369 10106
f 8405 8406 9009
f 10369 10962 10370
f 8138 9008 8408
f 10105 10372 10961
f 8408 8399 8138
f 10372 10105 10363
f 8190 9010 8414
f 10156 10378 10963
f 8414 8410 8190
f 10378 10156 10374
f 8455 8456 8446
f 10419 10410 10420
f 8446 8443 8455
f 10410 10419 10407
f 8444 8445 8396
f 10408 10360 10409
f 8396 8976 8444
f 10360 10408 10929
f 8980 9029 8449
f 10933 10413 10981
f 8449 8450 8980
f 10413 10933 10414
f 8978 9032 8402
f 10931 10366 10984
f 8402 8985 8978
f 10366 10931 10938
f 8459 8460 8136
f 10423 10103 10424
f 8136 8984 8459
f 10103 10423 10937
f 8976 9038 8901
f 10929 10859 10990
f 8901 8444 8976
f 10859 10929 10408
f 9028 8455 8443
f 10980 10407 10419
f 8443 8902 9028
f 10407 10980 10860
f 8400 8978 8985
f 10364 10938 10931
f 8985 8137 8400
f 10938 10364 10104
f 8411 8980 8450
f 10375 10414 10933
f 8450 8189 8411
f 10414 10375 10155
f 8456 8389 8983
f 10420 10936 10353
f 8983 8446 8456
f 10936 10420 10410
f 8191 9031 8464
f 10157 10428 10983
f 8464 8194 8191
f 10428 10157 10160
f 9013 8975 8417
f 10966 10381 10928
f 8417 8418 9013
f 10381 10966 10382
f 8464 8465 8454
f 10428 10418 10429
f 8454 8194 8464
f 10418 10428 10160
f 8465 8417 8975
f 10429 10928 10381
f 8975 8454 8465
f 10928 10429 10418
f 9034 8905 8192
f 10986 10158 10863
f 8192 8193 9034
f 10158 10986 10159
f 8193 8453 9033
f 10159 10985 10417
f 9033 9034 8193
f 10985 10159 10986
f 8974 9012 8386
f 10927 10350 10965
f 8386 8387 8974
f 10350 10927 10351
f 8387 9033 8453
f 10351 10417 10985
f 8453 8974 8387
f 10417 10351 10927
f 9050 9047 8447
f 11002 10411 10999
f 8447 8448 9050
f 10411 11002 10412
f 9048 9045 8187
f 11000 10153 10997
f 8187 8188 9048
f 10153 11000 10154
f 9011 8187 9045
f 10964 10997 10153
f 9045 9046 9011
f 10997 10964 10998
f 9047 9048 8188
f 10999 10154 11000
f 8188 8447 9047
f 10154 10999 10411
f 8403 9783 9035
f 10367 10987 11660
f 9035 9037 8403
f 10987 10367 10989
f 8403 8984 8985
f 10367 10938 10937
f 8985 8402 8403
f 10938 10367 10366
f 8191 9706 8588
f 10157 10552 11588
f 8588 9031 8191
f 10552 10157 10983
f 8902 9705 9027
f 10860 10979 11587
f 9027 9028 8902
f 10979 10860 10980
f 8901 8902 8443
f 10859 10407 10860
f 8443 8444 8901
f 10407 10859 10408
f 8906 9787 8449
f 10864 10413 11664
f 8449 9029 8906
f 10413 10864 10981
f 9050 8448 9788
f 11002 11665 10412
f 9788 8907 9050
f 11665 11002 10865
f 8578 9785 9786
f 10542 11663 11662
f 9786 8577 8578
f 11663 10542 10541
f 8588 8577 9786
f 10552 11663 10541
f 9786 9030 8588
f 11663 10552 10982
f 8907 8906 9789
f 10865 11666 10864
f 9789 9790 8907
f 11666 10865 11667
f 8913 8907 9790
f 10871 11667 10865
f 9790 8587 8913
f 11667 10871 10551
f 9024 9031 9032
f 10976 10984 10983
f 9032 9023 9024
f 10984 10976 10975
f 9026 9037 9038
f 10978 10990 10989
f 9038 9025 9026
f 10990 10978 10977
f 8981 8458 9043
f 10934 10995 10422
f 9043 9044 8981
f 10995 10934 10996
f 9042 9040 9051
f 10994 11003 10992
f 9051 9052 9042
f 11003 10994 11004
f 9054 9053 8451
f 11006 10415 11005
f 8451 8209 9054
f 10415 11006 10175
f 9039 9056 9055
f 10991 11007 11008
f 9055 9057 9039
f 11007 10991 11009
f 9060 9059 9058
f 11012 11010 11011
f 9058 9061 9060
f 11010 11012 11013
f 8390 8391 9062
f 10354 11014 10355
f 9062 9063 8390
f 11014 10354 11015
f 8392 8393 9064
f 10356 11016 10357
f 9064 9065 8392
f 11016 10356 11017
f 9014 9015 9066
f 10967 11018 10968
f 9066 9067 9014
f 11018 10967 11019
f 9069 9068 8406
f 11021 10370 11020
f 8406 8407 9069
f 10370 11021 10371
f 9071 9070 8409
f 11023 10373 11022
f 8409 8408 9071
f 10373 11023 10372
f 9073 9072 9008
f 11025 10961 11024
f 9008 9009 9073
f 10961 11025 10962
f 9075 9074 9012
f 11027 10965 11026
f 9012 9013 9075
f 10965 11027 10966
f 9077 9076 8746
f 11029 10707 11028
f 8746 8074 9077
f 10707 11029 10042
f 9049 8746 9076
f 11001 11028 10707
f 9076 9078 9049
f 11028 11001 11030
f 9079 9077 8074
f 11031 10042 11029
f 8074 8075 9079
f 10042 11031 10043
f 9010 9011 9080
f 10963 11032 10964
f 9080 9081 9010
f 11032 10963 11033
f 9053 9079 8075
f 11005 10043 11031
f 8075 8451 9053
f 10043 11005 10415
f 9065 9069 8407
f 11017 10371 11021
f 8407 8392 9065
f 10371 11017 10356
f 9082 9054 8209
f 11034 10175 11006
f 8209 8083 9082
f 10175 11034 10051
f 9040 9039 9057
f 10992 11009 10991
f 9057 9051 9040
f 11009 10992 11003
f 9046 9042 9052
f 10998 11004 10994
f 9052 9087 9046
f 11004 10998 11039
f 9056 9049 9078
f 11008 11030 11001
f 9078 9055 9056
f 11030 11008 11007
f 8083 8080 9083
f 10051 11035 10048
f 9083 9082 8083
f 11035 10051 11034
f 9063 9066 9015
f 11015 10968 11018
f 9015 8390 9063
f 10968 11015 10354
f 9067 9064 8393
f 11019 10357 11016
f 8393 9014 9067
f 10357 11019 10967
f 9068 9073 9009
f 11020 10962 11025
f 9009 8406 9068
f 10962 11020 10370
f 9072 9071 8408
f 11024 10372 11023
f 8408 9008 9072
f 10372 11024 10961
f 9081 8415 8414
f 11033 10378 10379
f 8414 9010 9081
f 10378 11033 10963
f 9085 9074 9084
f 11037 11036 11026
f 9084 9086 9085
f 11036 11037 11038
f 9011 9046 9087
f 10964 11039 10998
f 9087 9080 9011
f 11039 10964 11032
f 9088 9091 9090
f 11040 11042 11043
f 9090 9089 9088
f 11042 11040 11041
f 9090 9091 9092
f 11042 11044 11043
f 9092 9093 9090
f 11044 11042 11045
f 9093 9092 9094
f 11045 11046 11044
f 9094 9095 9093
f 11046 11045 11047
f 9095 9094 9096
f 11047 11048 11046
f 9096 9097 9095
f 11048 11047 11049
f 9097 9096 9098
f 11049 11050 11048
f 9098 9099 9097
f 11050 11049 11051
f 9099 9098 9100
f 11051 11052 11050
f 9100 9101 9099
f 11052 11051 11053
f 9101 9100 9102
f 11053 11054 11052
f 9102 9103 9101
f 11054 11053 11055
f 9103 9102 9104
f 11055 11056 11054
f 9104 9105 9103
f 11056 11055 11057
f 9105 9104 9106
f 11057 11058 11056
f 9106 9107 9105
f 11058 11057 11059
f 9106 9109 9108
f 11058 11060 11061
f 9108 9107 9106
f 11060 11058 11059
f 9112 9111 9110
f 11064 11062 11063
f 9110 9113 9112
f 11062 11064 11065
f 9116 9115 9114
f 11068 11066 11067
f 9114 9117 9116
f 11066 11068 11069
f 9117 9114 9118
f 11069 11070 11066
f 9118 9119 9117
f 11070 11069 11071
f 9119 9118 9120
f 11071 11072 11070
f 9120 9121 9119
f 11072 11071 11073
f 9121 9120 9122
f 11073 11074 11072
f 9122 9123 9121
f 11074 11073 11075
f 9123 9122 9124
f 11075 11076 11074
f 9124 9125 9123
f 11076 11075 11077
f 9125 9124 9126
f 11077 11078 11076
f 9126 9127 9125
f 11078 11077 11079
f 9127 9126 9128
f 11079 11080 11078
f 9128 9129 9127
f 11080 11079 11081
f 9129 9128 9130
f 11081 11082 11080
f 9130 9131 9129
f 11082 11081 11083
f 9133 9132 9131
f 11085 11083 11084
f 9131 9130 9133
f 11083 11085 11082
f 9133 9135 9134
f 11085 11086 11087
f 9134 9132 9133
f 11086 11085 11084
f 9088 9089 9134
f 11040 11086 11041
f 9134 9135 9088
f 11086 11040 11087
f 9138 9137 9136
f 11090 11088 11089
f 9136 9139 9138
f 11088 11090 11091
f 9139 9136 9140
f 11091 11092 11088
f 9140 9141 9139
f 11092 11091 11093
f 9141 9140 9142
f 11093 11094 11092
f 9142 9143 9141
f 11094 11093 11095
f 9143 9142 9144
f 11095 11096 11094
f 9144 9145 9143
f 11096 11095 11097
f 9145 9144 9146
f 11097 11098 11096
f 9146 9147 9145
f 11098 11097 11099
f 9147 9146 9148
f 11099 11100 11098
f 9148 9084 9147
f 11100 11099 11036
f 9084 9148 9149
f 11036 11101 11100
f 9149 9086 9084
f 11101 11036 11038
f 9086 9149 9150
f 11038 11102 11101
f 9150 9058 9086
f 11102 11038 11010
f 9058 9150 9151
f 11010 11103 11102
f 9151 9061 9058
f 11103 11010 11013
f 9061 9151 9137
f 11013 11089 11103
f 9137 9138 9061
f 11089 11013 11090
f 9154 9153 9152
f 11106 11104 11105
f 9152 9155 9154
f 11104 11106 11107
f 9155 9152 9156
f 11107 11108 11104
f 9156 9157 9155
f 11108 11107 11109
f 9156 9159 9158
f 11108 11110 11111
f 9158 9157 9156
f 11110 11108 11109
f 9158 9159 9160
f 11110 11112 11111
f 9160 9161 9158
f 11112 11110 11113
f 9161 9160 9162
f 11113 11114 11112
f 9162 9163 9161
f 11114 11113 11115
f 9163 9162 9164
f 11115 11116 11114
f 9164 9165 9163
f 11116 11115 11117
f 9165 9164 9166
f 11117 11118 11116
f 9166 9167 9165
f 11118 11117 11119
f 9166 9169 9168
f 11118 11120 11121
f 9168 9167 9166
f 11120 11118 11119
f 9168 9169 9170
f 11120 11122 11121
f 9170 9171 9168
f 11122 11120 11123
f 9171 9170 9153
f 11123 11105 11122
f 9153 9154 9171
f 11105 11123 11106
f 9174 9173 9172
f 11126 11124 11125
f 9172 9175 9174
f 11124 11126 11127
f 9176 9062 9175
f 11128 11127 11014
f 9175 9172 9176
f 11127 11128 11124
f 9062 9176 9177
f 11014 11129 11128
f 9177 9063 9062
f 11129 11014 11015
f 9063 9177 9178
f 11015 11130 11129
f 9178 9066 9063
f 11130 11015 11018
f 9066 9178 9179
f 11018 11131 11130
f 9179 9067 9066
f 11131 11018 11019
f 9179 9180 9064
f 11131 11016 11132
f 9064 9067 9179
f 11016 11131 11019
f 9065 9182 9181
f 11017 11133 11134
f 9181 9183 9065
f 11133 11017 11135
f 9183 9181 9184
f 11135 11136 11133
f 9184 9185 9183
f 11136 11135 11137
f 9185 9184 9173
f 11137 11125 11136
f 9173 9174 9185
f 11125 11137 11126
f 9188 9187 9186
f 11140 11138 11139
f 9186 9189 9188
f 11138 11140 11141
f 9189 9186 9190
f 11141 11142 11138
f 9190 9191 9189
f 11142 11141 11143
f 9191 9190 9192
f 11143 11144 11142
f 9192 9193 9191
f 11144 11143 11145
f 9193 9192 9194
f 11145 11146 11144
f 9194 9195 9193
f 11146 11145 11147
f 9198 9197 9196
f 11150 11148 11149
f 9196 9199 9198
f 11148 11150 11151
f 9199 9196 9200
f 11151 11152 11148
f 9200 9201 9199
f 11152 11151 11153
f 9201 9200 9202
f 11153 11154 11152
f 9202 9203 9201
f 11154 11153 11155
f 9203 9202 9187
f 11155 11139 11154
f 9187 9188 9203
f 11139 11155 11140
f 9204 9172 9173
f 11156 11125 11124
f 9173 9205 9204
f 11125 11156 11157
f 9206 9176 9172
f 11158 11124 11128
f 9172 9204 9206
f 11124 11158 11156
f 9207 9177 9176
f 11159 11128 11129
f 9176 9206 9207
f 11128 11159 11158
f 9208 9178 9177
f 11160 11129 11130
f 9177 9207 9208
f 11129 11160 11159
f 9209 9179 9178
f 11161 11130 11131
f 9178 9208 9209
f 11130 11161 11160
f 9209 9210 9180
f 11161 11132 11162
f 9180 9179 9209
f 11132 11161 11131
f 9211 9181 9182
f 11163 11134 11133
f 9182 9212 9211
f 11134 11163 11164
f 9213 9184 9181
f 11165 11133 11136
f 9181 9211 9213
f 11133 11165 11163
f 9205 9173 9184
f 11157 11136 11125
f 9184 9213 9205
f 11136 11157 11165
f 9214 9186 9187
f 11166 11139 11138
f 9187 9215 9214
f 11139 11166 11167
f 9216 9190 9186
f 11168 11138 11142
f 9186 9214 9216
f 11138 11168 11166
f 9217 9192 9190
f 11169 11142 11144
f 9190 9216 9217
f 11142 11169 11168
f 9218 9194 9192
f 11170 11144 11146
f 9192 9217 9218
f 11144 11170 11169
f 9220 9219 9194
f 11172 11146 11171
f 9194 9218 9220
f 11146 11172 11170
f 9221 9197 9219
f 11173 11171 11149
f 9219 9220 9221
f 11171 11173 11172
f 9222 9196 9197
f 11174 11149 11148
f 9197 9221 9222
f 11149 11174 11173
f 9223 9200 9196
f 11175 11148 11152
f 9196 9222 9223
f 11148 11175 11174
f 9224 9202 9200
f 11176 11152 11154
f 9200 9223 9224
f 11152 11176 11175
f 9215 9187 9202
f 11167 11154 11139
f 9202 9224 9215
f 11154 11167 11176
f 9225 9152 9153
f 11177 11105 11104
f 9153 9226 9225
f 11105 11177 11178
f 9227 9156 9152
f 11179 11104 11108
f 9152 9225 9227
f 11104 11179 11177
f 9228 9159 9156
f 11180 11108 11111
f 9156 9227 9228
f 11108 11180 11179
f 9229 9160 9159
f 11181 11111 11112
f 9159 9228 9229
f 11111 11181 11180
f 9230 9162 9160
f 11182 11112 11114
f 9160 9229 9230
f 11112 11182 11181
f 9231 9164 9162
f 11183 11114 11116
f 9162 9230 9231
f 11114 11183 11182
f 9232 9166 9164
f 11184 11116 11118
f 9164 9231 9232
f 11116 11184 11183
f 9233 9169 9166
f 11185 11118 11121
f 9166 9232 9233
f 11118 11185 11184
f 9234 9170 9169
f 11186 11121 11122
f 9169 9233 9234
f 11121 11186 11185
f 9226 9153 9170
f 11178 11122 11105
f 9170 9234 9226
f 11122 11178 11186
f 9235 9136 9137
f 11187 11089 11088
f 9137 9236 9235
f 11089 11187 11188
f 9237 9140 9136
f 11189 11088 11092
f 9136 9235 9237
f 11088 11189 11187
f 9238 9142 9140
f 11190 11092 11094
f 9140 9237 9238
f 11092 11190 11189
f 9239 9144 9142
f 11191 11094 11096
f 9142 9238 9239
f 11094 11191 11190
f 9240 9146 9144
f 11192 11096 11098
f 9144 9239 9240
f 11096 11192 11191
f 9241 9148 9146
f 11193 11098 11100
f 9146 9240 9241
f 11098 11193 11192
f 9242 9149 9148
f 11194 11100 11101
f 9148 9241 9242
f 11100 11194 11193
f 9243 9150 9149
f 11195 11101 11102
f 9149 9242 9243
f 11101 11195 11194
f 9244 9151 9150
f 11196 11102 11103
f 9150 9243 9244
f 11102 11196 11195
f 9236 9137 9151
f 11188 11103 11089
f 9151 9244 9236
f 11103 11188 11196
f 9088 9526 9523
f 11040 11474 11477
f 9523 9091 9088
f 11474 11040 11043
f 9091 9523 9527
f 11043 11478 11474
f 9527 9092 9091
f 11478 11043 11044
f 9092 9527 9529
f 11044 11480 11478
f 9529 9094 9092
f 11480 11044 11046
f 9094 9529 9531
f 11046 11482 11480
f 9531 9096 9094
f 11482 11046 11048
f 9531 9533 9098
f 11482 11050 11484
f 9098 9096 9531
f 11050 11482 11048
f 9533 9535 9100
f 11484 11052 11486
f 9100 9098 9533
f 11052 11484 11050
f 9535 9537 9102
f 11486 11054 11488
f 9102 9100 9535
f 11054 11486 11052
f 9102 9537 9539
f 11054 11490 11488
f 9539 9104 9102
f 11490 11054 11056
f 9104 9539 9541
f 11056 11492 11490
f 9541 9106 9104
f 11492 11056 11058
f 9109 9106 9541
f 11061 11492 11058
f 9541 9543 9109
f 11492 11061 11494
f 9112 9548 9545
f 11064 11496 11499
f 9545 9111 9112
f 11496 11064 11063
f 9115 9552 9549
f 11067 11500 11503
f 9549 9114 9115
f 11500 11067 11066
f 9549 9553 9118
f 11500 11070 11504
f 9118 9114 9549
f 11070 11500 11066
f 9118 9553 9555
f 11070 11506 11504
f 9555 9120 9118
f 11506 11070 11072
f 9120 9555 9557
f 11072 11508 11506
f 9557 9122 9120
f 11508 11072 11074
f 9122 9557 9559
f 11074 11510 11508
f 9559 9124 9122
f 11510 11074 11076
f 9559 9561 9126
f 11510 11078 11512
f 9126 9124 9559
f 11078 11510 11076
f 9561 9563 9128
f 11512 11080 11514
f 9128 9126 9561
f 11080 11512 11078
f 9563 9565 9130
f 11514 11082 11516
f 9130 9128 9563
f 11082 11514 11080
f 9133 9130 9565
f 11085 11516 11082
f 9565 9567 9133
f 11516 11085 11518
f 9133 9567 9569
f 11085 11520 11518
f 9569 9135 9133
f 11520 11085 11087
f 9569 9526 9088
f 11520 11040 11477
f 9088 9135 9569
f 11040 11520 11087
f 9245 9206 9204
f 11197 11156 11158
f 9204 9205 9245
f 11156 11197 11157
f 9245 9205 9213
f 11197 11165 11157
f 9213 9211 9245
f 11165 11197 11163
f 9246 9230 9229
f 11198 11181 11182
f 9229 9228 9246
f 11181 11198 11180
f 9246 9232 9231
f 11198 11183 11184
f 9231 9230 9246
f 11183 11198 11182
f 9246 9234 9233
f 11198 11185 11186
f 9233 9232 9246
f 11185 11198 11184
f 9247 9216 9214
f 11199 11166 11168
f 9214 9215 9247
f 11166 11199 11167
f 9247 9218 9217
f 11199 11169 11170
f 9217 9216 9247
f 11169 11199 11168
f 9247 9221 9220
f 11199 11172 11173
f 9220 9218 9247
f 11172 11199 11170
f 9247 9223 9222
f 11199 11174 11175
f 9222 9221 9247
f 11174 11199 11173
f 9247 9215 9224
f 11199 11176 11167
f 9224 9223 9247
f 11176 11199 11175
f 9248 9237 9235
f 11200 11187 11189
f 9235 9236 9248
f 11187 11200 11188
f 9248 9239 9238
f 11200 11190 11191
f 9238 9237 9248
f 11190 11200 11189
f 9248 9241 9240
f 11200 11192 11193
f 9240 9239 9248
f 11192 11200 11191
f 9248 9243 9242
f 11200 11194 11195
f 9242 9241 9248
f 11194 11200 11193
f 9248 9236 9244
f 11200 11196 11188
f 9244 9243 9248
f 11196 11200 11195
f 9056 9250 9249
f 11008 11201 11202
f 9249 9251 9056
f 11201 11008 11203
f 9252 9049 9056
f 11204 11008 11001
f 9056 9251 9252
f 11008 11204 11203
f 9049 9252 9253
f 11001 11205 11204
f 9253 8903 9049
f 11205 11001 10861
f 8903 9253 9254
f 10861 11206 11205
f 9254 9255 8903
f 11206 10861 11207
f 9255 9254 9256
f 11207 11208 11206
f 9256 9257 9255
f 11208 11207 11209
f 9259 9258 9257
f 11211 11209 11210
f 9257 9256 9259
f 11209 11211 11208
f 9258 9259 9260
f 11210 11212 11211
f 9260 9261 9258
f 11212 11210 11213
f 9261 9260 9249
f 11213 11201 11212
f 9249 9250 9261
f 11201 11213 11202
f 9262 9253 9252
f 11214 11204 11205
f 9252 9263 9262
f 11204 11214 11215
f 9264 9254 9253
f 11216 11205 11206
f 9253 9262 9264
f 11205 11216 11214
f 9265 9256 9254
f 11217 11206 11208
f 9254 9264 9265
f 11206 11217 11216
f 9265 9266 9259
f 11217 11211 11218
f 9259 9256 9265
f 11211 11217 11208
f 9267 9260 9259
f 11219 11211 11212
f 9259 9266 9267
f 11211 11219 11218
f 9268 9249 9260
f 11220 11212 11201
f 9260 9267 9268
f 11212 11220 11219
f 9269 9262 9263
f 11221 11215 11214
f 9263 9270 9269
f 11215 11221 11222
f 9269 9265 9264
f 11221 11216 11217
f 9264 9262 9269
f 11216 11221 11214
f 9269 9267 9266
f 11221 11218 11219
f 9266 9265 9269
f 11218 11221 11217
f 9059 9085 9086
f 11011 11038 11037
f 9086 9058 9059
f 11038 11011 11010
f 9271 8080 8081
f 11223 10049 10048
f 8081 8385 9271
f 10049 11223 10349
f 9073 9068 9161
f 11025 11113 11020
f 9161 9163 9073
f 11113 11025 11115
f 9069 9158 9161
f 11021 11113 11110
f 9161 9068 9069
f 11113 11021 11020
f 9107 9174 9175
f 11059 11127 11126
f 9175 9105 9107
f 11127 11059 11057
f 9105 9199 9201
f 11057 11153 11151
f 9201 9103 9105
f 11153 11057 11055
f 9199 9105 9175
f 11151 11127 11057
f 9175 9198 9199
f 11127 11151 11150
f 9101 9103 9201
f 11053 11153 11055
f 9201 9203 9101
f 11153 11053 11155
f 9101 9203 9188
f 11053 11140 11155
f 9188 9099 9101
f 11140 11053 11051
f 9189 9052 9099
f 11141 11051 11004
f 9099 9188 9189
f 11051 11141 11140
f 9051 9057 9095
f 11003 11047 11009
f 9095 9097 9051
f 11047 11003 11049
f 9109 9112 9113
f 11061 11065 11064
f 9113 9108 9109
f 11065 11061 11060
f 9111 9115 9116
f 11063 11068 11067
f 9116 9110 9111
f 11068 11063 11062
f 9543 9548 9112
f 11494 11064 11499
f 9112 9109 9543
f 11064 11494 11061
f 9545 9552 9115
f 11496 11067 11503
f 9115 9111 9545
f 11067 11496 11063
f 9107 9108 9185
f 11059 11137 11060
f 9185 9174 9107
f 11137 11059 11126
f 9183 9185 9108
f 11135 11060 11137
f 9108 9113 9183
f 11060 11135 11065
f 9072 9073 9163
f 11024 11115 11025
f 9163 9165 9072
f 11115 11024 11117
f 9072 9165 9167
f 11024 11119 11117
f 9167 9071 9072
f 11119 11024 11023
f 9155 9110 9116
f 11107 11068 11062
f 9116 9154 9155
f 11068 11107 11106
f 9117 9143 9272
f 11069 11224 11095
f 9272 9116 9117
f 11224 11069 11068
f 8419 9145 9147
f 10383 11099 11097
f 9147 9075 8419
f 11099 10383 11027
f 9123 9138 9139
f 11075 11091 11090
f 9139 9121 9123
f 11091 11075 11073
f 9071 9167 9168
f 11023 11120 11119
f 9168 9070 9071
f 11120 11023 11022
f 9171 9272 9070
f 11123 11022 11224
f 9070 9168 9171
f 11022 11123 11120
f 9246 9225 9226
f 11198 11178 11177
f 9226 9234 9246
f 11178 11198 11186
f 9246 9228 9227
f 11198 11179 11180
f 9227 9225 9246
f 11179 11198 11177
f 9110 9155 9157
f 11062 11109 11107
f 9157 9273 9110
f 11109 11062 11225
f 9273 9157 9158
f 11225 11110 11109
f 9158 9069 9273
f 11110 11225 11021
f 9113 9110 9273
f 11065 11225 11062
f 9273 9183 9113
f 11225 11065 11135
f 9065 9183 9273
f 11017 11225 11135
f 9273 9069 9065
f 11225 11017 11021
f 9272 9171 9154
f 11224 11106 11123
f 9154 9116 9272
f 11106 11224 11068
f 9145 9070 9272
f 11097 11224 11022
f 9272 9143 9145
f 11224 11097 11095
f 9057 9055 9093
f 11009 11045 11007
f 9093 9095 9057
f 11045 11009 11047
f 9055 9078 9090
f 11007 11042 11030
f 9090 9093 9055
f 11042 11007 11045
f 8419 8409 9070
f 10383 11022 10373
f 9070 9145 8419
f 11022 10383 11097
f 9060 9271 8385
f 11012 10349 11223
f 8385 9059 9060
f 10349 11012 11011
f 9147 9084 9074
f 11099 11026 11036
f 9074 9075 9147
f 11026 11099 11027
f 8386 9012 9074
f 10350 11026 10965
f 9074 9085 8386
f 11026 10350 11037
f 8385 8386 9085
f 10349 11037 10350
f 9085 9059 8385
f 11037 10349 11011
f 9075 9013 8418
f 11027 10382 10966
f 8418 8419 9075
f 10382 11027 10383
f 9083 8080 9271
f 11035 11223 10048
f 9271 9060 9083
f 11223 11035 11012
f 9061 9138 9083
f 11013 11035 11090
f 9083 9060 9061
f 11035 11013 11012
f 9123 9125 9083
f 11075 11035 11077
f 9083 9138 9123
f 11035 11075 11090
f 9082 9083 9125
f 11034 11077 11035
f 9125 9127 9082
f 11077 11034 11079
f 9082 9127 9129
f 11034 11081 11079
f 9129 9054 9082
f 11081 11034 11006
f 9053 9054 9129
f 11005 11081 11006
f 9129 9131 9053
f 11081 11005 11083
f 9131 9132 9079
f 11083 11031 11084
f 9079 9053 9131
f 11031 11083 11005
f 9090 9078 9076
f 11042 11028 11030
f 9076 9089 9090
f 11028 11042 11041
f 9180 9182 9065
f 11132 11017 11134
f 9065 9064 9180
f 11017 11132 11016
f 9212 9182 9180
f 11164 11132 11134
f 9180 9210 9212
f 11132 11164 11162
f 9245 9211 9212
f 11197 11164 11163
f 9212 9210 9245
f 11164 11197 11162
f 9195 9194 9219
f 11147 11171 11146
f 9219 9274 9195
f 11171 11147 11226
f 9274 9219 9197
f 11226 11149 11171
f 9197 9198 9274
f 11149 11226 11150
f 9175 9062 9274
f 11127 11226 11014
f 9274 9198 9175
f 11226 11127 11150
f 9245 9210 9209
f 11197 11161 11162
f 9209 9208 9245
f 11161 11197 11160
f 9245 9208 9207
f 11197 11159 11160
f 9207 9206 9245
f 11159 11197 11158
f 8391 8415 9274
f 10355 11226 10379
f 9274 9062 8391
f 11226 10355 11014
f 8415 9081 9195
f 10379 11147 11033
f 9195 9274 8415
f 11147 10379 11226
f 9081 9080 9193
f 11033 11145 11032
f 9193 9195 9081
f 11145 11033 11147
f 9080 9087 9191
f 11032 11143 11039
f 9191 9193 9080
f 11143 11032 11145
f 9258 8605 8604
f 11210 10568 10569
f 8604 9257 9258
f 10568 11210 11209
f 8903 9255 8584
f 10861 10548 11207
f 8584 8077 8903
f 10548 10861 10045
f 8914 9261 9250
f 10872 11202 11213
f 9250 8990 8914
f 11202 10872 10943
f 9258 9261 8914
f 11210 10872 11213
f 8914 8605 9258
f 10872 11210 10569
f 9039 8990 9250
f 10991 11202 10943
f 9250 9056 9039
f 11202 10991 11008
f 8584 9255 9257
f 10548 11209 11207
f 9257 8604 8584
f 11209 10548 10568
f 9269 9270 9268
f 11221 11220 11222
f 9268 9267 9269
f 11220 11221 11219
f 9252 9251 9270
f 11204 11222 11203
f 9270 9263 9252
f 11222 11204 11215
f 9270 9251 9249
f 11222 11201 11203
f 9249 9268 9270
f 11201 11222 11220
f 9275 9278 9277
f 11227 11229 11230
f 9277 9276 9275
f 11229 11227 11228
f 9277 9278 9279
f 11229 11231 11230
f 9279 9280 9277
f 11231 11229 11232
f 9280 9279 9281
f 11232 11233 11231
f 9281 9282 9280
f 11233 11232 11234
f 9282 9281 9283
f 11234 11235 11233
f 9283 9284 9282
f 11235 11234 11236
f 9284 9283 9285
f 11236 11237 11235
f 9285 9286 9284
f 11237 11236 11238
f 9286 9285 9287
f 11238 11239 11237
f 9287 9288 9286
f 11239 11238 11240
f 9288 9287 9289
f 11240 11241 11239
f 9289 9290 9288
f 11241 11240 11242
f 9290 9289 9291
f 11242 11243 11241
f 9291 9292 9290
f 11243 11242 11244
f 9292 9291 9293
f 11244 11245 11243
f 9293 9294 9292
f 11245 11244 11246
f 9293 9296 9295
f 11245 11247 11248
f 9295 9294 9293
f 11247 11245 11246
f 9299 9298 9297
f 11251 11249 11250
f 9297 9300 9299
f 11249 11251 11252
f 9303 9302 9301
f 11255 11253 11254
f 9301 9304 9303
f 11253 11255 11256
f 9304 9301 9305
f 11256 11257 11253
f 9305 9306 9304
f 11257 11256 11258
f 9306 9305 9307
f 11258 11259 11257
f 9307 9308 9306
f 11259 11258 11260
f 9308 9307 9309
f 11260 11261 11259
f 9309 9310 9308
f 11261 11260 11262
f 9310 9309 9311
f 11262 11263 11261
f 9311 9312 9310
f 11263 11262 11264
f 9312 9311 9313
f 11264 11265 11263
f 9313 9314 9312
f 11265 11264 11266
f 9314 9313 9315
f 11266 11267 11265
f 9315 9316 9314
f 11267 11266 11268
f 9316 9315 9317
f 11268 11269 11267
f 9317 9318 9316
f 11269 11268 11270
f 9320 9319 9318
f 11272 11270 11271
f 9318 9317 9320
f 11270 11272 11269
f 9320 9322 9321
f 11272 11273 11274
f 9321 9319 9320
f 11273 11272 11271
f 9275 9276 9321
f 11227 11273 11228
f 9321 9322 9275
f 11273 11227 11274
f 9325 9324 9323
f 11277 11275 11276
f 9323 9326 9325
f 11275 11277 11278
f 9326 9323 9327
f 11278 11279 11275
f 9327 9328 9326
f 11279 11278 11280
f 9328 9327 9329
f 11280 11281 11279
f 9329 9330 9328
f 11281 11280 11282
f 9330 9329 9331
f 11282 11283 11281
f 9331 9332 9330
f 11283 11282 11284
f 9332 9331 9333
f 11284 11285 11283
f 9333 9334 9332
f 11285 11284 11286
f 9334 9333 9335
f 11286 11287 11285
f 9335 9336 9334
f 11287 11286 11288
f 9336 9335 9337
f 11288 11289 11287
f 9337 9338 9336
f 11289 11288 11290
f 9338 9337 9339
f 11290 11291 11289
f 9339 9340 9338
f 11291 11290 11292
f 9340 9339 9341
f 11292 11293 11291
f 9341 9342 9340
f 11293 11292 11294
f 9342 9341 9324
f 11294 11276 11293
f 9324 9325 9342
f 11276 11294 11277
f 9345 9344 9343
f 11297 11295 11296
f 9343 9346 9345
f 11295 11297 11298
f 9346 9343 9347
f 11298 11299 11295
f 9347 9348 9346
f 11299 11298 11300
f 9347 9350 9349
f 11299 11301 11302
f 9349 9348 9347
f 11301 11299 11300
f 9353 9352 9351
f 11305 11303 11304
f 9351 9354 9353
f 11303 11305 11306
f 9356 9355 9354
f 11308 11306 11307
f 9354 9351 9356
f 11306 11308 11303
f 9355 9356 9357
f 11307 11309 11308
f 9357 9358 9355
f 11309 11307 11310
f 9357 9360 9359
f 11309 11311 11312
f 9359 9358 9357
f 11311 11309 11310
f 9359 9360 9361
f 11311 11313 11312
f 9361 9362 9359
f 11313 11311 11314
f 9362 9361 9344
f 11314 11296 11313
f 9344 9345 9362
f 11296 11314 11297
f 9365 9364 9363
f 11317 11315 11316
f 9363 9366 9365
f 11315 11317 11318
f 9368 9367 9366
f 11320 11318 11319
f 9366 9363 9368
f 11318 11320 11315
f 9367 9368 9369
f 11319 11321 11320
f 9369 9370 9367
f 11321 11319 11322
f 9370 9369 9371
f 11322 11323 11321
f 9371 9372 9370
f 11323 11322 11324
f 9372 9371 9373
f 11324 11325 11323
f 9373 9374 9372
f 11325 11324 11326
f 9373 9376 9375
f 11325 11327 11328
f 9375 9374 9373
f 11327 11325 11326
f 9379 9378 9377
f 11331 11329 11330
f 9377 9380 9379
f 11329 11331 11332
f 9380 9377 9381
f 11332 11333 11329
f 9381 9382 9380
f 11333 11332 11334
f 9382 9381 9364
f 11334 11316 11333
f 9364 9365 9382
f 11316 11334 11317
f 9385 9384 9383
f 11337 11335 11336
f 9383 9386 9385
f 11335 11337 11338
f 9389 9388 9387
f 11341 11339 11340
f 9387 9390 9389
f 11339 11341 11342
f 9392 9391 9390
f 11344 11342 11343
f 9390 9387 9392
f 11342 11344 11339
f 9395 9394 9393
f 11347 11345 11346
f 9393 9396 9395
f 11345 11347 11348
f 9396 9393 9397
f 11348 11349 11345
f 9397 9398 9396
f 11349 11348 11350
f 9398 9397 9399
f 11350 11351 11349
f 9399 9400 9398
f 11351 11350 11352
f 9400 9399 9384
f 11352 11336 11351
f 9384 9385 9400
f 11336 11352 11337
f 9401 9363 9364
f 11353 11316 11315
f 9364 9402 9401
f 11316 11353 11354
f 9403 9368 9363
f 11355 11315 11320
f 9363 9401 9403
f 11315 11355 11353
f 9404 9369 9368
f 11356 11320 11321
f 9368 9403 9404
f 11320 11356 11355
f 9405 9371 9369
f 11357 11321 11323
f 9369 9404 9405
f 11321 11357 11356
f 9406 9373 9371
f 11358 11323 11325
f 9371 9405 9406
f 11323 11358 11357
f 9406 9407 9376
f 11358 11328 11359
f 9376 9373 9406
f 11328 11358 11325
f 9408 9377 9378
f 11360 11330 11329
f 9378 9409 9408
f 11330 11360 11361
f 9410 9381 9377
f 11362 11329 11333
f 9377 9408 9410
f 11329 11362 11360
f 9402 9364 9381
f 11354 11333 11316
f 9381 9410 9402
f 11333 11354 11362
f 9412 9411 9383
f 11364 11335 11363
f 9383 9384 9412
f 11335 11364 11336
f 9413 9387 9388
f 11365 11340 11339
f 9388 9414 9413
f 11340 11365 11366
f 9413 9415 9392
f 11365 11344 11367
f 9392 9387 9413
f 11344 11365 11339
f 9417 9416 9392
f 11369 11344 11368
f 9392 9415 9417
f 11344 11369 11367
f 9418 9394 9416
f 11370 11368 11346
f 9416 9417 9418
f 11368 11370 11369
f 9419 9393 9394
f 11371 11346 11345
f 9394 9418 9419
f 11346 11371 11370
f 9420 9397 9393
f 11372 11345 11349
f 9393 9419 9420
f 11345 11372 11371
f 9421 9399 9397
f 11373 11349 11351
f 9397 9420 9421
f 11349 11373 11372
f 9412 9384 9399
f 11364 11351 11336
f 9399 9421 9412
f 11351 11364 11373
f 9422 9343 9344
f 11374 11296 11295
f 9344 9423 9422
f 11296 11374 11375
f 9424 9347 9343
f 11376 11295 11299
f 9343 9422 9424
f 11295 11376 11374
f 9424 9425 9350
f 11376 11302 11377
f 9350 9347 9424
f 11302 11376 11299
f 9426 9351 9352
f 11378 11304 11303
f 9352 9427 9426
f 11304 11378 11379
f 9426 9428 9356
f 11378 11308 11380
f 9356 9351 9426
f 11308 11378 11303
f 9429 9357 9356
f 11381 11308 11309
f 9356 9428 9429
f 11308 11381 11380
f 9430 9360 9357
f 11382 11309 11312
f 9357 9429 9430
f 11309 11382 11381
f 9431 9361 9360
f 11383 11312 11313
f 9360 9430 9431
f 11312 11383 11382
f 9423 9344 9361
f 11375 11313 11296
f 9361 9431 9423
f 11313 11375 11383
f 9432 9323 9324
f 11384 11276 11275
f 9324 9433 9432
f 11276 11384 11385
f 9434 9327 9323
f 11386 11275 11279
f 9323 9432 9434
f 11275 11386 11384
f 9435 9329 9327
f 11387 11279 11281
f 9327 9434 9435
f 11279 11387 11386
f 9436 9331 9329
f 11388 11281 11283
f 9329 9435 9436
f 11281 11388 11387
f 9437 9333 9331
f 11389 11283 11285
f 9331 9436 9437
f 11283 11389 11388
f 9438 9335 9333
f 11390 11285 11287
f 9333 9437 9438
f 11285 11390 11389
f 9439 9337 9335
f 11391 11287 11289
f 9335 9438 9439
f 11287 11391 11390
f 9440 9339 9337
f 11392 11289 11291
f 9337 9439 9440
f 11289 11392 11391
f 9441 9341 9339
f 11393 11291 11293
f 9339 9440 9441
f 11291 11393 11392
f 9433 9324 9341
f 11385 11293 11276
f 9341 9441 9433
f 11293 11385 11393
f 9275 9443 9442
f 11227 11394 11395
f 9442 9278 9275
f 11394 11227 11230
f 9444 9279 9278
f 11396 11230 11231
f 9278 9442 9444
f 11230 11396 11394
f 9445 9281 9279
f 11397 11231 11233
f 9279 9444 9445
f 11231 11397 11396
f 9446 9283 9281
f 11398 11233 11235
f 9281 9445 9446
f 11233 11398 11397
f 9447 9285 9283
f 11399 11235 11237
f 9283 9446 9447
f 11235 11399 11398
f 9448 9287 9285
f 11400 11237 11239
f 9285 9447 9448
f 11237 11400 11399
f 9449 9289 9287
f 11401 11239 11241
f 9287 9448 9449
f 11239 11401 11400
f 9450 9291 9289
f 11402 11241 11243
f 9289 9449 9450
f 11241 11402 11401
f 9451 9293 9291
f 11403 11243 11245
f 9291 9450 9451
f 11243 11403 11402
f 9451 9452 9296
f 11403 11248 11404
f 9296 9293 9451
f 11248 11403 11245
f 9454 9453 9298
f 11406 11250 11405
f 9298 9299 9454
f 11250 11406 11251
f 9455 9301 9302
f 11407 11254 11253
f 9302 9456 9455
f 11254 11407 11408
f 9457 9305 9301
f 11409 11253 11257
f 9301 9455 9457
f 11253 11409 11407
f 9458 9307 9305
f 11410 11257 11259
f 9305 9457 9458
f 11257 11410 11409
f 9459 9309 9307
f 11411 11259 11261
f 9307 9458 9459
f 11259 11411 11410
f 9460 9311 9309
f 11412 11261 11263
f 9309 9459 9460
f 11261 11412 11411
f 9461 9313 9311
f 11413 11263 11265
f 9311 9460 9461
f 11263 11413 11412
f 9462 9315 9313
f 11414 11265 11267
f 9313 9461 9462
f 11265 11414 11413
f 9463 9317 9315
f 11415 11267 11269
f 9315 9462 9463
f 11267 11415 11414
f 9320 9317 9463
f 11272 11415 11269
f 9463 9464 9320
f 11415 11272 11416
f 9320 9464 9465
f 11272 11417 11416
f 9465 9322 9320
f 11417 11272 11274
f 9322 9465 9443
f 11274 11395 11417
f 9443 9275 9322
f 11395 11274 11227
f 9466 9403 9401
f 11418 11353 11355
f 9401 9402 9466
f 11353 11418 11354
f 9466 9402 9410
f 11418 11362 11354
f 9410 9408 9466
f 11362 11418 11360
f 9467 9431 9430
f 11419 11382 11383
f 9430 9429 9467
f 11382 11419 11381
f 9468 9414 9411
f 11420 11363 11366
f 9411 9412 9468
f 11363 11420 11364
f 9468 9418 9417
f 11420 11369 11370
f 9417 9415 9468
f 11369 11420 11367
f 9468 9420 9419
f 11420 11371 11372
f 9419 9418 9468
f 11371 11420 11370
f 9468 9412 9421
f 11420 11373 11364
f 9421 9420 9468
f 11373 11420 11372
f 9469 9434 9432
f 11421 11384 11386
f 9432 9433 9469
f 11384 11421 11385
f 9469 9436 9435
f 11421 11387 11388
f 9435 9434 9469
f 11387 11421 11386
f 9469 9438 9437
f 11421 11389 11390
f 9437 9436 9469
f 11389 11421 11388
f 9469 9440 9439
f 11421 11391 11392
f 9439 9438 9469
f 11391 11421 11390
f 9469 9433 9441
f 11421 11393 11385
f 9441 9440 9469
f 11393 11421 11392
f 9443 9471 9470
f 11395 11422 11423
f 9470 9442 9443
f 11422 11395 11394
f 9472 9444 9442
f 11424 11394 11396
f 9442 9470 9472
f 11394 11424 11422
f 9473 9445 9444
f 11425 11396 11397
f 9444 9472 9473
f 11396 11425 11424
f 9474 9446 9445
f 11426 11397 11398
f 9445 9473 9474
f 11397 11426 11425
f 9475 9447 9446
f 11427 11398 11399
f 9446 9474 9475
f 11398 11427 11426
f 9476 9448 9447
f 11428 11399 11400
f 9447 9475 9476
f 11399 11428 11427
f 9477 9449 9448
f 11429 11400 11401
f 9448 9476 9477
f 11400 11429 11428
f 9478 9450 9449
f 11430 11401 11402
f 9449 9477 9478
f 11401 11430 11429
f 9479 9451 9450
f 11431 11402 11403
f 9450 9478 9479
f 11402 11431 11430
f 9479 9480 9452
f 11431 11404 11432
f 9452 9451 9479
f 11404 11431 11403
f 9482 9481 9453
f 11434 11405 11433
f 9453 9454 9482
f 11405 11434 11406
f 9483 9455 9456
f 11435 11408 11407
f 9456 9484 9483
f 11408 11435 11436
f 9485 9457 9455
f 11437 11407 11409
f 9455 9483 9485
f 11407 11437 11435
f 9486 9458 9457
f 11438 11409 11410
f 9457 9485 9486
f 11409 11438 11437
f 9487 9459 9458
f 11439 11410 11411
f 9458 9486 9487
f 11410 11439 11438
f 9488 9460 9459
f 11440 11411 11412
f 9459 9487 9488
f 11411 11440 11439
f 9489 9461 9460
f 11441 11412 11413
f 9460 9488 9489
f 11412 11441 11440
f 9490 9462 9461
f 11442 11413 11414
f 9461 9489 9490
f 11413 11442 11441
f 9491 9463 9462
f 11443 11414 11415
f 9462 9490 9491
f 11414 11443 11442
f 9464 9463 9491
f 11416 11443 11415
f 9491 9492 9464
f 11443 11416 11444
f 9464 9492 9493
f 11416 11445 11444
f 9493 9465 9464
f 11445 11416 11417
f 9465 9493 9471
f 11417 11423 11445
f 9471 9443 9465
f 11423 11417 11395
f 9478 9477 9730
f 11430 11612 11429
f 9730 9479 9478
f 11612 11430 11431
f 9483 9484 9731
f 11435 11613 11436
f 9731 9485 9483
f 11613 11435 11437
f 9495 9473 9472
f 11447 11424 11425
f 9472 9470 9495
f 11424 11447 11422
f 9495 9475 9474
f 11447 11426 11427
f 9474 9473 9495
f 11426 11447 11425
f 9495 9477 9476
f 11447 11428 11429
f 9476 9475 9495
f 11428 11447 11427
f 9477 9495 9732
f 11429 11614 11447
f 9732 9730 9477
f 11614 11429 11612
f 9738 9487 9486
f 11620 11438 11439
f 9486 9485 9738
f 11438 11620 11437
f 9296 9299 9300
f 11248 11252 11251
f 9300 9295 9296
f 11252 11248 11247
f 9298 9302 9303
f 11250 11255 11254
f 9303 9297 9298
f 11255 11250 11249
f 9454 9299 9296
f 11406 11248 11251
f 9296 9452 9454
f 11248 11406 11404
f 9456 9302 9298
f 11408 11250 11254
f 9298 9453 9456
f 11250 11408 11405
f 9482 9454 9452
f 11434 11404 11406
f 9452 9480 9482
f 11404 11434 11432
f 9484 9456 9453
f 11436 11405 11408
f 9453 9481 9484
f 11405 11436 11433
f 9467 9422 9423
f 11419 11375 11374
f 9423 9431 9467
f 11375 11419 11383
f 9467 9425 9424
f 11419 11376 11377
f 9424 9422 9467
f 11376 11419 11374
f 9376 9378 9379
f 11328 11331 11330
f 9379 9375 9376
f 11331 11328 11327
f 9409 9378 9376
f 11361 11328 11330
f 9376 9407 9409
f 11328 11361 11359
f 9466 9408 9409
f 11418 11361 11360
f 9409 9407 9466
f 11361 11418 11359
f 9391 9392 9416
f 11343 11368 11344
f 9416 9496 9391
f 11368 11343 11448
f 9496 9416 9394
f 11448 11346 11368
f 9394 9395 9496
f 11346 11448 11347
f 9466 9407 9406
f 11418 11358 11359
f 9406 9405 9466
f 11358 11418 11357
f 9466 9405 9404
f 11418 11356 11357
f 9404 9403 9466
f 11356 11418 11355
f 8630 9332 9334
f 10594 11286 11284
f 9334 8910 8630
f 11286 10594 10868
f 9017 8910 9334
f 10970 11286 10868
f 9334 9336 9017
f 11286 10970 11288
f 9330 9332 9359
f 11282 11311 11284
f 9359 9362 9330
f 11311 11282 11314
f 9359 9332 8630
f 11311 10594 11284
f 8630 9358 9359
f 10594 11311 11310
f 8631 9355 9358
f 10595 11310 11307
f 9358 8630 8631
f 11310 10595 10594
f 9467 9429 9428
f 11419 11380 11381
f 9428 9426 9467
f 11380 11419 11378
f 8634 9353 9354
f 10598 11306 11305
f 9354 8908 8634
f 11306 10598 10866
f 8908 9354 9355
f 10866 11307 11306
f 9355 8631 8908
f 11307 10866 10595
f 9379 9353 8634
f 11331 10598 11305
f 8634 9375 9379
f 10598 11331 11327
f 8635 9374 9375
f 10599 11327 11326
f 9375 8634 8635
f 11327 10599 10598
f 8909 9372 9374
f 10867 11326 11324
f 9374 8635 8909
f 11326 10867 10599
f 8909 8643 9370
f 10867 11322 10607
f 9370 9372 8909
f 11322 10867 11324
f 8643 8644 9391
f 10607 11343 10608
f 9391 9496 8643
f 11343 10607 11448
f 9367 9370 8643
f 11319 10607 11322
f 8643 9496 9367
f 10607 11319 11448
f 9366 9367 9496
f 11318 11448 11319
f 9496 9395 9366
f 11448 11318 11347
f 9366 9395 9396
f 11318 11348 11347
f 9396 9365 9366
f 11348 11318 11317
f 9346 9297 9303
f 11298 11255 11249
f 9303 9345 9346
f 11255 11298 11297
f 9303 9304 9362
f 11255 11314 11256
f 9362 9345 9303
f 11314 11255 11297
f 9330 9362 9304
f 11282 11256 11314
f 9304 9328 9330
f 11256 11282 11280
f 9306 9326 9328
f 11258 11280 11278
f 9328 9304 9306
f 11280 11258 11256
f 9308 9325 9326
f 11260 11278 11277
f 9326 9306 9308
f 11278 11260 11258
f 8636 8988 9280
f 10600 11232 10941
f 9280 9282 8636
f 11232 10600 11234
f 9016 9390 9391
f 10969 11343 11342
f 9391 8644 9016
f 11343 10969 10608
f 9468 9415 9413
f 11420 11365 11367
f 9413 9414 9468
f 11365 11420 11366
f 9383 9388 9389
f 11335 11341 11340
f 9389 9386 9383
f 11341 11335 11338
f 9411 9414 9388
f 11363 11340 11366
f 9388 9383 9411
f 11340 11363 11335
f 8352 9763 9770
f 10317 11648 11641
f 9770 8351 8352
f 11648 10317 10316
f 9016 8986 9389
f 10969 11341 10939
f 9389 9390 9016
f 11341 10969 11342
f 8339 9750 9772
f 10304 11650 11628
f 9772 9497 8339
f 11650 10304 11449
f 8341 9751 9771
f 10306 11649 11629
f 9771 9017 8341
f 11649 10306 10970
f 9497 8335 8598
f 11449 10562 10300
f 8598 8339 9497
f 10562 11449 10304
f 9338 8341 9017
f 11290 10970 10306
f 9017 9336 9338
f 10970 11290 11288
f 9340 8340 8341
f 11292 10306 10305
f 8341 9338 9340
f 10306 11292 11290
f 8340 9340 9342
f 10305 11294 11292
f 9342 9498 8340
f 11294 10305 11450
f 9325 9308 9498
f 11277 11450 11260
f 9498 9342 9325
f 11450 11277 11294
f 8997 9768 9773
f 10950 11651 11646
f 9773 9499 8997
f 11651 10950 11451
f 8623 9769 9774
f 10587 11652 11647
f 9774 8620 8623
f 11652 10587 10584
f 8620 8618 8336
f 10584 10301 10582
f 8336 8623 8620
f 10301 10584 10587
f 9316 8997 9499
f 11268 11451 10950
f 9499 9314 9316
f 11451 11268 11266
f 9316 9318 8996
f 11268 10949 11270
f 8996 8997 9316
f 10949 11268 10950
f 9778 9774 9500
f 11656 11452 11652
f 9500 8995 9778
f 11452 11656 10948
f 9318 8995 9500
f 11270 11452 10948
f 9500 8996 9318
f 11452 11270 10949
f 8994 8995 9318
f 10947 11270 10948
f 9318 9319 8994
f 11270 10947 11271
f 8989 9712 9749
f 10942 11627 11594
f 9749 9765 8989
f 11627 10942 11643
f 9501 8158 9777
f 11453 11655 10125
f 9777 9775 9501
f 11655 11453 11653
f 8988 8157 9277
f 10941 11229 10124
f 9277 9280 8988
f 11229 10941 11232
f 8157 8158 9276
f 10124 11228 10125
f 9276 9277 8157
f 11228 10124 11229
f 9350 9352 9353
f 11302 11305 11304
f 9353 9349 9350
f 11305 11302 11301
f 9425 9427 9352
f 11377 11304 11379
f 9352 9350 9425
f 11304 11377 11302
f 9467 9426 9427
f 11419 11379 11378
f 9427 9425 9467
f 11379 11419 11377
f 9297 9346 9348
f 11249 11300 11298
f 9348 9300 9297
f 11300 11249 11252
f 9379 9380 9349
f 11331 11301 11332
f 9349 9353 9379
f 11301 11331 11305
f 9348 9349 9380
f 11300 11332 11301
f 9380 9300 9348
f 11332 11300 11252
f 9380 9382 9295
f 11332 11247 11334
f 9295 9300 9380
f 11247 11332 11252
f 9294 9295 9382
f 11246 11334 11247
f 9382 9365 9294
f 11334 11246 11317
f 9292 9294 9365
f 11244 11317 11246
f 9365 9396 9292
f 11317 11244 11348
f 9292 9396 9398
f 11244 11350 11348
f 9398 9290 9292
f 11350 11244 11242
f 9290 9398 9400
f 11242 11352 11350
f 9400 9288 9290
f 11352 11242 11240
f 9288 9400 9385
f 11240 11337 11352
f 9385 9286 9288
f 11337 11240 11238
f 9386 9389 8986
f 11338 10939 11341
f 8986 8987 9386
f 10939 11338 10940
f 9286 9385 9386
f 11238 11338 11337
f 9386 8987 9286
f 11338 11238 10940
f 8353 8638 9757
f 10318 11635 10602
f 9757 9764 8353
f 11635 10318 11642
f 8638 8353 8350
f 10602 10315 10318
f 8350 8886 8638
f 10315 10602 10844
f 9284 8639 8636
f 11236 10600 10603
f 8636 9282 9284
f 10600 11236 11234
f 8639 9284 9286
f 10603 11238 11236
f 9286 8987 8639
f 11238 10603 10940
f 9087 9052 9189
f 11039 11141 11004
f 9189 9191 9087
f 11141 11039 11143
f 9499 9773 9766
f 11451 11644 11651
f 9766 8992 9499
f 11644 11451 10945
f 9314 9499 8992
f 11266 10945 11451
f 8992 9312 9314
f 10945 11266 11264
f 9312 8992 8993
f 11264 10946 10945
f 8993 9310 9312
f 10946 11264 11262
f 9498 9308 9310
f 11450 11262 11260
f 9310 8993 9498
f 11262 11450 10946
f 8729 9502 9779
f 10692 11657 11454
f 9779 8733 8729
f 11657 10692 10696
f 8731 9504 9503
f 10694 11455 11456
f 9503 8726 8731
f 11455 10694 10689
f 8718 9505 9502
f 10681 11454 11457
f 9502 8729 8718
f 11454 10681 10692
f 8719 9506 9505
f 10682 11457 11458
f 9505 8718 8719
f 11457 10682 10681
f 8724 8725 9780
f 10687 11658 10688
f 9780 9507 8724
f 11658 10687 11459
f 8816 9508 9504
f 10774 11456 11460
f 9504 8731 8816
f 11456 10774 10694
f 8724 9507 9508
f 10687 11460 11459
f 9508 8816 8724
f 11460 10687 10774
f 9779 9780 8725
f 11657 10688 11658
f 8725 8733 9779
f 10688 11657 10696
f 8973 9634 9506
f 8973 11458 9634
f 9506 8719 8973
f 11458 8973 10682
f 8726 9503 8518
f 10689 10482 11455
f 8518 8712 8726
f 10482 10689 10675
f 8154 9510 9509
f 10121 11461 11462
f 9509 8153 8154
f 11461 10121 10120
f 8518 9503 9510
f 10482 11462 11455
f 9510 8154 8518
f 11462 10482 10121
f 8153 9509 9635
f 10120 9635 11461
f 9635 9620 8153
f 9635 10120 11526
f 9510 9512 9511
f 11462 11463 11464
f 9511 9509 9510
f 11463 11462 11461
f 9503 9504 9512
f 11455 11464 11456
f 9512 9510 9503
f 11464 11455 11462
f 9509 9511 9636
f 11461 9636 11463
f 9636 9635 9509
f 9636 11461 9635
f 9502 9513 9514
f 11454 11466 11465
f 9514 9507 9502
f 11466 11454 11459
f 9507 9514 9515
f 11459 11467 11466
f 9515 9508 9507
f 11467 11459 11460
f 9504 9508 9515
f 11456 11467 11460
f 9515 9512 9504
f 11467 11456 11464
f 9512 9515 9516
f 11464 11468 11467
f 9516 9511 9512
f 11468 11464 11463
f 9511 9516 9637
f 11463 9637 11468
f 9637 9636 9511
f 9637 11463 9636
f 9634 9518 9517
f 9634 11469 9518
f 9517 9506 9634
f 11469 9634 11458
f 9506 9517 9519
f 11458 11470 11469
f 9519 9505 9506
f 11470 11458 11457
f 9505 9519 9513
f 11457 11465 11470
f 9513 9502 9505
f 11465 11457 11454
f 9516 9515 9514
f 11468 11466 11467
f 9514 9513 9516
f 11466 11468 11465
f 9516 9520 9638
f 11468 9638 11471
f 9638 9637 9516
f 9638 11468 9637
f 9519 9517 9781
f 11470 11659 11469
f 9781 9520 9519
f 11659 11470 11471
f 9076 9077 9134
f 11028 11086 11029
f 9134 9089 9076
f 11086 11028 11041
f 9077 9079 9132
f 11029 11084 11031
f 9132 9134 9077
f 11084 11029 11086
f 9321 9501 8994
f 11273 10947 11453
f 8994 9319 9321
f 10947 11273 11271
f 9022 9624 8819
f 9022 10777 9624
f 8819 8821 9022
f 10777 9022 10779
f 8819 8437 8521
f 10777 10485 10401
f 8521 8821 8819
f 10485 10777 10779
f 9684 9665 9703
f 11567 11585 11548
f 9703 8959 9684
f 11585 11567 10913
f 8441 9521 8958
f 10405 10912 11472
f 8958 8959 8441
f 10912 10405 10913
f 8952 9683 8958
f 10909 10912 11566
f 8958 9522 8952
f 10912 10909 11473
f 8440 8441 8959
f 10404 10913 10405
f 8959 9703 8440
f 10913 10404 11585
f 9522 9018 8961
f 11473 10915 10971
f 8961 8952 9522
f 10915 11473 10909
f 8439 8952 8961
f 10403 10915 10909
f 8961 8438 8439
f 10915 10403 10402
f 9018 9522 8958
f 10971 10912 11473
f 8958 9521 9018
f 10912 10971 11472
f 8442 9018 9521
f 10406 11472 10971
f 9521 8441 8442
f 11472 10406 10405
f 7793 8698 8708
f 7793 10671 10661
f 8708 8957 7793
f 10671 7793 8957
f 8895 8956 9640
f 10853 9640 10911
f 9640 9641 8895
f 9640 10853 9641
f 8334 8305 8306
f 10299 10271 10270
f 8306 8573 8334
f 10271 10299 10537
f 8303 8293 8294
f 10268 10259 10258
f 8294 8306 8303
f 10259 10268 10271
f 8333 8334 8573
f 10298 10537 10299
f 8573 8572 8333
f 10537 10298 10536
f 8299 7926 7927
f 10264 9902 9901
f 7927 8298 8299
f 9902 10264 10263
f 8300 8146 7926
f 10265 9901 10113
f 7926 8299 8300
f 9901 10265 10264
f 7981 7982 8289
f 9955 10254 9956
f 8289 8298 7981
f 10254 9955 10263
f 8844 8146 8300
f 10802 10265 10113
f 8300 8301 8844
f 10265 10802 10266
f 8296 8331 8332
f 10261 10297 10296
f 8332 8572 8296
f 10297 10261 10536
f 8572 8332 9021
f 10536 10974 10297
f 9021 8333 8572
f 10974 10536 10298
f 9117 9119 9141
f 11069 11093 11071
f 9141 9143 9117
f 11093 11069 11095
f 9141 9119 9121
f 11093 11073 11071
f 9121 9139 9141
f 11073 11093 11091
f 9524 9523 9526
f 11475 11477 11474
f 9526 9525 9524
f 11477 11475 11476
f 9528 9527 9523
f 11479 11474 11478
f 9523 9524 9528
f 11474 11479 11475
f 9530 9529 9527
f 11481 11478 11480
f 9527 9528 9530
f 11478 11481 11479
f 9531 9529 9530
f 11482 11481 11480
f 9530 9532 9531
f 11481 11482 11483
f 9533 9531 9532
f 11484 11483 11482
f 9532 9534 9533
f 11483 11484 11485
f 9535 9533 9534
f 11486 11485 11484
f 9534 9536 9535
f 11485 11486 11487
f 9537 9535 9536
f 11488 11487 11486
f 9536 9538 9537
f 11487 11488 11489
f 9540 9539 9537
f 11491 11488 11490
f 9537 9538 9540
f 11488 11491 11489
f 9542 9541 9539
f 11493 11490 11492
f 9539 9540 9542
f 11490 11493 11491
f 9543 9541 9542
f 11494 11493 11492
f 9542 9544 9543
f 11493 11494 11495
f 9545 9548 9547
f 11496 11498 11499
f 9547 9546 9545
f 11498 11496 11497
f 9549 9552 9551
f 11500 11502 11503
f 9551 9550 9549
f 11502 11500 11501
f 9553 9549 9550
f 11504 11501 11500
f 9550 9554 9553
f 11501 11504 11505
f 9556 9555 9553
f 11507 11504 11506
f 9553 9554 9556
f 11504 11507 11505
f 9558 9557 9555
f 11509 11506 11508
f 9555 9556 9558
f 11506 11509 11507
f 9560 9559 9557
f 11511 11508 11510
f 9557 9558 9560
f 11508 11511 11509
f 9562 9561 9559
f 11513 11510 11512
f 9559 9560 9562
f 11510 11513 11511
f 9563 9561 9562
f 11514 11513 11512
f 9562 9564 9563
f 11513 11514 11515
f 9565 9563 9564
f 11516 11515 11514
f 9564 9566 9565
f 11515 11516 11517
f 9567 9565 9566
f 11518 11517 11516
f 9566 9568 9567
f 11517 11518 11519
f 9570 9569 9567
f 11521 11518 11520
f 9567 9568 9570
f 11518 11521 11519
f 9526 9569 9570
f 11477 11521 11520
f 9570 9525 9526
f 11521 11477 11476
f 9547 9548 9543
f 11498 11494 11499
f 9543 9544 9547
f 11494 11498 11495
f 9551 9552 9545
f 11502 11496 11503
f 9545 9546 9551
f 11496 11502 11497
f 9536 9524 9525
f 11487 11476 11475
f 9525 9538 9536
f 11476 11487 11489
f 9556 9554 9568
f 11507 11519 11505
f 9568 9566 9556
f 11519 11507 11517
f 9099 9052 9051
f 11051 11003 11004
f 9051 9097 9099
f 11003 11051 11049
f 9524 9536 9534
f 11475 11485 11487
f 9534 9528 9524
f 11485 11475 11479
f 9528 9534 9532
f 11479 11483 11485
f 9532 9530 9528
f 11483 11479 11481
f 9558 9556 9566
f 11509 11517 11507
f 9566 9564 9558
f 11517 11509 11515
f 9560 9558 9564
f 11511 11515 11509
f 9564 9562 9560
f 11515 11511 11513
f 9321 9276 8158
f 11273 10125 11228
f 8158 9501 9321
f 10125 11273 11453
f 9732 9471 9493
f 11614 11445 11423
f 9493 9734 9732
f 11445 11614 11616
f 9733 9738 9485
f 11615 11437 11620
f 9485 9731 9733
f 11437 11615 11613
f 8329 8884 8313
f 10294 10278 10842
f 8313 9572 8329
f 10278 10294 11523
f 8313 8314 9573
f 10278 11524 10279
f 9573 9572 8313
f 11524 10278 11523
f 9574 8286 8316
f 11525 10281 10251
f 8316 9573 9574
f 10281 11525 11524
f 8287 8297 8286
f 10252 10251 10262
f 8286 9574 8287
f 10251 10252 11525
f 8273 8468 8287
f 10238 10252 10432
f 8287 8272 8273
f 10252 10238 10237
f 8602 8915 8912
f 10566 10870 10873
f 8912 8603 8602
f 10870 10566 10567
f 8205 8583 8603
f 10171 10567 10547
f 8603 8912 8205
f 10567 10171 10870
f 8957 8708 8895
f 8957 10853 10671
f 8895 9641 8957
f 10853 8957 9641
f 9621 9620 9588
f 9621 9588 11526
f 9588 9620 9635
f 9588 9635 11526
f 9652 9651 9650
f 11535 11533 11534
f 9650 9653 9652
f 11533 11535 11536
f 9699 9654 9651
f 11581 11534 11537
f 9651 9652 9699
f 11534 11581 11535
f 9655 8785 8784
f 11538 10742 10743
f 8784 9656 9655
f 10742 11538 11539
f 9659 9652 9653
f 11542 11536 11535
f 9653 9660 9659
f 11536 11542 11543
f 9699 9652 9659
f 11581 11542 11535
f 9659 9661 9699
f 11542 11581 11544
f 9661 9663 9662
f 11544 11545 11546
f 9662 9699 9661
f 11545 11544 11581
f 9701 9664 9660
f 11583 11543 11547
f 9660 9653 9701
f 11543 11583 11536
f 9665 9662 9663
f 11548 11546 11545
f 9663 9666 9665
f 11546 11548 11549
f 9670 9669 9668
f 11553 11551 11552
f 9668 9667 9670
f 11551 11553 11550
f 9674 9673 9672
f 11557 11555 11556
f 9672 9671 9674
f 11555 11557 11554
f 9675 9676 9674
f 11558 11557 11559
f 9674 9671 9675
f 11557 11558 11554
f 9677 9680 9679
f 11560 11562 11563
f 9679 9678 9677
f 11562 11560 11561
f 9656 8784 9702
f 11539 11584 10742
f 9702 9681 9656
f 11584 11539 11564
f 9655 9682 9675
f 11538 11558 11565
f 9675 9664 9655
f 11558 11538 11547
f 9685 9684 9683
f 11568 11566 11567
f 9683 9648 9685
f 11566 11568 11532
f 9686 8440 9703
f 11569 11585 10404
f 9703 9687 9686
f 11585 11569 11570
f 9688 9681 9702
f 11571 11584 11564
f 9702 9700 9688
f 11584 11571 11582
f 9686 9688 9700
f 11569 11582 11571
f 9700 8440 9686
f 11582 11569 10404
f 9690 9689 9670
f 11573 11553 11572
f 9670 9667 9690
f 11553 11573 11550
f 9682 9655 9656
f 11565 11539 11538
f 9656 9691 9682
f 11539 11565 11574
f 9672 9659 9660
f 11555 11543 11542
f 9660 9671 9672
f 11543 11555 11554
f 9661 9659 9672
f 11544 11555 11542
f 9672 9692 9661
f 11555 11544 11575
f 9692 9677 9663
f 11575 11546 11560
f 9663 9661 9692
f 11546 11575 11544
f 9666 9663 9677
f 11549 11560 11546
f 9677 9678 9666
f 11560 11549 11561
f 9691 9656 9681
f 11574 11564 11539
f 9681 9668 9691
f 11564 11574 11551
f 8785 9655 9664
f 10743 11547 11538
f 9664 9701 8785
f 11547 10743 11583
f 9678 9693 9687
f 11561 11570 11576
f 9687 9666 9678
f 11570 11561 11549
f 9688 9667 9668
f 11571 11551 11550
f 9668 9681 9688
f 11551 11571 11564
f 9688 9686 9690
f 11571 11573 11569
f 9690 9667 9688
f 11573 11571 11550
f 9664 9675 9671
f 11547 11554 11558
f 9671 9660 9664
f 11554 11547 11543
f 9682 9694 9676
f 11565 11559 11577
f 9676 9675 9682
f 11559 11565 11558
f 9691 9695 9694
f 11574 11577 11578
f 9694 9682 9691
f 11577 11574 11565
f 9673 9696 9692
f 11556 11575 11579
f 9692 9672 9673
f 11575 11556 11555
f 9696 9680 9677
f 11579 11560 11563
f 9677 9692 9696
f 11560 11579 11575
f 9679 9697 9693
f 11562 11576 11580
f 9693 9678 9679
f 11576 11562 11561
f 9691 9668 9669
f 11574 11552 11551
f 9669 9695 9691
f 11552 11574 11578
f 9697 9669 9670
f 11580 11553 11552
f 9670 9689 9697
f 11553 11580 11572
f 9680 9694 9695
f 11563 11578 11577
f 9695 9679 9680
f 11578 11563 11562
f 9674 9676 9696
f 11557 11579 11559
f 9696 9673 9674
f 11579 11557 11556
f 9654 9699 9662
f 11537 11545 11581
f 9662 9685 9654
f 11545 11537 11568
f 9685 9662 9665
f 11568 11548 11545
f 9665 9684 9685
f 11548 11568 11567
f 9654 9685 9648
f 11537 11532 11568
f 9648 9657 9654
f 11532 11537 11540
f 9703 9665 9666
f 11585 11549 11548
f 9666 9687 9703
f 11549 11585 11570
f 9651 9654 9657
f 11534 11540 11537
f 9657 9658 9651
f 11540 11534 11541
f 9642 9650 9651
f 9642 11534 11533
f 9651 9698 9642
f 11534 9642 9698
f 9696 9676 9694
f 11579 11577 11559
f 9694 9680 9696
f 11577 11579 11563
f 9689 9690 9693
f 11572 11576 11573
f 9693 9697 9689
f 11576 11572 11580
f 9690 9686 9687
f 11573 11570 11569
f 9687 9693 9690
f 11570 11573 11576
f 9679 9695 9669
f 11562 11552 11578
f 9669 9697 9679
f 11552 11562 11580
f 9698 9651 9658
f 9698 11541 11534
f 9658 9649 9698
f 11541 9698 9649
f 9705 8902 8901
f 11587 10859 10860
f 8901 9704 9705
f 10859 11587 11586
f 9704 8901 9038
f 11586 10990 10859
f 9038 9036 9704
f 10990 11586 10988
f 9707 8904 8588
f 11589 10552 10862
f 8588 9706 9707
f 10552 11589 11588
f 9707 8192 8905
f 11589 10863 10158
f 8905 8904 9707
f 10863 11589 10862
f 9709 9776 9766
f 11591 11644 11654
f 9766 9708 9709
f 11644 11591 11590
f 9772 9776 9709
f 11650 11591 11654
f 9709 9497 9772
f 11591 11650 11449
f 8998 8620 9710
f 10951 11592 10584
f 9710 9711 8998
f 11592 10951 11593
f 9711 9767 9775
f 11593 11653 11645
f 9775 8998 9711
f 11653 11593 10951
f 9712 8989 8898
f 11594 10856 10942
f 8898 9715 9712
f 10856 11594 11597
f 8158 8157 9749
f 10125 11627 10124
f 9749 9777 8158
f 11627 10125 11655
f 9713 9712 9715
f 11595 11597 11594
f 9715 9714 9713
f 11597 11595 11596
f 8998 9713 9714
f 10951 11596 11595
f 9714 8619 8998
f 11596 10951 10583
f 8348 9717 9716
f 10313 11598 11599
f 9716 8347 8348
f 11598 10313 10312
f 8348 8627 8355
f 10313 10320 10591
f 8355 9717 8348
f 10320 10313 11599
f 9717 8355 8048
f 11599 10016 10320
f 8048 9716 9717
f 10016 11599 11598
f 8355 8627 8345
f 10320 10310 10591
f 8345 9718 8355
f 10310 10320 11600
f 8342 8628 8354
f 10307 10319 10592
f 8354 9719 8342
f 10319 10307 11601
f 9719 9721 9720
f 11601 11602 11603
f 9720 9718 9719
f 11602 11601 11600
f 9719 8354 8050
f 11601 10018 10319
f 8050 9721 9719
f 10018 11601 11603
f 9721 8050 8045
f 11603 10013 10018
f 8045 9720 9721
f 10013 11603 11602
f 9571 9722 9725
f 11522 11607 11604
f 9725 9723 9571
f 11607 11522 11605
f 9727 9525 9570
f 11609 11521 11476
f 9570 9729 9727
f 11521 11609 11611
f 9728 9568 9554
f 11610 11505 11519
f 9554 9724 9728
f 11505 11610 11606
f 9571 9724 9726
f 11522 11608 11606
f 9726 9722 9571
f 11608 11522 11604
f 9722 9547 9544
f 11604 11495 11498
f 9544 9725 9722
f 11495 11604 11607
f 9551 9546 9726
f 11502 11608 11497
f 9726 9550 9551
f 11608 11502 11501
f 9540 9538 9723
f 11491 11605 11489
f 9723 9725 9540
f 11605 11491 11607
f 9724 9554 9550
f 11606 11501 11505
f 9550 9726 9724
f 11501 11606 11608
f 9542 9540 9725
f 11493 11607 11491
f 9725 9544 9542
f 11607 11493 11495
f 9546 9547 9722
f 11497 11604 11498
f 9722 9726 9546
f 11604 11497 11608
f 9723 9538 9525
f 11605 11476 11489
f 9525 9727 9723
f 11476 11605 11609
f 9729 9570 9568
f 11611 11519 11521
f 9568 9728 9729
f 11519 11611 11610
f 9728 9724 9571
f 11610 11522 11606
f 9571 9729 9728
f 11522 11610 11611
f 9571 9723 9727
f 11522 11609 11605
f 9727 9729 9571
f 11609 11522 11611
f 9484 9481 9735
f 11436 11617 11433
f 9735 9731 9484
f 11617 11436 11613
f 9730 9494 9736
f 11612 11618 11446
f 9736 9737 9730
f 11618 11612 11619
f 9493 9492 9733
f 11445 11615 11444
f 9733 9734 9493
f 11615 11445 11616
f 9733 9731 9494
f 11615 11446 11613
f 9494 9734 9733
f 11446 11615 11616
f 9732 9734 9494
f 11614 11446 11616
f 9494 9730 9732
f 11446 11614 11612
f 9480 9479 9730
f 11432 11612 11431
f 9730 9737 9480
f 11612 11432 11619
f 9494 9731 9735
f 11446 11617 11613
f 9735 9736 9494
f 11617 11446 11618
f 9482 9736 9735
f 11434 11617 11618
f 9735 9481 9482
f 11617 11434 11433
f 9736 9482 9480
f 11618 11432 11434
f 9480 9737 9736
f 11432 11618 11619
f 9495 9470 9471
f 11447 11423 11422
f 9471 9732 9495
f 11423 11447 11614
f 9738 9733 9492
f 11620 11444 11615
f 9492 9491 9738
f 11444 11620 11443
f 9738 9489 9488
f 11620 11440 11441
f 9488 9487 9738
f 11440 11620 11439
f 9738 9491 9490
f 11620 11442 11443
f 9490 9489 9738
f 11442 11620 11441
f 8885 8883 8884
f 10843 10842 10841
f 8884 8284 8885
f 10842 10843 10249
f 9742 8251 8252
f 11622 10217 10216
f 8252 9741 9742
f 10217 11622 11621
f 9741 8252 8509
f 11621 10473 10217
f 8509 9743 9741
f 10473 11621 11623
f 9745 9744 9739
f 11624 9739 9744
f 9739 9742 9745
f 9739 11624 11622
f 9743 8509 7803
f 11623 7803 10473
f 7803 9740 9743
f 7803 11623 9740
f 9745 9742 9741
f 11624 11621 11622
f 9741 9747 9745
f 11621 11624 11625
f 9747 9741 9743
f 11625 11623 11621
f 9743 9748 9747
f 11623 11625 11626
f 9748 9743 9740
f 11626 9740 11623
f 9740 9746 9748
f 9740 11626 9746
f 8253 7804 9744
f 10218 9744 7804
f 9744 9745 8253
f 9744 10218 11624
f 9751 8341 8340
f 11629 10305 10306
f 8340 9750 9751
f 10305 11629 11628
f 8631 8630 9752
f 10595 11630 10594
f 9752 9753 8631
f 11630 10595 11631
f 8635 8634 9754
f 10599 11632 10598
f 9754 9755 8635
f 11632 10599 11633
f 8638 8637 9756
f 10602 11634 10601
f 9756 9757 8638
f 11634 10602 11635
f 9759 8644 8643
f 11637 10607 10608
f 8643 9758 9759
f 10607 11637 11636
f 9754 8634 8908
f 11632 10866 10598
f 8908 9760 9754
f 10866 11632 11638
f 8643 8909 9761
f 10607 11639 10867
f 9761 9758 8643
f 11639 10607 11636
f 9752 8630 8910
f 11630 10868 10594
f 8910 9762 9752
f 10868 11630 11640
f 8987 8986 9763
f 10940 11641 10939
f 9763 9764 8987
f 11641 10940 11642
f 8988 8636 9756
f 10941 11634 10600
f 9756 9765 8988
f 11634 10941 11643
f 9767 9711 9710
f 11645 11592 11593
f 9710 9778 9767
f 11592 11645 11656
f 9769 8623 8624
f 11647 10588 10587
f 8624 9768 9769
f 10588 11647 11646
f 9016 8644 9759
f 10969 11637 10608
f 9759 9770 9016
f 11637 10969 11648
f 8595 8596 9762
f 10559 11640 10560
f 9762 9771 8595
f 11640 10559 11649
f 8908 8631 9753
f 10866 11631 10595
f 9753 9760 8908
f 11631 10866 11638
f 8909 8635 9755
f 10867 11633 10599
f 9755 9761 8909
f 11633 10867 11639
f 9763 8986 9016
f 11641 10969 10939
f 9016 9770 9763
f 10969 11641 11648
f 9750 8340 9498
f 11628 11450 10305
f 9498 9772 9750
f 11450 11628 11650
f 8338 8595 9771
f 10303 11649 10559
f 9771 9751 8338
f 11649 10303 11629
f 9768 8624 8337
f 11646 10302 10588
f 8337 9773 9768
f 10302 11646 11651
f 9769 8996 9500
f 11647 11452 10949
f 9500 9774 9769
f 11452 11647 11652
f 9710 8620 9774
f 11592 11652 10584
f 9774 9778 9710
f 11652 11592 11656
f 8157 8988 9765
f 10124 11643 10941
f 9765 9749 8157
f 11643 10124 11627
f 9713 8998 9775
f 11595 11653 10951
f 9775 9777 9713
f 11653 11595 11655
f 8639 8987 9764
f 10603 11642 10940
f 9764 9757 8639
f 11642 10603 11635
f 9773 8337 9708
f 11651 11590 10302
f 9708 9766 9773
f 11590 11651 11644
f 9776 8993 8992
f 11654 10945 10946
f 8992 9766 9776
f 10945 11654 11644
f 9772 9498 8993
f 11650 10946 11450
f 8993 9776 9772
f 10946 11650 11654
f 9767 8994 9501
f 11645 11453 10947
f 9501 9775 9767
f 11453 11645 11653
f 9712 9713 9777
f 11594 11655 11595
f 9777 9749 9712
f 11655 11594 11627
f 9502 9507 9780
f 11454 11658 11459
f 9780 9779 9502
f 11658 11454 11657
f 9513 9519 9520
f 11465 11471 11470
f 9520 9516 9513
f 11471 11465 11468
f 9638 9520 9781
f 9638 11659 11471
f 9781 9782 9638
f 11659 9638 9782
f 9518 9782 9781
f 9518 11659 9782
f 9781 9517 9518
f 11659 9518 11469
f 9784 9030 9035
f 11661 10987 10982
f 9035 9783 9784
f 10987 11661 11660
f 9784 8402 9032
f 11661 10984 10366
f 9032 9030 9784
f 10984 11661 10982
f 9785 9035 9030
f 11662 10982 10987
f 9030 9786 9785
f 10982 11662 11663
f 8448 8449 9787
f 10412 11664 10413
f 9787 9788 8448
f 11664 10412 11665
f 8586 8587 9790
f 10550 11667 10551
f 9790 9789 8586
f 11667 10550 11666
f 8868 8874 8867
f 10826 10825 10832
f 8861 8878 8868
f 10819 10826 10836
f 8871 8860 8861
f 10829 10819 10818
f 8868 8871 8861
f 10826 10819 10829
f 8860 8871 8869
f 10818 10827 10829
f 8873 8860 8872
f 10831 10830 10818
f 8872 8860 8869
f 10830 10827 10818
f 8865 8868 8876
f 10823 10834 10826
f 8862 8876 8878
f 10820 10836 10834
f 8878 8877 8863
f 10836 10821 10835
f 8864 8865 8876
f 10822 10834 10823
f 8874 8866 8867
f 10832 10825 10824
f 8865 8874 8868
f 10823 10826 10832
f 8878 8876 8868
f 10836 10826 10834
f 8878 8863 8862
f 10836 10820 10821

